group,trial,edge_a,edge_b,primary_cluster,primary_type,primary_membership,secondary_types,secondary_count,membership_entropy,usage_pattern
固定射影,1,1,443,2,晴れ中心型,0.8895567750049783,,0,0.24765691702417203,0100000000
固定射影,1,1,512,2,晴れ中心型,0.8895567750049783,,0,0.24765691702417203,0100000000
固定射影,1,2,556,2,晴れ中心型,0.8895567750049783,,0,0.24765691702417203,0100000000
固定射影,1,4,429,0,混合補助型,0.5334210377259181,,0,0.7150420391654237,0000000010
固定射影,1,4,554,0,混合補助型,0.5334210377259181,,0,0.7150420391654237,0000000010
固定射影,1,22,66,5,橋渡し型,0.8558638561693717,,0,0.32103509218979137,1001010010
固定射影,1,22,536,5,橋渡し型,0.736354677639561,,0,0.4877619632711612,1111010010
固定射影,1,24,205,3,雨中心型,0.5801252736105992,,0,0.6589980935684338,0001100000
固定射影,1,24,243,3,雨中心型,0.8433181123352919,,0,0.31641010500305455,0000100000
固定射影,1,26,561,2,晴れ中心型,0.8895567750049783,,0,0.24765691702417203,0100000000
固定射影,1,31,291,4,雨中心型,0.832149485861438,,0,0.3413081284090005,0001010100
固定射影,1,33,121,6,晴れ中心型,0.30420761411722774,混合補助型,1,0.8772317258876049,1000001000
固定射影,1,33,463,0,混合補助型,0.438085712033323,,0,0.8094361486422175,1000000000
固定射影,1,36,349,0,混合補助型,0.3857787786692008,,0,0.8780415852434685,0000001010
固定射影,1,42,529,0,混合補助型,0.3976378328690205,,0,0.7879769253943569,0000010000
固定射影,1,43,357,3,雨中心型,0.8433181123352919,,0,0.31641010500305455,0000100000
固定射影,1,45,58,0,混合補助型,0.5334210377259181,,0,0.7150420391654237,0000000010
固定射影,1,45,312,0,混合補助型,0.35907983697487655,,0,0.8787725975667315,1000000010
固定射影,1,46,365,4,雨中心型,0.7765432924742488,,0,0.42994490861492773,0101110100
固定射影,1,49,375,1,雨中心型,0.5982148066419891,,0,0.6112917508822121,0000000100
固定射影,1,49,378,1,雨中心型,0.5982148066419891,,0,0.6112917508822121,0000000100
固定射影,1,61,313,3,雨中心型,0.8433181123352919,,0,0.31641010500305455,0000100000
固定射影,1,61,540,1,雨中心型,0.4552469332852156,雨中心型,1,0.6748126190926165,0001100100
固定射影,1,66,216,5,橋渡し型,0.8558638561693717,,0,0.32103509218979137,1001010010
固定射影,1,69,560,2,晴れ中心型,0.8895567750049783,,0,0.24765691702417203,0100000000
固定射影,1,70,203,0,混合補助型,0.46425075484350903,,0,0.7687369805678574,0010000000
固定射影,1,76,78,0,混合補助型,0.3976378328690205,,0,0.7879769253943569,0000010000
固定射影,1,76,551,0,混合補助型,0.3976378328690205,,0,0.7879769253943569,0000010000
固定射影,1,78,551,0,混合補助型,0.3976378328690205,,0,0.7879769253943569,0000010000
固定射影,1,79,575,2,晴れ中心型,0.8895567750049783,,0,0.24765691702417203,0100000000
固定射影,1,80,145,0,混合補助型,0.46425075484350903,,0,0.7687369805678574,0010000000
固定射影,1,81,399,6,晴れ中心型,0.938192096973069,,0,0.1632844831034402,1110001000
固定射影,1,81,511,6,晴れ中心型,0.938192096973069,,0,0.1632844831034402,1110001000
固定射影,1,83,177,4,雨中心型,0.5092950188448992,,0,0.7346173734981689,0001010000
固定射影,1,83,269,4,雨中心型,0.5092950188448992,,0,0.7346173734981689,0001010000
固定射影,1,84,277,5,橋渡し型,0.5359855941982977,晴れ中心型,1,0.4911102744175733,1011011010
固定射影,1,84,492,5,橋渡し型,0.5359855941982977,晴れ中心型,1,0.4911102744175733,1011011010
固定射影,1,101,551,0,混合補助型,0.3976378328690205,,0,0.7879769253943569,0000010000
固定射影,1,119,341,2,晴れ中心型,0.8895567750049783,,0,0.24765691702417203,0100000000
固定射影,1,119,556,2,晴れ中心型,0.8895567750049783,,0,0.24765691702417203,0100000000
固定射影,1,121,381,0,混合補助型,0.38195399408822006,,0,0.8450500197644822,1000001001
固定射影,1,126,372,2,晴れ中心型,0.37449457544137654,,0,0.8427097311795441,1100000010
固定射影,1,131,305,4,雨中心型,0.7765432924742488,,0,0.42994490861492773,0101110100
固定射影,1,131,343,4,雨中心型,0.7765432924742488,,0,0.42994490861492773,0101110100
固定射影,1,136,489,3,雨中心型,0.8433181123352919,,0,0.31641010500305455,0000100000
固定射影,1,139,174,1,雨中心型,0.4655121641994134,雨中心型,1,0.6937067111585722,0001000100
固定射影,1,139,257,1,雨中心型,0.4655121641994134,雨中心型,1,0.6937067111585722,0001000100
固定射影,1,140,473,4,雨中心型,0.832149485861438,,0,0.3413081284090005,0001010100
固定射影,1,140,506,4,雨中心型,0.832149485861438,,0,0.3413081284090005,0001010100
固定射影,1,141,374,2,晴れ中心型,0.8895567750049783,,0,0.24765691702417203,0100000000
固定射影,1,141,560,2,晴れ中心型,0.8895567750049783,,0,0.24765691702417203,0100000000
固定射影,1,142,196,0,混合補助型,0.5334210377259181,,0,0.7150420391654237,0000000010
固定射影,1,142,335,0,混合補助型,0.41743462330930803,,0,0.8077668639434423,0000001000
固定射影,1,144,148,5,橋渡し型,0.8558638561693717,,0,0.32103509218979137,1001010010
固定射影,1,144,355,5,橋渡し型,0.8558638561693717,,0,0.32103509218979137,1001010010
固定射影,1,145,348,0,混合補助型,0.46425075484350903,,0,0.7687369805678574,0010000000
固定射影,1,148,536,5,橋渡し型,0.736354677639561,,0,0.4877619632711612,1111010010
固定射影,1,160,225,0,混合補助型,0.6881617047696169,,0,0.5288234488393082,0000000001
固定射影,1,160,490,0,混合補助型,0.6881617047696169,,0,0.5288234488393082,0000000001
固定射影,1,161,446,0,混合補助型,0.5334210377259181,,0,0.7150420391654237,0000000010
固定射影,1,163,254,4,雨中心型,0.47574605886488697,,0,0.7208367441227936,0100110100
固定射影,1,164,354,6,晴れ中心型,0.938192096973069,,0,0.1632844831034402,1110001000
固定射影,1,164,399,6,晴れ中心型,0.938192096973069,,0,0.1632844831034402,1110001000
固定射影,1,168,312,0,混合補助型,0.35907983697487655,,0,0.8787725975667315,1000000010
固定射影,1,168,525,0,混合補助型,0.5334210377259181,,0,0.7150420391654237,0000000010
固定射影,1,169,393,0,混合補助型,0.3857787786692008,,0,0.8780415852434685,0000001010
固定射影,1,169,545,6,晴れ中心型,0.7320751058875278,,0,0.45607975869005724,1110001010
固定射影,1,172,304,1,雨中心型,0.6486058531861584,,0,0.567877074955369,0010100100
固定射影,1,172,382,1,雨中心型,0.6486058531861584,,0,0.567877074955369,0010100100
固定射影,1,177,269,4,雨中心型,0.5092950188448992,,0,0.7346173734981689,0001010000
固定射影,1,179,512,2,晴れ中心型,0.8895567750049783,,0,0.24765691702417203,0100000000
固定射影,1,179,559,2,晴れ中心型,0.8895567750049783,,0,0.24765691702417203,0100000000
固定射影,1,190,287,0,混合補助型,0.6881617047696169,,0,0.5288234488393082,0000000001
固定射影,1,193,323,0,混合補助型,0.6881617047696169,,0,0.5288234488393082,0000000001
固定射影,1,196,197,0,混合補助型,0.5334210377259181,,0,0.7150420391654237,0000000010
固定射影,1,201,224,7,晴れ中心型,0.9413830162740482,,0,0.1425813039486704,1011001010
固定射影,1,201,235,7,晴れ中心型,0.9413830162740482,,0,0.1425813039486704,1011001010
固定射影,1,201,572,7,晴れ中心型,0.9413830162740482,,0,0.1425813039486704,1011001010
固定射影,1,203,213,0,混合補助型,0.46425075484350903,,0,0.7687369805678574,0010000000
固定射影,1,205,373,3,雨中心型,0.5801252736105992,,0,0.6589980935684338,0001100000
固定射影,1,208,583,0,混合補助型,0.46425075484350903,,0,0.7687369805678574,0010000000
固定射影,1,212,224,7,晴れ中心型,0.9413830162740482,,0,0.1425813039486704,1011001010
固定射影,1,212,509,7,晴れ中心型,0.9413830162740482,,0,0.1425813039486704,1011001010
固定射影,1,213,552,0,混合補助型,0.5877998788798874,,0,0.6720519817065527,0010000001
固定射影,1,216,514,5,橋渡し型,0.4883291975261208,,0,0.7528318342417484,1001000010
固定射影,1,218,364,0,混合補助型,0.46425075484350903,,0,0.7687369805678574,0010000000
固定射影,1,218,496,1,雨中心型,0.5817607679653921,,0,0.6833125072805146,0010001100
固定射影,1,219,568,0,混合補助型,0.6881617047696169,,0,0.5288234488393082,0000000001
固定射影,1,226,230,2,晴れ中心型,0.8895567750049783,,0,0.24765691702417203,0100000000
固定射影,1,230,426,2,晴れ中心型,0.8895567750049783,,0,0.24765691702417203,0100000000
固定射影,1,235,362,7,晴れ中心型,0.9413830162740482,,0,0.1425813039486704,1011001010
固定射影,1,237,534,0,混合補助型,0.6881617047696169,,0,0.5288234488393082,0000000001
固定射影,1,241,483,7,晴れ中心型,0.9413830162740482,,0,0.1425813039486704,1011001010
固定射影,1,241,572,7,晴れ中心型,0.9413830162740482,,0,0.1425813039486704,1011001010
固定射影,1,254,343,4,雨中心型,0.7765432924742488,,0,0.42994490861492773,0101110100
固定射影,1,257,541,1,雨中心型,0.4552469332852156,雨中心型,1,0.6748126190926165,0001100100
固定射影,1,271,362,7,晴れ中心型,0.6125110341174659,,0,0.53916755644647,1111001010
固定射影,1,273,500,0,混合補助型,0.6881617047696169,,0,0.5288234488393082,0000000001
固定射影,1,277,492,5,橋渡し型,0.5359855941982977,晴れ中心型,1,0.4911102744175733,1011011010
固定射影,1,287,491,0,混合補助型,0.6881617047696169,,0,0.5288234488393082,0000000001
固定射影,1,291,473,4,雨中心型,0.832149485861438,,0,0.3413081284090005,0001010100
固定射影,1,292,506,4,雨中心型,0.832149485861438,,0,0.3413081284090005,0001010100
固定射影,1,292,515,4,雨中心型,0.832149485861438,,0,0.3413081284090005,0001010100
固定射影,1,295,335,0,混合補助型,0.41743462330930803,,0,0.8077668639434423,0000001000
固定射影,1,298,354,6,晴れ中心型,0.938192096973069,,0,0.1632844831034402,1110001000
固定射影,1,301,382,1,雨中心型,0.6486058531861584,,0,0.567877074955369,0010100100
固定射影,1,301,396,1,雨中心型,0.6486058531861584,,0,0.567877074955369,0010100100
固定射影,1,302,461,7,晴れ中心型,0.9413830162740482,,0,0.1425813039486704,1011001010
固定射影,1,304,382,1,雨中心型,0.6486058531861584,,0,0.567877074955369,0010100100
固定射影,1,305,365,4,雨中心型,0.7765432924742488,,0,0.42994490861492773,0101110100
固定射影,1,308,485,3,雨中心型,0.8433181123352919,,0,0.31641010500305455,0000100000
固定射影,1,308,490,3,雨中心型,0.5504929092512008,混合補助型,1,0.6091614102287404,0000100001
固定射影,1,311,420,1,雨中心型,0.5853843957613032,,0,0.6624612453340756,0000001100
固定射影,1,313,469,3,雨中心型,0.8433181123352919,,0,0.31641010500305455,0000100000
固定射影,1,316,323,0,混合補助型,0.6881617047696169,,0,0.5288234488393082,0000000001
固定射影,1,318,511,6,晴れ中心型,0.938192096973069,,0,0.1632844831034402,1110001000
固定射影,1,341,556,2,晴れ中心型,0.8895567750049783,,0,0.24765691702417203,0100000000
固定射影,1,349,545,6,晴れ中心型,0.7320751058875278,,0,0.45607975869005724,1110001010
固定射影,1,369,409,1,雨中心型,0.4552938883607329,,0,0.7824091038043427,1000000100
固定射影,1,369,550,1,雨中心型,0.4552938883607329,,0,0.7824091038043427,1000000100
固定射影,1,372,561,2,晴れ中心型,0.37449457544137654,,0,0.8427097311795441,1100000010
固定射影,1,374,560,2,晴れ中心型,0.8895567750049783,,0,0.24765691702417203,0100000000
固定射影,1,381,502,0,混合補助型,0.5609072091273836,,0,0.7118425513488744,1000000001
固定射影,1,383,420,1,雨中心型,0.5853843957613032,,0,0.6624612453340756,0000001100
固定射影,1,393,439,0,混合補助型,0.6881617047696169,,0,0.5288234488393082,0000000001
固定射影,1,395,400,3,雨中心型,0.8433181123352919,,0,0.31641010500305455,0000100000
固定射影,1,395,479,3,雨中心型,0.8433181123352919,,0,0.31641010500305455,0000100000
固定射影,1,400,479,3,雨中心型,0.8433181123352919,,0,0.31641010500305455,0000100000
固定射影,1,405,489,3,雨中心型,0.8433181123352919,,0,0.31641010500305455,0000100000
固定射影,1,405,587,3,雨中心型,0.6196310063082768,,0,0.6007103052357904,0000110000
固定射影,1,407,444,0,混合補助型,0.3976378328690205,,0,0.7879769253943569,0000010000
固定射影,1,407,486,4,雨中心型,0.46623821324612597,雨中心型,1,0.6991557030807832,0000010100
固定射影,1,409,422,0,混合補助型,0.438085712033323,,0,0.8094361486422175,1000000000
固定射影,1,418,500,0,混合補助型,0.6881617047696169,,0,0.5288234488393082,0000000001
固定射影,1,419,568,0,混合補助型,0.6881617047696169,,0,0.5288234488393082,0000000001
固定射影,1,426,565,2,晴れ中心型,0.8895567750049783,,0,0.24765691702417203,0100000000
固定射影,1,426,589,2,晴れ中心型,0.8895567750049783,,0,0.24765691702417203,0100000000
固定射影,1,439,552,0,混合補助型,0.5877998788798874,,0,0.6720519817065527,0010000001
固定射影,1,443,575,2,晴れ中心型,0.8895567750049783,,0,0.24765691702417203,0100000000
固定射影,1,444,486,4,雨中心型,0.46623821324612597,雨中心型,1,0.6991557030807832,0000010100
固定射影,1,461,509,7,晴れ中心型,0.9413830162740482,,0,0.1425813039486704,1011001010
固定射影,1,467,477,3,雨中心型,0.6196310063082768,,0,0.6007103052357904,0000110000
固定射影,1,477,587,3,雨中心型,0.6196310063082768,,0,0.6007103052357904,0000110000
固定射影,1,478,516,1,雨中心型,0.5853843957613032,,0,0.6624612453340756,0000001100
固定射影,1,492,529,0,混合補助型,0.3976378328690205,,0,0.7879769253943569,0000010000
固定射影,1,496,516,1,雨中心型,0.5817607679653921,,0,0.6833125072805146,0010001100
固定射影,1,502,525,0,混合補助型,0.6881617047696169,,0,0.5288234488393082,0000000001
固定射影,1,534,559,0,混合補助型,0.6881617047696169,,0,0.5288234488393082,0000000001
固定射影,1,540,541,1,雨中心型,0.4552469332852156,雨中心型,1,0.6748126190926165,0001100100
固定射影,1,543,583,0,混合補助型,0.46425075484350903,,0,0.7687369805678574,0010000000
固定射影,1,550,574,0,混合補助型,0.438085712033323,,0,0.8094361486422175,1000000000
固定射影,1,565,589,2,晴れ中心型,0.8895567750049783,,0,0.24765691702417203,0100000000
固定射影,2,1,443,3,晴れ中心型,0.910514381538323,,0,0.21865582512696827,0100000000
固定射影,2,1,512,3,晴れ中心型,0.910514381538323,,0,0.21865582512696827,0100000000
固定射影,2,2,556,3,晴れ中心型,0.910514381538323,,0,0.21865582512696827,0100000000
固定射影,2,4,429,4,橋渡し型,0.7881338662255047,,0,0.4205138577511035,0000000010
固定射影,2,4,554,4,橋渡し型,0.7881338662255047,,0,0.4205138577511035,0000000010
固定射影,2,22,66,2,晴れ中心型,0.5570311654036524,,0,0.6794030030838702,1001010010
固定射影,2,22,536,2,晴れ中心型,0.6633937310157152,,0,0.5913779244645092,1111010010
固定射影,2,24,205,0,混合補助型,0.4048687197161241,雨中心型,1,0.7901458229615306,0001100000
固定射影,2,24,243,0,混合補助型,0.6454832323709149,,0,0.6052257869249321,0000100000
固定射影,2,26,561,3,晴れ中心型,0.910514381538323,,0,0.21865582512696827,0100000000
固定射影,2,31,291,6,雨中心型,0.8649659973005683,,0,0.29904736993038605,0001010100
固定射影,2,33,121,5,晴れ中心型,0.37353911819202457,,0,0.8701757247943598,1000001000
固定射影,2,33,463,0,混合補助型,0.30213955657593716,,0,0.8904611856326772,1000000000
固定射影,2,36,349,4,橋渡し型,0.5041436112291864,,0,0.7269795661111053,0000001010
固定射影,2,42,529,0,混合補助型,0.4103512498173164,,0,0.8174567108277041,0000010000
固定射影,2,43,357,0,混合補助型,0.6454832323709149,,0,0.6052257869249321,0000100000
固定射影,2,45,58,4,橋渡し型,0.7881338662255047,,0,0.4205138577511035,0000000010
固定射影,2,45,312,4,橋渡し型,0.6885529284655302,,0,0.5697384870328751,1000000010
固定射影,2,46,365,6,雨中心型,0.8218199351608738,,0,0.3671932265043304,0101110100
固定射影,2,49,375,0,混合補助型,0.31616481577080185,晴れ中心型,1,0.8336493067397218,0000000100
固定射影,2,49,378,0,混合補助型,0.31616481577080185,晴れ中心型,1,0.8336493067397218,0000000100
固定射影,2,61,313,0,混合補助型,0.6454832323709149,,0,0.6052257869249321,0000100000
固定射影,2,61,540,6,雨中心型,0.5923502546429773,,0,0.6136906302938281,0001100100
固定射影,2,66,216,2,晴れ中心型,0.5570311654036524,,0,0.6794030030838702,1001010010
固定射影,2,69,560,3,晴れ中心型,0.910514381538323,,0,0.21865582512696827,0100000000
固定射影,2,70,203,0,混合補助型,0.4427434499559886,,0,0.8128367169644515,0010000000
固定射影,2,76,78,0,混合補助型,0.4103512498173164,,0,0.8174567108277041,0000010000
固定射影,2,76,551,0,混合補助型,0.4103512498173164,,0,0.8174567108277041,0000010000
固定射影,2,78,551,0,混合補助型,0.4103512498173164,,0,0.8174567108277041,0000010000
固定射影,2,79,575,3,晴れ中心型,0.910514381538323,,0,0.21865582512696827,0100000000
固定射影,2,80,145,0,混合補助型,0.4427434499559886,,0,0.8128367169644515,0010000000
固定射影,2,81,399,7,晴れ中心型,0.9351681977415931,,0,0.17114724753246346,1110001000
固定射影,2,81,511,7,晴れ中心型,0.9351681977415931,,0,0.17114724753246346,1110001000
固定射影,2,83,177,6,雨中心型,0.5063135031687883,,0,0.7350009381480448,0001010000
固定射影,2,83,269,6,雨中心型,0.5063135031687883,,0,0.7350009381480448,0001010000
固定射影,2,84,277,2,晴れ中心型,0.9027909427749697,,0,0.2349853912417883,1011011010
固定射影,2,84,492,2,晴れ中心型,0.9027909427749697,,0,0.2349853912417883,1011011010
固定射影,2,101,551,0,混合補助型,0.4103512498173164,,0,0.8174567108277041,0000010000
固定射影,2,119,341,3,晴れ中心型,0.910514381538323,,0,0.21865582512696827,0100000000
固定射影,2,119,556,3,晴れ中心型,0.910514381538323,,0,0.21865582512696827,0100000000
固定射影,2,121,381,1,混合補助型,0.3667511773804473,,0,0.849508777204183,1000001001
固定射影,2,126,372,4,橋渡し型,0.46105149921251154,,0,0.7765869127720578,1100000010
固定射影,2,131,305,6,雨中心型,0.8218199351608738,,0,0.3671932265043304,0101110100
固定射影,2,131,343,6,雨中心型,0.8218199351608738,,0,0.3671932265043304,0101110100
固定射影,2,136,489,0,混合補助型,0.6454832323709149,,0,0.6052257869249321,0000100000
固定射影,2,139,174,6,雨中心型,0.5455239473370693,,0,0.6983792657035983,0001000100
固定射影,2,139,257,6,雨中心型,0.5455239473370693,,0,0.6983792657035983,0001000100
固定射影,2,140,473,6,雨中心型,0.8649659973005683,,0,0.29904736993038605,0001010100
固定射影,2,140,506,6,雨中心型,0.8649659973005683,,0,0.29904736993038605,0001010100
固定射影,2,141,374,3,晴れ中心型,0.910514381538323,,0,0.21865582512696827,0100000000
固定射影,2,141,560,3,晴れ中心型,0.910514381538323,,0,0.21865582512696827,0100000000
固定射影,2,142,196,4,橋渡し型,0.7881338662255047,,0,0.4205138577511035,0000000010
固定射影,2,142,335,5,晴れ中心型,0.5731101489304843,,0,0.6841904140112341,0000001000
固定射影,2,144,148,2,晴れ中心型,0.5570311654036524,,0,0.6794030030838702,1001010010
固定射影,2,144,355,2,晴れ中心型,0.5570311654036524,,0,0.6794030030838702,1001010010
固定射影,2,145,348,0,混合補助型,0.4427434499559886,,0,0.8128367169644515,0010000000
固定射影,2,148,536,2,晴れ中心型,0.6633937310157152,,0,0.5913779244645092,1111010010
固定射影,2,160,225,1,混合補助型,0.8800679643018674,,0,0.26823254897395143,0000000001
固定射影,2,160,490,1,混合補助型,0.8800679643018674,,0,0.26823254897395143,0000000001
固定射影,2,161,446,4,橋渡し型,0.7881338662255047,,0,0.4205138577511035,0000000010
固定射影,2,163,254,6,雨中心型,0.4884649297382796,,0,0.7112452725514277,0100110100
固定射影,2,164,354,7,晴れ中心型,0.9351681977415931,,0,0.17114724753246346,1110001000
固定射影,2,164,399,7,晴れ中心型,0.9351681977415931,,0,0.17114724753246346,1110001000
固定射影,2,168,312,4,橋渡し型,0.6885529284655302,,0,0.5697384870328751,1000000010
固定射影,2,168,525,4,橋渡し型,0.7881338662255047,,0,0.4205138577511035,0000000010
固定射影,2,169,393,4,橋渡し型,0.5041436112291864,,0,0.7269795661111053,0000001010
固定射影,2,169,545,7,晴れ中心型,0.7697897774354688,,0,0.42746408681736525,1110001010
固定射影,2,172,304,0,混合補助型,0.5124792619010089,,0,0.7378766342957235,0010100100
固定射影,2,172,382,0,混合補助型,0.5124792619010089,,0,0.7378766342957235,0010100100
固定射影,2,177,269,6,雨中心型,0.5063135031687883,,0,0.7350009381480448,0001010000
固定射影,2,179,512,3,晴れ中心型,0.910514381538323,,0,0.21865582512696827,0100000000
固定射影,2,179,559,3,晴れ中心型,0.910514381538323,,0,0.21865582512696827,0100000000
固定射影,2,190,287,1,混合補助型,0.8800679643018674,,0,0.26823254897395143,0000000001
固定射影,2,193,323,1,混合補助型,0.8800679643018674,,0,0.26823254897395143,0000000001
固定射影,2,196,197,4,橋渡し型,0.7881338662255047,,0,0.4205138577511035,0000000010
固定射影,2,201,224,2,晴れ中心型,0.87113608371657,,0,0.28458064724562826,1011001010
固定射影,2,201,235,2,晴れ中心型,0.87113608371657,,0,0.28458064724562826,1011001010
固定射影,2,201,572,2,晴れ中心型,0.87113608371657,,0,0.28458064724562826,1011001010
固定射影,2,203,213,0,混合補助型,0.4427434499559886,,0,0.8128367169644515,0010000000
固定射影,2,205,373,0,混合補助型,0.4048687197161241,雨中心型,1,0.7901458229615306,0001100000
固定射影,2,208,583,0,混合補助型,0.4427434499559886,,0,0.8128367169644515,0010000000
固定射影,2,212,224,2,晴れ中心型,0.87113608371657,,0,0.28458064724562826,1011001010
固定射影,2,212,509,2,晴れ中心型,0.87113608371657,,0,0.28458064724562826,1011001010
固定射影,2,213,552,1,混合補助型,0.6079068854878739,,0,0.6352478749744501,0010000001
固定射影,2,216,514,2,晴れ中心型,0.4458665351935291,橋渡し型,1,0.7164300491753832,1001000010
固定射影,2,218,364,0,混合補助型,0.4427434499559886,,0,0.8128367169644515,0010000000
固定射影,2,218,496,5,晴れ中心型,0.7086643789129322,,0,0.5441014473447682,0010001100
固定射影,2,219,568,1,混合補助型,0.8800679643018674,,0,0.26823254897395143,0000000001
固定射影,2,226,230,3,晴れ中心型,0.910514381538323,,0,0.21865582512696827,0100000000
固定射影,2,230,426,3,晴れ中心型,0.910514381538323,,0,0.21865582512696827,0100000000
固定射影,2,235,362,2,晴れ中心型,0.87113608371657,,0,0.28458064724562826,1011001010
固定射影,2,237,534,1,混合補助型,0.8800679643018674,,0,0.26823254897395143,0000000001
固定射影,2,241,483,2,晴れ中心型,0.87113608371657,,0,0.28458064724562826,1011001010
固定射影,2,241,572,2,晴れ中心型,0.87113608371657,,0,0.28458064724562826,1011001010
固定射影,2,254,343,6,雨中心型,0.8218199351608738,,0,0.3671932265043304,0101110100
固定射影,2,257,541,6,雨中心型,0.5923502546429773,,0,0.6136906302938281,0001100100
固定射影,2,271,362,2,晴れ中心型,0.5718895853226158,晴れ中心型,1,0.5356009882956692,1111001010
固定射影,2,273,500,1,混合補助型,0.8800679643018674,,0,0.26823254897395143,0000000001
固定射影,2,277,492,2,晴れ中心型,0.9027909427749697,,0,0.2349853912417883,1011011010
固定射影,2,287,491,1,混合補助型,0.8800679643018674,,0,0.26823254897395143,0000000001
固定射影,2,291,473,6,雨中心型,0.8649659973005683,,0,0.29904736993038605,0001010100
固定射影,2,292,506,6,雨中心型,0.8649659973005683,,0,0.29904736993038605,0001010100
固定射影,2,292,515,6,雨中心型,0.8649659973005683,,0,0.29904736993038605,0001010100
固定射影,2,295,335,5,晴れ中心型,0.5731101489304843,,0,0.6841904140112341,0000001000
固定射影,2,298,354,7,晴れ中心型,0.9351681977415931,,0,0.17114724753246346,1110001000
固定射影,2,301,382,0,混合補助型,0.5124792619010089,,0,0.7378766342957235,0010100100
固定射影,2,301,396,0,混合補助型,0.5124792619010089,,0,0.7378766342957235,0010100100
固定射影,2,302,461,2,晴れ中心型,0.87113608371657,,0,0.28458064724562826,1011001010
固定射影,2,304,382,0,混合補助型,0.5124792619010089,,0,0.7378766342957235,0010100100
固定射影,2,305,365,6,雨中心型,0.8218199351608738,,0,0.3671932265043304,0101110100
固定射影,2,308,485,0,混合補助型,0.6454832323709149,,0,0.6052257869249321,0000100000
固定射影,2,308,490,1,混合補助型,0.534983504526585,混合補助型,1,0.6411955366462733,0000100001
固定射影,2,311,420,5,晴れ中心型,0.8266141253013569,,0,0.3691580711016676,0000001100
固定射影,2,313,469,0,混合補助型,0.6454832323709149,,0,0.6052257869249321,0000100000
固定射影,2,316,323,1,混合補助型,0.8800679643018674,,0,0.26823254897395143,0000000001
固定射影,2,318,511,7,晴れ中心型,0.9351681977415931,,0,0.17114724753246346,1110001000
固定射影,2,341,556,3,晴れ中心型,0.910514381538323,,0,0.21865582512696827,0100000000
固定射影,2,349,545,7,晴れ中心型,0.7697897774354688,,0,0.42746408681736525,1110001010
固定射影,2,369,409,0,混合補助型,0.2720091579238154,,0,0.9078197099260341,1000000100
固定射影,2,369,550,0,混合補助型,0.2720091579238154,,0,0.9078197099260341,1000000100
固定射影,2,372,561,4,橋渡し型,0.46105149921251154,,0,0.7765869127720578,1100000010
固定射影,2,374,560,3,晴れ中心型,0.910514381538323,,0,0.21865582512696827,0100000000
固定射影,2,381,502,1,混合補助型,0.6183202056838483,,0,0.6431261821448794,1000000001
固定射影,2,383,420,5,晴れ中心型,0.8266141253013569,,0,0.3691580711016676,0000001100
固定射影,2,393,439,1,混合補助型,0.8800679643018674,,0,0.26823254897395143,0000000001
固定射影,2,395,400,0,混合補助型,0.6454832323709149,,0,0.6052257869249321,0000100000
固定射影,2,395,479,0,混合補助型,0.6454832323709149,,0,0.6052257869249321,0000100000
固定射影,2,400,479,0,混合補助型,0.6454832323709149,,0,0.6052257869249321,0000100000
固定射影,2,405,489,0,混合補助型,0.6454832323709149,,0,0.6052257869249321,0000100000
固定射影,2,405,587,0,混合補助型,0.5591480188199432,,0,0.6771134532338398,0000110000
固定射影,2,407,444,0,混合補助型,0.4103512498173164,,0,0.8174567108277041,0000010000
固定射影,2,407,486,6,雨中心型,0.44434043171984206,混合補助型,1,0.738154309624775,0000010100
固定射影,2,409,422,0,混合補助型,0.30213955657593716,,0,0.8904611856326772,1000000000
固定射影,2,418,500,1,混合補助型,0.8800679643018674,,0,0.26823254897395143,0000000001
固定射影,2,419,568,1,混合補助型,0.8800679643018674,,0,0.26823254897395143,0000000001
固定射影,2,426,565,3,晴れ中心型,0.910514381538323,,0,0.21865582512696827,0100000000
固定射影,2,426,589,3,晴れ中心型,0.910514381538323,,0,0.21865582512696827,0100000000
固定射影,2,439,552,1,混合補助型,0.6079068854878739,,0,0.6352478749744501,0010000001
固定射影,2,443,575,3,晴れ中心型,0.910514381538323,,0,0.21865582512696827,0100000000
固定射影,2,444,486,6,雨中心型,0.44434043171984206,混合補助型,1,0.738154309624775,0000010100
固定射影,2,461,509,2,晴れ中心型,0.87113608371657,,0,0.28458064724562826,1011001010
固定射影,2,467,477,0,混合補助型,0.5591480188199432,,0,0.6771134532338398,0000110000
固定射影,2,477,587,0,混合補助型,0.5591480188199432,,0,0.6771134532338398,0000110000
固定射影,2,478,516,5,晴れ中心型,0.8266141253013569,,0,0.3691580711016676,0000001100
固定射影,2,492,529,0,混合補助型,0.4103512498173164,,0,0.8174567108277041,0000010000
固定射影,2,496,516,5,晴れ中心型,0.7086643789129322,,0,0.5441014473447682,0010001100
固定射影,2,502,525,1,混合補助型,0.8800679643018674,,0,0.26823254897395143,0000000001
固定射影,2,534,559,1,混合補助型,0.8800679643018674,,0,0.26823254897395143,0000000001
固定射影,2,540,541,6,雨中心型,0.5923502546429773,,0,0.6136906302938281,0001100100
固定射影,2,543,583,0,混合補助型,0.4427434499559886,,0,0.8128367169644515,0010000000
固定射影,2,550,574,0,混合補助型,0.30213955657593716,,0,0.8904611856326772,1000000000
固定射影,2,565,589,3,晴れ中心型,0.910514381538323,,0,0.21865582512696827,0100000000
固定射影,3,1,443,3,晴れ中心型,0.9097005715999693,,0,0.2189655982258121,0100000000
固定射影,3,1,512,3,晴れ中心型,0.9097005715999693,,0,0.2189655982258121,0100000000
固定射影,3,2,556,3,晴れ中心型,0.9097005715999693,,0,0.2189655982258121,0100000000
固定射影,3,4,429,5,橋渡し型,0.6184572296438166,,0,0.6271516355600593,0000000010
固定射影,3,4,554,5,橋渡し型,0.6184572296438166,,0,0.6271516355600593,0000000010
固定射影,3,22,66,5,橋渡し型,0.5622037030519772,,0,0.6933611543883637,1001010010
固定射影,3,22,536,1,晴れ中心型,0.5738487899031204,,0,0.6632973193299514,1111010010
固定射影,3,24,205,0,混合補助型,0.4106766746197961,,0,0.8363125530811628,0001100000
固定射影,3,24,243,0,混合補助型,0.5721631463007948,,0,0.7004650163502182,0000100000
固定射影,3,26,561,3,晴れ中心型,0.9097005715999693,,0,0.2189655982258121,0100000000
固定射影,3,31,291,4,雨中心型,0.6886915420341125,,0,0.5340715865468101,0001010100
固定射影,3,33,121,6,混合補助型,0.29740425349163024,,0,0.8916467538374777,1000001000
固定射影,3,33,463,0,混合補助型,0.26459903345034597,,0,0.8727362004049084,1000000000
固定射影,3,36,349,5,橋渡し型,0.4395253021998352,,0,0.8053956664445541,0000001010
固定射影,3,42,529,0,混合補助型,0.506152802655601,,0,0.7502160929862444,0000010000
固定射影,3,43,357,0,混合補助型,0.5721631463007948,,0,0.7004650163502182,0000100000
固定射影,3,45,58,5,橋渡し型,0.6184572296438166,,0,0.6271516355600593,0000000010
固定射影,3,45,312,5,橋渡し型,0.7495462175421079,,0,0.4840233314824159,1000000010
固定射影,3,46,365,4,雨中心型,0.8657031460984435,,0,0.3044651363469532,0101110100
固定射影,3,49,375,6,混合補助型,0.6123727056688959,,0,0.6518859979730002,0000000100
固定射影,3,49,378,6,混合補助型,0.6123727056688959,,0,0.6518859979730002,0000000100
固定射影,3,61,313,0,混合補助型,0.5721631463007948,,0,0.7004650163502182,0000100000
固定射影,3,61,540,4,雨中心型,0.5131971752327618,,0,0.716658217413619,0001100100
固定射影,3,66,216,5,橋渡し型,0.5622037030519772,,0,0.6933611543883637,1001010010
固定射影,3,69,560,3,晴れ中心型,0.9097005715999693,,0,0.2189655982258121,0100000000
固定射影,3,70,203,0,混合補助型,0.351758828424762,,0,0.8715416621541414,0010000000
固定射影,3,76,78,0,混合補助型,0.506152802655601,,0,0.7502160929862444,0000010000
固定射影,3,76,551,0,混合補助型,0.506152802655601,,0,0.7502160929862444,0000010000
固定射影,3,78,551,0,混合補助型,0.506152802655601,,0,0.7502160929862444,0000010000
固定射影,3,79,575,3,晴れ中心型,0.9097005715999693,,0,0.2189655982258121,0100000000
固定射影,3,80,145,0,混合補助型,0.351758828424762,,0,0.8715416621541414,0010000000
固定射影,3,81,399,1,晴れ中心型,0.5905458104341008,,0,0.6827566095303939,1110001000
固定射影,3,81,511,1,晴れ中心型,0.5905458104341008,,0,0.6827566095303939,1110001000
固定射影,3,83,177,0,混合補助型,0.3322423830402765,雨中心型,1,0.8373346377161576,0001010000
固定射影,3,83,269,0,混合補助型,0.3322423830402765,雨中心型,1,0.8373346377161576,0001010000
固定射影,3,84,277,1,晴れ中心型,0.8117120773049481,,0,0.3762937176310602,1011011010
固定射影,3,84,492,1,晴れ中心型,0.8117120773049481,,0,0.3762937176310602,1011011010
固定射影,3,101,551,0,混合補助型,0.506152802655601,,0,0.7502160929862444,0000010000
固定射影,3,119,341,3,晴れ中心型,0.9097005715999693,,0,0.2189655982258121,0100000000
固定射影,3,119,556,3,晴れ中心型,0.9097005715999693,,0,0.2189655982258121,0100000000
固定射影,3,121,381,7,混合補助型,0.4145121204519774,,0,0.8194264635841012,1000001001
固定射影,3,126,372,5,橋渡し型,0.5047107085025566,,0,0.7209905713146,1100000010
固定射影,3,131,305,4,雨中心型,0.8657031460984435,,0,0.3044651363469532,0101110100
固定射影,3,131,343,4,雨中心型,0.8657031460984435,,0,0.3044651363469532,0101110100
固定射影,3,136,489,0,混合補助型,0.5721631463007948,,0,0.7004650163502182,0000100000
固定射影,3,139,174,6,混合補助型,0.36475099228670044,雨中心型,1,0.7913956120793559,0001000100
固定射影,3,139,257,6,混合補助型,0.36475099228670044,雨中心型,1,0.7913956120793559,0001000100
固定射影,3,140,473,4,雨中心型,0.6886915420341125,,0,0.5340715865468101,0001010100
固定射影,3,140,506,4,雨中心型,0.6886915420341125,,0,0.5340715865468101,0001010100
固定射影,3,141,374,3,晴れ中心型,0.9097005715999693,,0,0.2189655982258121,0100000000
固定射影,3,141,560,3,晴れ中心型,0.9097005715999693,,0,0.2189655982258121,0100000000
固定射影,3,142,196,5,橋渡し型,0.6184572296438166,,0,0.6271516355600593,0000000010
固定射影,3,142,335,6,混合補助型,0.35087529883658614,,0,0.8480585791293374,0000001000
固定射影,3,144,148,5,橋渡し型,0.5622037030519772,,0,0.6933611543883637,1001010010
固定射影,3,144,355,5,橋渡し型,0.5622037030519772,,0,0.6933611543883637,1001010010
固定射影,3,145,348,0,混合補助型,0.351758828424762,,0,0.8715416621541414,0010000000
固定射影,3,148,536,1,晴れ中心型,0.5738487899031204,,0,0.6632973193299514,1111010010
固定射影,3,160,225,7,混合補助型,0.8698724042665044,,0,0.2864691872114682,0000000001
固定射影,3,160,490,7,混合補助型,0.8698724042665044,,0,0.2864691872114682,0000000001
固定射影,3,161,446,5,橋渡し型,0.6184572296438166,,0,0.6271516355600593,0000000010
固定射影,3,163,254,4,雨中心型,0.49804214712781525,,0,0.7482584861539237,0100110100
固定射影,3,164,354,1,晴れ中心型,0.5905458104341008,,0,0.6827566095303939,1110001000
固定射影,3,164,399,1,晴れ中心型,0.5905458104341008,,0,0.6827566095303939,1110001000
固定射影,3,168,312,5,橋渡し型,0.7495462175421079,,0,0.4840233314824159,1000000010
固定射影,3,168,525,5,橋渡し型,0.6184572296438166,,0,0.6271516355600593,0000000010
固定射影,3,169,393,5,橋渡し型,0.4395253021998352,,0,0.8053956664445541,0000001010
固定射影,3,169,545,1,晴れ中心型,0.7987540193776003,,0,0.40243828453596,1110001010
固定射影,3,172,304,2,混合補助型,0.8679645405618293,,0,0.29428241203200206,0010100100
固定射影,3,172,382,2,混合補助型,0.8679645405618293,,0,0.29428241203200206,0010100100
固定射影,3,177,269,0,混合補助型,0.3322423830402765,雨中心型,1,0.8373346377161576,0001010000
固定射影,3,179,512,3,晴れ中心型,0.9097005715999693,,0,0.2189655982258121,0100000000
固定射影,3,179,559,3,晴れ中心型,0.9097005715999693,,0,0.2189655982258121,0100000000
固定射影,3,190,287,7,混合補助型,0.8698724042665044,,0,0.2864691872114682,0000000001
固定射影,3,193,323,7,混合補助型,0.8698724042665044,,0,0.2864691872114682,0000000001
固定射影,3,196,197,5,橋渡し型,0.6184572296438166,,0,0.6271516355600593,0000000010
固定射影,3,201,224,1,晴れ中心型,0.8873179013078258,,0,0.25245912680318194,1011001010
固定射影,3,201,235,1,晴れ中心型,0.8873179013078258,,0,0.25245912680318194,1011001010
固定射影,3,201,572,1,晴れ中心型,0.8873179013078258,,0,0.25245912680318194,1011001010
固定射影,3,203,213,0,混合補助型,0.351758828424762,,0,0.8715416621541414,0010000000
固定射影,3,205,373,0,混合補助型,0.4106766746197961,,0,0.8363125530811628,0001100000
固定射影,3,208,583,0,混合補助型,0.351758828424762,,0,0.8715416621541414,0010000000
固定射影,3,212,224,1,晴れ中心型,0.8873179013078258,,0,0.25245912680318194,1011001010
固定射影,3,212,509,1,晴れ中心型,0.8873179013078258,,0,0.25245912680318194,1011001010
固定射影,3,213,552,7,混合補助型,0.5896938116138793,,0,0.6684879548454661,0010000001
固定射影,3,216,514,5,橋渡し型,0.6532154687190949,,0,0.5975408399139162,1001000010
固定射影,3,218,364,0,混合補助型,0.351758828424762,,0,0.8715416621541414,0010000000
固定射影,3,218,496,2,混合補助型,0.48997706554275794,混合補助型,1,0.695304810493219,0010001100
固定射影,3,219,568,7,混合補助型,0.8698724042665044,,0,0.2864691872114682,0000000001
固定射影,3,226,230,3,晴れ中心型,0.9097005715999693,,0,0.2189655982258121,0100000000
固定射影,3,230,426,3,晴れ中心型,0.9097005715999693,,0,0.2189655982258121,0100000000
固定射影,3,235,362,1,晴れ中心型,0.8873179013078258,,0,0.25245912680318194,1011001010
固定射影,3,237,534,7,混合補助型,0.8698724042665044,,0,0.2864691872114682,0000000001
固定射影,3,241,483,1,晴れ中心型,0.8873179013078258,,0,0.25245912680318194,1011001010
固定射影,3,241,572,1,晴れ中心型,0.8873179013078258,,0,0.25245912680318194,1011001010
固定射影,3,254,343,4,雨中心型,0.8657031460984435,,0,0.3044651363469532,0101110100
固定射影,3,257,541,4,雨中心型,0.5131971752327618,,0,0.716658217413619,0001100100
固定射影,3,271,362,1,晴れ中心型,0.9160371359286003,,0,0.20578636997434333,1111001010
固定射影,3,273,500,7,混合補助型,0.8698724042665044,,0,0.2864691872114682,0000000001
固定射影,3,277,492,1,晴れ中心型,0.8117120773049481,,0,0.3762937176310602,1011011010
固定射影,3,287,491,7,混合補助型,0.8698724042665044,,0,0.2864691872114682,0000000001
固定射影,3,291,473,4,雨中心型,0.6886915420341125,,0,0.5340715865468101,0001010100
固定射影,3,292,506,4,雨中心型,0.6886915420341125,,0,0.5340715865468101,0001010100
固定射影,3,292,515,4,雨中心型,0.6886915420341125,,0,0.5340715865468101,0001010100
固定射影,3,295,335,6,混合補助型,0.35087529883658614,,0,0.8480585791293374,0000001000
固定射影,3,298,354,1,晴れ中心型,0.5905458104341008,,0,0.6827566095303939,1110001000
固定射影,3,301,382,2,混合補助型,0.8679645405618293,,0,0.29428241203200206,0010100100
固定射影,3,301,396,2,混合補助型,0.8679645405618293,,0,0.29428241203200206,0010100100
固定射影,3,302,461,1,晴れ中心型,0.8873179013078258,,0,0.25245912680318194,1011001010
固定射影,3,304,382,2,混合補助型,0.8679645405618293,,0,0.29428241203200206,0010100100
固定射影,3,305,365,4,雨中心型,0.8657031460984435,,0,0.3044651363469532,0101110100
固定射影,3,308,485,0,混合補助型,0.5721631463007948,,0,0.7004650163502182,0000100000
固定射影,3,308,490,7,混合補助型,0.5175922745669705,混合補助型,1,0.6921247089435706,0000100001
固定射影,3,311,420,6,混合補助型,0.7071630975219494,,0,0.5471995399171121,0000001100
固定射影,3,313,469,0,混合補助型,0.5721631463007948,,0,0.7004650163502182,0000100000
固定射影,3,316,323,7,混合補助型,0.8698724042665044,,0,0.2864691872114682,0000000001
固定射影,3,318,511,1,晴れ中心型,0.5905458104341008,,0,0.6827566095303939,1110001000
固定射影,3,341,556,3,晴れ中心型,0.9097005715999693,,0,0.2189655982258121,0100000000
固定射影,3,349,545,1,晴れ中心型,0.7987540193776003,,0,0.40243828453596,1110001010
固定射影,3,369,409,6,混合補助型,0.5240149437779074,,0,0.7600091352370888,1000000100
固定射影,3,369,550,6,混合補助型,0.5240149437779074,,0,0.7600091352370888,1000000100
固定射影,3,372,561,5,橋渡し型,0.5047107085025566,,0,0.7209905713146,1100000010
固定射影,3,374,560,3,晴れ中心型,0.9097005715999693,,0,0.2189655982258121,0100000000
固定射影,3,381,502,7,混合補助型,0.5948347557243259,,0,0.6584598839827347,1000000001
固定射影,3,383,420,6,混合補助型,0.7071630975219494,,0,0.5471995399171121,0000001100
固定射影,3,393,439,7,混合補助型,0.8698724042665044,,0,0.2864691872114682,0000000001
固定射影,3,395,400,0,混合補助型,0.5721631463007948,,0,0.7004650163502182,0000100000
固定射影,3,395,479,0,混合補助型,0.5721631463007948,,0,0.7004650163502182,0000100000
固定射影,3,400,479,0,混合補助型,0.5721631463007948,,0,0.7004650163502182,0000100000
固定射影,3,405,489,0,混合補助型,0.5721631463007948,,0,0.7004650163502182,0000100000
固定射影,3,405,587,0,混合補助型,0.5970991333232508,,0,0.6756955827749969,0000110000
固定射影,3,407,444,0,混合補助型,0.506152802655601,,0,0.7502160929862444,0000010000
固定射影,3,407,486,6,混合補助型,0.3769855995338396,雨中心型,1,0.8041004790259547,0000010100
固定射影,3,409,422,0,混合補助型,0.26459903345034597,,0,0.8727362004049084,1000000000
固定射影,3,418,500,7,混合補助型,0.8698724042665044,,0,0.2864691872114682,0000000001
固定射影,3,419,568,7,混合補助型,0.8698724042665044,,0,0.2864691872114682,0000000001
固定射影,3,426,565,3,晴れ中心型,0.9097005715999693,,0,0.2189655982258121,0100000000
固定射影,3,426,589,3,晴れ中心型,0.9097005715999693,,0,0.2189655982258121,0100000000
固定射影,3,439,552,7,混合補助型,0.5896938116138793,,0,0.6684879548454661,0010000001
固定射影,3,443,575,3,晴れ中心型,0.9097005715999693,,0,0.2189655982258121,0100000000
固定射影,3,444,486,6,混合補助型,0.3769855995338396,雨中心型,1,0.8041004790259547,0000010100
固定射影,3,461,509,1,晴れ中心型,0.8873179013078258,,0,0.25245912680318194,1011001010
固定射影,3,467,477,0,混合補助型,0.5970991333232508,,0,0.6756955827749969,0000110000
固定射影,3,477,587,0,混合補助型,0.5970991333232508,,0,0.6756955827749969,0000110000
固定射影,3,478,516,6,混合補助型,0.7071630975219494,,0,0.5471995399171121,0000001100
固定射影,3,492,529,0,混合補助型,0.506152802655601,,0,0.7502160929862444,0000010000
固定射影,3,496,516,2,混合補助型,0.48997706554275794,混合補助型,1,0.695304810493219,0010001100
固定射影,3,502,525,7,混合補助型,0.8698724042665044,,0,0.2864691872114682,0000000001
固定射影,3,534,559,7,混合補助型,0.8698724042665044,,0,0.2864691872114682,0000000001
固定射影,3,540,541,4,雨中心型,0.5131971752327618,,0,0.716658217413619,0001100100
固定射影,3,543,583,0,混合補助型,0.351758828424762,,0,0.8715416621541414,0010000000
固定射影,3,550,574,0,混合補助型,0.26459903345034597,,0,0.8727362004049084,1000000000
固定射影,3,565,589,3,晴れ中心型,0.9097005715999693,,0,0.2189655982258121,0100000000
固定射影,4,1,443,6,晴れ中心型,0.8811833702923265,,0,0.28138913151612505,0100000000
固定射影,4,1,512,6,晴れ中心型,0.8811833702923265,,0,0.28138913151612505,0100000000
固定射影,4,2,556,6,晴れ中心型,0.8811833702923265,,0,0.28138913151612505,0100000000
固定射影,4,4,429,0,橋渡し型,0.6508040686810572,,0,0.6027714836174227,0000000010
固定射影,4,4,554,0,橋渡し型,0.6508040686810572,,0,0.6027714836174227,0000000010
固定射影,4,22,66,5,晴れ中心型,0.5897016053026,,0,0.6908355942684333,1001010010
固定射影,4,22,536,5,晴れ中心型,0.6770498028100832,,0,0.6011029509673177,1111010010
固定射影,4,24,205,1,雨中心型,0.4857529237444134,,0,0.7666432737023992,0001100000
固定射影,4,24,243,1,雨中心型,0.626985472909926,,0,0.6126525830348889,0000100000
固定射影,4,26,561,6,晴れ中心型,0.8811833702923265,,0,0.28138913151612505,0100000000
固定射影,4,31,291,2,雨中心型,0.8883997279429242,,0,0.2684539526112159,0001010100
固定射影,4,33,121,0,橋渡し型,0.3545486811750838,,0,0.8866398477320847,1000001000
固定射影,4,33,463,4,混合補助型,0.3083347269872129,橋渡し型,1,0.8651826960308242,1000000000
固定射影,4,36,349,0,橋渡し型,0.7634347843245863,,0,0.4875175881575254,0000001010
固定射影,4,42,529,4,混合補助型,0.3529864920980026,,0,0.8377734901623338,0000010000
固定射影,4,43,357,1,雨中心型,0.626985472909926,,0,0.6126525830348889,0000100000
固定射影,4,45,58,0,橋渡し型,0.6508040686810572,,0,0.6027714836174227,0000000010
固定射影,4,45,312,0,橋渡し型,0.49124961585623156,,0,0.7891625646676557,1000000010
固定射影,4,46,365,2,雨中心型,0.8100784300158834,,0,0.3958472995089834,0101110100
固定射影,4,49,375,1,雨中心型,0.3561494748056654,,0,0.8178189646417799,0000000100
固定射影,4,49,378,1,雨中心型,0.3561494748056654,,0,0.8178189646417799,0000000100
固定射影,4,61,313,1,雨中心型,0.626985472909926,,0,0.6126525830348889,0000100000
固定射影,4,61,540,1,雨中心型,0.4079869919699273,雨中心型,1,0.6723699104111368,0001100100
固定射影,4,66,216,5,晴れ中心型,0.5897016053026,,0,0.6908355942684333,1001010010
固定射影,4,69,560,6,晴れ中心型,0.8811833702923265,,0,0.28138913151612505,0100000000
固定射影,4,70,203,1,雨中心型,0.39667654580916406,混合補助型,1,0.8174757152051157,0010000000
固定射影,4,76,78,4,混合補助型,0.3529864920980026,,0,0.8377734901623338,0000010000
固定射影,4,76,551,4,混合補助型,0.3529864920980026,,0,0.8377734901623338,0000010000
固定射影,4,78,551,4,混合補助型,0.3529864920980026,,0,0.8377734901623338,0000010000
固定射影,4,79,575,6,晴れ中心型,0.8811833702923265,,0,0.28138913151612505,0100000000
固定射影,4,80,145,1,雨中心型,0.39667654580916406,混合補助型,1,0.8174757152051157,0010000000
固定射影,4,81,399,3,晴れ中心型,0.9454472149045817,,0,0.15529266555069215,1110001000
固定射影,4,81,511,3,晴れ中心型,0.9454472149045817,,0,0.15529266555069215,1110001000
固定射影,4,83,177,2,雨中心型,0.5434686624610037,,0,0.7263375227445057,0001010000
固定射影,4,83,269,2,雨中心型,0.5434686624610037,,0,0.7263375227445057,0001010000
固定射影,4,84,277,5,晴れ中心型,0.9109076691685752,,0,0.22791835211330008,1011011010
固定射影,4,84,492,5,晴れ中心型,0.9109076691685752,,0,0.22791835211330008,1011011010
固定射影,4,101,551,4,混合補助型,0.3529864920980026,,0,0.8377734901623338,0000010000
固定射影,4,119,341,6,晴れ中心型,0.8811833702923265,,0,0.28138913151612505,0100000000
固定射影,4,119,556,6,晴れ中心型,0.8811833702923265,,0,0.28138913151612505,0100000000
固定射影,4,121,381,4,混合補助型,0.40436337960453184,橋渡し型,1,0.8376951690868386,1000001001
固定射影,4,126,372,6,晴れ中心型,0.35190390728177134,橋渡し型,1,0.8699571702039522,1100000010
固定射影,4,131,305,2,雨中心型,0.8100784300158834,,0,0.3958472995089834,0101110100
固定射影,4,131,343,2,雨中心型,0.8100784300158834,,0,0.3958472995089834,0101110100
固定射影,4,136,489,1,雨中心型,0.626985472909926,,0,0.6126525830348889,0000100000
固定射影,4,139,174,2,雨中心型,0.47852323307818456,,0,0.7495018862075217,0001000100
固定射影,4,139,257,2,雨中心型,0.47852323307818456,,0,0.7495018862075217,0001000100
固定射影,4,140,473,2,雨中心型,0.8883997279429242,,0,0.2684539526112159,0001010100
固定射影,4,140,506,2,雨中心型,0.8883997279429242,,0,0.2684539526112159,0001010100
固定射影,4,141,374,6,晴れ中心型,0.8811833702923265,,0,0.28138913151612505,0100000000
固定射影,4,141,560,6,晴れ中心型,0.8811833702923265,,0,0.28138913151612505,0100000000
固定射影,4,142,196,0,橋渡し型,0.6508040686810572,,0,0.6027714836174227,0000000010
固定射影,4,142,335,0,橋渡し型,0.47738597235243796,,0,0.7650604295371312,0000001000
固定射影,4,144,148,5,晴れ中心型,0.5897016053026,,0,0.6908355942684333,1001010010
固定射影,4,144,355,5,晴れ中心型,0.5897016053026,,0,0.6908355942684333,1001010010
固定射影,4,145,348,1,雨中心型,0.39667654580916406,混合補助型,1,0.8174757152051157,0010000000
固定射影,4,148,536,5,晴れ中心型,0.6770498028100832,,0,0.6011029509673177,1111010010
固定射影,4,160,225,4,混合補助型,0.7862527856472702,,0,0.42280604750204726,0000000001
固定射影,4,160,490,4,混合補助型,0.7862527856472702,,0,0.42280604750204726,0000000001
固定射影,4,161,446,0,橋渡し型,0.6508040686810572,,0,0.6027714836174227,0000000010
固定射影,4,163,254,2,雨中心型,0.49565795738865437,,0,0.7240170301610579,0100110100
固定射影,4,164,354,3,晴れ中心型,0.9454472149045817,,0,0.15529266555069215,1110001000
固定射影,4,164,399,3,晴れ中心型,0.9454472149045817,,0,0.15529266555069215,1110001000
固定射影,4,168,312,0,橋渡し型,0.49124961585623156,,0,0.7891625646676557,1000000010
固定射影,4,168,525,0,橋渡し型,0.6508040686810572,,0,0.6027714836174227,0000000010
固定射影,4,169,393,0,橋渡し型,0.7634347843245863,,0,0.4875175881575254,0000001010
固定射影,4,169,545,3,晴れ中心型,0.790317668631555,,0,0.40920954734105375,1110001010
固定射影,4,172,304,1,雨中心型,0.7374175109938369,,0,0.5168022307701433,0010100100
固定射影,4,172,382,1,雨中心型,0.7374175109938369,,0,0.5168022307701433,0010100100
固定射影,4,177,269,2,雨中心型,0.5434686624610037,,0,0.7263375227445057,0001010000
固定射影,4,179,512,6,晴れ中心型,0.8811833702923265,,0,0.28138913151612505,0100000000
固定射影,4,179,559,6,晴れ中心型,0.8811833702923265,,0,0.28138913151612505,0100000000
固定射影,4,190,287,4,混合補助型,0.7862527856472702,,0,0.42280604750204726,0000000001
固定射影,4,193,323,4,混合補助型,0.7862527856472702,,0,0.42280604750204726,0000000001
固定射影,4,196,197,0,橋渡し型,0.6508040686810572,,0,0.6027714836174227,0000000010
固定射影,4,201,224,5,晴れ中心型,0.8835983085622299,,0,0.27057953202629753,1011001010
固定射影,4,201,235,5,晴れ中心型,0.8835983085622299,,0,0.27057953202629753,1011001010
固定射影,4,201,572,5,晴れ中心型,0.8835983085622299,,0,0.27057953202629753,1011001010
固定射影,4,203,213,1,雨中心型,0.39667654580916406,混合補助型,1,0.8174757152051157,0010000000
固定射影,4,205,373,1,雨中心型,0.4857529237444134,,0,0.7666432737023992,0001100000
固定射影,4,208,583,1,雨中心型,0.39667654580916406,混合補助型,1,0.8174757152051157,0010000000
固定射影,4,212,224,5,晴れ中心型,0.8835983085622299,,0,0.27057953202629753,1011001010
固定射影,4,212,509,5,晴れ中心型,0.8835983085622299,,0,0.27057953202629753,1011001010
固定射影,4,213,552,4,混合補助型,0.5514209380786441,,0,0.6993041359189643,0010000001
固定射影,4,216,514,5,晴れ中心型,0.5217859410395707,,0,0.7419484877347753,1001000010
固定射影,4,218,364,1,雨中心型,0.39667654580916406,混合補助型,1,0.8174757152051157,0010000000
固定射影,4,218,496,1,雨中心型,0.3245620526889132,橋渡し型,1,0.898397265081649,0010001100
固定射影,4,219,568,4,混合補助型,0.7862527856472702,,0,0.42280604750204726,0000000001
固定射影,4,226,230,6,晴れ中心型,0.8811833702923265,,0,0.28138913151612505,0100000000
固定射影,4,230,426,6,晴れ中心型,0.8811833702923265,,0,0.28138913151612505,0100000000
固定射影,4,235,362,5,晴れ中心型,0.8835983085622299,,0,0.27057953202629753,1011001010
固定射影,4,237,534,4,混合補助型,0.7862527856472702,,0,0.42280604750204726,0000000001
固定射影,4,241,483,5,晴れ中心型,0.8835983085622299,,0,0.27057953202629753,1011001010
固定射影,4,241,572,5,晴れ中心型,0.8835983085622299,,0,0.27057953202629753,1011001010
固定射影,4,254,343,2,雨中心型,0.8100784300158834,,0,0.3958472995089834,0101110100
固定射影,4,257,541,1,雨中心型,0.4079869919699273,雨中心型,1,0.6723699104111368,0001100100
固定射影,4,271,362,5,晴れ中心型,0.583707536829572,晴れ中心型,1,0.5350296287195981,1111001010
固定射影,4,273,500,4,混合補助型,0.7862527856472702,,0,0.42280604750204726,0000000001
固定射影,4,277,492,5,晴れ中心型,0.9109076691685752,,0,0.22791835211330008,1011011010
固定射影,4,287,491,4,混合補助型,0.7862527856472702,,0,0.42280604750204726,0000000001
固定射影,4,291,473,2,雨中心型,0.8883997279429242,,0,0.2684539526112159,0001010100
固定射影,4,292,506,2,雨中心型,0.8883997279429242,,0,0.2684539526112159,0001010100
固定射影,4,292,515,2,雨中心型,0.8883997279429242,,0,0.2684539526112159,0001010100
固定射影,4,295,335,0,橋渡し型,0.47738597235243796,,0,0.7650604295371312,0000001000
固定射影,4,298,354,3,晴れ中心型,0.9454472149045817,,0,0.15529266555069215,1110001000
固定射影,4,301,382,1,雨中心型,0.7374175109938369,,0,0.5168022307701433,0010100100
固定射影,4,301,396,1,雨中心型,0.7374175109938369,,0,0.5168022307701433,0010100100
固定射影,4,302,461,5,晴れ中心型,0.8835983085622299,,0,0.27057953202629753,1011001010
固定射影,4,304,382,1,雨中心型,0.7374175109938369,,0,0.5168022307701433,0010100100
固定射影,4,305,365,2,雨中心型,0.8100784300158834,,0,0.3958472995089834,0101110100
固定射影,4,308,485,1,雨中心型,0.626985472909926,,0,0.6126525830348889,0000100000
固定射影,4,308,490,4,混合補助型,0.4694678888814881,雨中心型,1,0.6826893951589893,0000100001
固定射影,4,311,420,0,橋渡し型,0.3902878507785041,雨中心型,1,0.8296521856310808,0000001100
固定射影,4,313,469,1,雨中心型,0.626985472909926,,0,0.6126525830348889,0000100000
固定射影,4,316,323,4,混合補助型,0.7862527856472702,,0,0.42280604750204726,0000000001
固定射影,4,318,511,3,晴れ中心型,0.9454472149045817,,0,0.15529266555069215,1110001000
固定射影,4,341,556,6,晴れ中心型,0.8811833702923265,,0,0.28138913151612505,0100000000
固定射影,4,349,545,3,晴れ中心型,0.790317668631555,,0,0.40920954734105375,1110001010
固定射影,4,369,409,1,雨中心型,0.26961392241381865,橋渡し型,1,0.9025817981509131,1000000100
固定射影,4,369,550,1,雨中心型,0.26961392241381865,橋渡し型,1,0.9025817981509131,1000000100
固定射影,4,372,561,6,晴れ中心型,0.35190390728177134,橋渡し型,1,0.8699571702039522,1100000010
固定射影,4,374,560,6,晴れ中心型,0.8811833702923265,,0,0.28138913151612505,0100000000
固定射影,4,381,502,4,混合補助型,0.6423079363113297,,0,0.6307460418435507,1000000001
固定射影,4,383,420,0,橋渡し型,0.3902878507785041,雨中心型,1,0.8296521856310808,0000001100
固定射影,4,393,439,4,混合補助型,0.7862527856472702,,0,0.42280604750204726,0000000001
固定射影,4,395,400,1,雨中心型,0.626985472909926,,0,0.6126525830348889,0000100000
固定射影,4,395,479,1,雨中心型,0.626985472909926,,0,0.6126525830348889,0000100000
固定射影,4,400,479,1,雨中心型,0.626985472909926,,0,0.6126525830348889,0000100000
固定射影,4,405,489,1,雨中心型,0.626985472909926,,0,0.6126525830348889,0000100000
固定射影,4,405,587,1,雨中心型,0.41628693661007327,,0,0.7854232045701701,0000110000
固定射影,4,407,444,4,混合補助型,0.3529864920980026,,0,0.8377734901623338,0000010000
固定射影,4,407,486,2,雨中心型,0.5079801449654301,,0,0.7219129685745598,0000010100
固定射影,4,409,422,4,混合補助型,0.3083347269872129,橋渡し型,1,0.8651826960308242,1000000000
固定射影,4,418,500,4,混合補助型,0.7862527856472702,,0,0.42280604750204726,0000000001
固定射影,4,419,568,4,混合補助型,0.7862527856472702,,0,0.42280604750204726,0000000001
固定射影,4,426,565,6,晴れ中心型,0.8811833702923265,,0,0.28138913151612505,0100000000
固定射影,4,426,589,6,晴れ中心型,0.8811833702923265,,0,0.28138913151612505,0100000000
固定射影,4,439,552,4,混合補助型,0.5514209380786441,,0,0.6993041359189643,0010000001
固定射影,4,443,575,6,晴れ中心型,0.8811833702923265,,0,0.28138913151612505,0100000000
固定射影,4,444,486,2,雨中心型,0.5079801449654301,,0,0.7219129685745598,0000010100
固定射影,4,461,509,5,晴れ中心型,0.8835983085622299,,0,0.27057953202629753,1011001010
固定射影,4,467,477,1,雨中心型,0.41628693661007327,,0,0.7854232045701701,0000110000
固定射影,4,477,587,1,雨中心型,0.41628693661007327,,0,0.7854232045701701,0000110000
固定射影,4,478,516,0,橋渡し型,0.3902878507785041,雨中心型,1,0.8296521856310808,0000001100
固定射影,4,492,529,4,混合補助型,0.3529864920980026,,0,0.8377734901623338,0000010000
固定射影,4,496,516,1,雨中心型,0.3245620526889132,橋渡し型,1,0.898397265081649,0010001100
固定射影,4,502,525,4,混合補助型,0.7862527856472702,,0,0.42280604750204726,0000000001
固定射影,4,534,559,4,混合補助型,0.7862527856472702,,0,0.42280604750204726,0000000001
固定射影,4,540,541,1,雨中心型,0.4079869919699273,雨中心型,1,0.6723699104111368,0001100100
固定射影,4,543,583,1,雨中心型,0.39667654580916406,混合補助型,1,0.8174757152051157,0010000000
固定射影,4,550,574,4,混合補助型,0.3083347269872129,橋渡し型,1,0.8651826960308242,1000000000
固定射影,4,565,589,6,晴れ中心型,0.8811833702923265,,0,0.28138913151612505,0100000000
固定射影,5,1,443,3,晴れ中心型,0.9159045141645061,,0,0.21612848197228604,0100000000
固定射影,5,1,512,3,晴れ中心型,0.9159045141645061,,0,0.21612848197228604,0100000000
固定射影,5,2,556,3,晴れ中心型,0.9159045141645061,,0,0.21612848197228604,0100000000
固定射影,5,4,429,6,橋渡し型,0.6374678851317941,,0,0.6290079416671382,0000000010
固定射影,5,4,554,6,橋渡し型,0.6374678851317941,,0,0.6290079416671382,0000000010
固定射影,5,22,66,6,橋渡し型,0.5921562462994013,,0,0.6807193505543386,1001010010
固定射影,5,22,536,2,晴れ中心型,0.5930139595574614,,0,0.6567694723687582,1111010010
固定射影,5,24,205,4,雨中心型,0.3735250529636929,混合補助型,1,0.8075524858268139,0001100000
固定射影,5,24,243,0,混合補助型,0.5418289825565739,,0,0.742169955778953,0000100000
固定射影,5,26,561,3,晴れ中心型,0.9159045141645061,,0,0.21612848197228604,0100000000
固定射影,5,31,291,4,雨中心型,0.6668493031732441,,0,0.586101805585733,0001010100
固定射影,5,33,121,5,晴れ中心型,0.40194358992800633,,0,0.8623547133117858,1000001000
固定射影,5,33,463,0,混合補助型,0.340019521635929,橋渡し型,1,0.8818456138678333,1000000000
固定射影,5,36,349,6,橋渡し型,0.3904466157392041,晴れ中心型,1,0.8227185121734248,0000001010
固定射影,5,42,529,0,混合補助型,0.5897557553108083,,0,0.7005900009702994,0000010000
固定射影,5,43,357,0,混合補助型,0.5418289825565739,,0,0.742169955778953,0000100000
固定射影,5,45,58,6,橋渡し型,0.6374678851317941,,0,0.6290079416671382,0000000010
固定射影,5,45,312,6,橋渡し型,0.7647474847229363,,0,0.48265416222336116,1000000010
固定射影,5,46,365,4,雨中心型,0.8084167906461579,,0,0.40510442709661926,0101110100
固定射影,5,49,375,0,混合補助型,0.30384280426930854,晴れ中心型,1,0.8688265358929966,0000000100
固定射影,5,49,378,0,混合補助型,0.30384280426930854,晴れ中心型,1,0.8688265358929966,0000000100
固定射影,5,61,313,0,混合補助型,0.5418289825565739,,0,0.742169955778953,0000100000
固定射影,5,61,540,4,雨中心型,0.7951807442754651,,0,0.4197834830721957,0001100100
固定射影,5,66,216,6,橋渡し型,0.5921562462994013,,0,0.6807193505543386,1001010010
固定射影,5,69,560,3,晴れ中心型,0.9159045141645061,,0,0.21612848197228604,0100000000
固定射影,5,70,203,0,混合補助型,0.4137577150015989,,0,0.8649390350886315,0010000000
固定射影,5,76,78,0,混合補助型,0.5897557553108083,,0,0.7005900009702994,0000010000
固定射影,5,76,551,0,混合補助型,0.5897557553108083,,0,0.7005900009702994,0000010000
固定射影,5,78,551,0,混合補助型,0.5897557553108083,,0,0.7005900009702994,0000010000
固定射影,5,79,575,3,晴れ中心型,0.9159045141645061,,0,0.21612848197228604,0100000000
固定射影,5,80,145,0,混合補助型,0.4137577150015989,,0,0.8649390350886315,0010000000
固定射影,5,81,399,2,晴れ中心型,0.5699749358673525,,0,0.709523923899999,1110001000
固定射影,5,81,511,2,晴れ中心型,0.5699749358673525,,0,0.709523923899999,1110001000
固定射影,5,83,177,0,混合補助型,0.36793190293375294,雨中心型,1,0.8426648735913109,0001010000
固定射影,5,83,269,0,混合補助型,0.36793190293375294,雨中心型,1,0.8426648735913109,0001010000
固定射影,5,84,277,2,晴れ中心型,0.8155615409721181,,0,0.3842380118822743,1011011010
固定射影,5,84,492,2,晴れ中心型,0.8155615409721181,,0,0.3842380118822743,1011011010
固定射影,5,101,551,0,混合補助型,0.5897557553108083,,0,0.7005900009702994,0000010000
固定射影,5,119,341,3,晴れ中心型,0.9159045141645061,,0,0.21612848197228604,0100000000
固定射影,5,119,556,3,晴れ中心型,0.9159045141645061,,0,0.21612848197228604,0100000000
固定射影,5,121,381,1,混合補助型,0.3885646681001363,晴れ中心型,1,0.8458393646069681,1000001001
固定射影,5,126,372,6,橋渡し型,0.5161882347228631,,0,0.7369913430835856,1100000010
固定射影,5,131,305,4,雨中心型,0.8084167906461579,,0,0.40510442709661926,0101110100
固定射影,5,131,343,4,雨中心型,0.8084167906461579,,0,0.40510442709661926,0101110100
固定射影,5,136,489,0,混合補助型,0.5418289825565739,,0,0.742169955778953,0000100000
固定射影,5,139,174,4,雨中心型,0.5446565497186713,,0,0.7306141947100101,0001000100
固定射影,5,139,257,4,雨中心型,0.5446565497186713,,0,0.7306141947100101,0001000100
固定射影,5,140,473,4,雨中心型,0.6668493031732441,,0,0.586101805585733,0001010100
固定射影,5,140,506,4,雨中心型,0.6668493031732441,,0,0.586101805585733,0001010100
固定射影,5,141,374,3,晴れ中心型,0.9159045141645061,,0,0.21612848197228604,0100000000
固定射影,5,141,560,3,晴れ中心型,0.9159045141645061,,0,0.21612848197228604,0100000000
固定射影,5,142,196,6,橋渡し型,0.6374678851317941,,0,0.6290079416671382,0000000010
固定射影,5,142,335,5,晴れ中心型,0.5861848311595548,,0,0.6898966309822793,0000001000
固定射影,5,144,148,6,橋渡し型,0.5921562462994013,,0,0.6807193505543386,1001010010
固定射影,5,144,355,6,橋渡し型,0.5921562462994013,,0,0.6807193505543386,1001010010
固定射影,5,145,348,0,混合補助型,0.4137577150015989,,0,0.8649390350886315,0010000000
固定射影,5,148,536,2,晴れ中心型,0.5930139595574614,,0,0.6567694723687582,1111010010
固定射影,5,160,225,1,混合補助型,0.8795886254849221,,0,0.28134157650797775,0000000001
固定射影,5,160,490,1,混合補助型,0.8795886254849221,,0,0.28134157650797775,0000000001
固定射影,5,161,446,6,橋渡し型,0.6374678851317941,,0,0.6290079416671382,0000000010
固定射影,5,163,254,4,雨中心型,0.5437137643267724,,0,0.6968170888600856,0100110100
固定射影,5,164,354,2,晴れ中心型,0.5699749358673525,,0,0.709523923899999,1110001000
固定射影,5,164,399,2,晴れ中心型,0.5699749358673525,,0,0.709523923899999,1110001000
固定射影,5,168,312,6,橋渡し型,0.7647474847229363,,0,0.48265416222336116,1000000010
固定射影,5,168,525,6,橋渡し型,0.6374678851317941,,0,0.6290079416671382,0000000010
固定射影,5,169,393,6,橋渡し型,0.3904466157392041,晴れ中心型,1,0.8227185121734248,0000001010
固定射影,5,169,545,2,晴れ中心型,0.7930417786852084,,0,0.4273782115733767,1110001010
固定射影,5,172,304,4,雨中心型,0.4098020807140426,混合補助型,1,0.7908618938682542,0010100100
固定射影,5,172,382,4,雨中心型,0.4098020807140426,混合補助型,1,0.7908618938682542,0010100100
固定射影,5,177,269,0,混合補助型,0.36793190293375294,雨中心型,1,0.8426648735913109,0001010000
固定射影,5,179,512,3,晴れ中心型,0.9159045141645061,,0,0.21612848197228604,0100000000
固定射影,5,179,559,3,晴れ中心型,0.9159045141645061,,0,0.21612848197228604,0100000000
固定射影,5,190,287,1,混合補助型,0.8795886254849221,,0,0.28134157650797775,0000000001
固定射影,5,193,323,1,混合補助型,0.8795886254849221,,0,0.28134157650797775,0000000001
固定射影,5,196,197,6,橋渡し型,0.6374678851317941,,0,0.6290079416671382,0000000010
固定射影,5,201,224,2,晴れ中心型,0.8859524607559279,,0,0.26590847691163283,1011001010
固定射影,5,201,235,2,晴れ中心型,0.8859524607559279,,0,0.26590847691163283,1011001010
固定射影,5,201,572,2,晴れ中心型,0.8859524607559279,,0,0.26590847691163283,1011001010
固定射影,5,203,213,0,混合補助型,0.4137577150015989,,0,0.8649390350886315,0010000000
固定射影,5,205,373,4,雨中心型,0.3735250529636929,混合補助型,1,0.8075524858268139,0001100000
固定射影,5,208,583,0,混合補助型,0.4137577150015989,,0,0.8649390350886315,0010000000
固定射影,5,212,224,2,晴れ中心型,0.8859524607559279,,0,0.26590847691163283,1011001010
固定射影,5,212,509,2,晴れ中心型,0.8859524607559279,,0,0.26590847691163283,1011001010
固定射影,5,213,552,1,混合補助型,0.6297979838031127,,0,0.6434412635108626,0010000001
固定射影,5,216,514,6,橋渡し型,0.673331212204426,,0,0.5955741827039956,1001000010
固定射影,5,218,364,0,混合補助型,0.4137577150015989,,0,0.8649390350886315,0010000000
固定射影,5,218,496,5,晴れ中心型,0.73043491037225,,0,0.5355455615271331,0010001100
固定射影,5,219,568,1,混合補助型,0.8795886254849221,,0,0.28134157650797775,0000000001
固定射影,5,226,230,3,晴れ中心型,0.9159045141645061,,0,0.21612848197228604,0100000000
固定射影,5,230,426,3,晴れ中心型,0.9159045141645061,,0,0.21612848197228604,0100000000
固定射影,5,235,362,2,晴れ中心型,0.8859524607559279,,0,0.26590847691163283,1011001010
固定射影,5,237,534,1,混合補助型,0.8795886254849221,,0,0.28134157650797775,0000000001
固定射影,5,241,483,2,晴れ中心型,0.8859524607559279,,0,0.26590847691163283,1011001010
固定射影,5,241,572,2,晴れ中心型,0.8859524607559279,,0,0.26590847691163283,1011001010
固定射影,5,254,343,4,雨中心型,0.8084167906461579,,0,0.40510442709661926,0101110100
固定射影,5,257,541,4,雨中心型,0.7951807442754651,,0,0.4197834830721957,0001100100
固定射影,5,271,362,2,晴れ中心型,0.9159997653236936,,0,0.21526772063146518,1111001010
固定射影,5,273,500,1,混合補助型,0.8795886254849221,,0,0.28134157650797775,0000000001
固定射影,5,277,492,2,晴れ中心型,0.8155615409721181,,0,0.3842380118822743,1011011010
固定射影,5,287,491,1,混合補助型,0.8795886254849221,,0,0.28134157650797775,0000000001
固定射影,5,291,473,4,雨中心型,0.6668493031732441,,0,0.586101805585733,0001010100
固定射影,5,292,506,4,雨中心型,0.6668493031732441,,0,0.586101805585733,0001010100
固定射影,5,292,515,4,雨中心型,0.6668493031732441,,0,0.586101805585733,0001010100
固定射影,5,295,335,5,晴れ中心型,0.5861848311595548,,0,0.6898966309822793,0000001000
固定射影,5,298,354,2,晴れ中心型,0.5699749358673525,,0,0.709523923899999,1110001000
固定射影,5,301,382,4,雨中心型,0.4098020807140426,混合補助型,1,0.7908618938682542,0010100100
固定射影,5,301,396,4,雨中心型,0.4098020807140426,混合補助型,1,0.7908618938682542,0010100100
固定射影,5,302,461,2,晴れ中心型,0.8859524607559279,,0,0.26590847691163283,1011001010
固定射影,5,304,382,4,雨中心型,0.4098020807140426,混合補助型,1,0.7908618938682542,0010100100
固定射影,5,305,365,4,雨中心型,0.8084167906461579,,0,0.40510442709661926,0101110100
固定射影,5,308,485,0,混合補助型,0.5418289825565739,,0,0.742169955778953,0000100000
固定射影,5,308,490,1,混合補助型,0.5587022035571485,,0,0.679289225331904,0000100001
固定射影,5,311,420,5,晴れ中心型,0.8324672507624535,,0,0.3747163608381183,0000001100
固定射影,5,313,469,0,混合補助型,0.5418289825565739,,0,0.742169955778953,0000100000
固定射影,5,316,323,1,混合補助型,0.8795886254849221,,0,0.28134157650797775,0000000001
固定射影,5,318,511,2,晴れ中心型,0.5699749358673525,,0,0.709523923899999,1110001000
固定射影,5,341,556,3,晴れ中心型,0.9159045141645061,,0,0.21612848197228604,0100000000
固定射影,5,349,545,2,晴れ中心型,0.7930417786852084,,0,0.4273782115733767,1110001010
固定射影,5,369,409,0,混合補助型,0.26798760879080563,,0,0.9292913642111561,1000000100
固定射影,5,369,550,0,混合補助型,0.26798760879080563,,0,0.9292913642111561,1000000100
固定射影,5,372,561,6,橋渡し型,0.5161882347228631,,0,0.7369913430835856,1100000010
固定射影,5,374,560,3,晴れ中心型,0.9159045141645061,,0,0.21612848197228604,0100000000
固定射影,5,381,502,1,混合補助型,0.6158803402573433,,0,0.6598902316861276,1000000001
固定射影,5,383,420,5,晴れ中心型,0.8324672507624535,,0,0.3747163608381183,0000001100
固定射影,5,393,439,1,混合補助型,0.8795886254849221,,0,0.28134157650797775,0000000001
固定射影,5,395,400,0,混合補助型,0.5418289825565739,,0,0.742169955778953,0000100000
固定射影,5,395,479,0,混合補助型,0.5418289825565739,,0,0.742169955778953,0000100000
固定射影,5,400,479,0,混合補助型,0.5418289825565739,,0,0.742169955778953,0000100000
固定射影,5,405,489,0,混合補助型,0.5418289825565739,,0,0.742169955778953,0000100000
固定射影,5,405,587,0,混合補助型,0.5797902798145146,,0,0.6829768399065318,0000110000
固定射影,5,407,444,0,混合補助型,0.5897557553108083,,0,0.7005900009702994,0000010000
固定射影,5,407,486,0,混合補助型,0.35988241079195576,雨中心型,1,0.8029641753037949,0000010100
固定射影,5,409,422,0,混合補助型,0.340019521635929,橋渡し型,1,0.8818456138678333,1000000000
固定射影,5,418,500,1,混合補助型,0.8795886254849221,,0,0.28134157650797775,0000000001
固定射影,5,419,568,1,混合補助型,0.8795886254849221,,0,0.28134157650797775,0000000001
固定射影,5,426,565,3,晴れ中心型,0.9159045141645061,,0,0.21612848197228604,0100000000
固定射影,5,426,589,3,晴れ中心型,0.9159045141645061,,0,0.21612848197228604,0100000000
固定射影,5,439,552,1,混合補助型,0.6297979838031127,,0,0.6434412635108626,0010000001
固定射影,5,443,575,3,晴れ中心型,0.9159045141645061,,0,0.21612848197228604,0100000000
固定射影,5,444,486,0,混合補助型,0.35988241079195576,雨中心型,1,0.8029641753037949,0000010100
固定射影,5,461,509,2,晴れ中心型,0.8859524607559279,,0,0.26590847691163283,1011001010
固定射影,5,467,477,0,混合補助型,0.5797902798145146,,0,0.6829768399065318,0000110000
固定射影,5,477,587,0,混合補助型,0.5797902798145146,,0,0.6829768399065318,0000110000
固定射影,5,478,516,5,晴れ中心型,0.8324672507624535,,0,0.3747163608381183,0000001100
固定射影,5,492,529,0,混合補助型,0.5897557553108083,,0,0.7005900009702994,0000010000
固定射影,5,496,516,5,晴れ中心型,0.73043491037225,,0,0.5355455615271331,0010001100
固定射影,5,502,525,1,混合補助型,0.8795886254849221,,0,0.28134157650797775,0000000001
固定射影,5,534,559,1,混合補助型,0.8795886254849221,,0,0.28134157650797775,0000000001
固定射影,5,540,541,4,雨中心型,0.7951807442754651,,0,0.4197834830721957,0001100100
固定射影,5,543,583,0,混合補助型,0.4137577150015989,,0,0.8649390350886315,0010000000
固定射影,5,550,574,0,混合補助型,0.340019521635929,橋渡し型,1,0.8818456138678333,1000000000
固定射影,5,565,589,3,晴れ中心型,0.9159045141645061,,0,0.21612848197228604,0100000000
固定射影,6,1,443,7,晴れ中心型,0.6762757669199924,,0,0.5815724478475167,0100000000
固定射影,6,1,512,7,晴れ中心型,0.6762757669199924,,0,0.5815724478475167,0100000000
固定射影,6,2,556,7,晴れ中心型,0.6762757669199924,,0,0.5815724478475167,0100000000
固定射影,6,4,429,7,晴れ中心型,0.5138782172006847,,0,0.7450418318836209,0000000010
固定射影,6,4,554,7,晴れ中心型,0.5138782172006847,,0,0.7450418318836209,0000000010
固定射影,6,22,66,0,晴れ中心型,0.5682190982309128,,0,0.679654495165809,1001010010
固定射影,6,22,536,0,晴れ中心型,0.6724211271038734,,0,0.5762176921040653,1111010010
固定射影,6,24,205,6,雨中心型,0.5549075446579274,,0,0.6939879979882299,0001100000
固定射影,6,24,243,6,雨中心型,0.834521814526742,,0,0.3451833682737854,0000100000
固定射影,6,26,561,7,晴れ中心型,0.6762757669199924,,0,0.5815724478475167,0100000000
固定射影,6,31,291,1,雨中心型,0.6638104553164664,,0,0.5161911528586381,0001010100
固定射影,6,33,121,7,晴れ中心型,0.26522159069199264,,0,0.9216908265191467,1000001000
固定射影,6,33,463,7,晴れ中心型,0.39550627768768876,,0,0.8482904161469212,1000000000
固定射影,6,36,349,7,晴れ中心型,0.3848938410545699,,0,0.8760137727673118,0000001010
固定射影,6,42,529,4,雨中心型,0.8030850337618092,,0,0.39441753219025283,0000010000
固定射影,6,43,357,6,雨中心型,0.834521814526742,,0,0.3451833682737854,0000100000
固定射影,6,45,58,7,晴れ中心型,0.5138782172006847,,0,0.7450418318836209,0000000010
固定射影,6,45,312,7,晴れ中心型,0.3969361211083315,,0,0.850925501688534,1000000010
固定射影,6,46,365,1,雨中心型,0.8183869908394493,,0,0.37377691288448617,0101110100
固定射影,6,49,375,2,混合補助型,0.519657141212905,,0,0.718225593347035,0000000100
固定射影,6,49,378,2,混合補助型,0.519657141212905,,0,0.718225593347035,0000000100
固定射影,6,61,313,6,雨中心型,0.834521814526742,,0,0.3451833682737854,0000100000
固定射影,6,61,540,1,雨中心型,0.5491922348205972,,0,0.6493605494571092,0001100100
固定射影,6,66,216,0,晴れ中心型,0.5682190982309128,,0,0.679654495165809,1001010010
固定射影,6,69,560,7,晴れ中心型,0.6762757669199924,,0,0.5815724478475167,0100000000
固定射影,6,70,203,7,晴れ中心型,0.34652889339564297,,0,0.8550261912562908,0010000000
固定射影,6,76,78,4,雨中心型,0.8030850337618092,,0,0.39441753219025283,0000010000
固定射影,6,76,551,4,雨中心型,0.8030850337618092,,0,0.39441753219025283,0000010000
固定射影,6,78,551,4,雨中心型,0.8030850337618092,,0,0.39441753219025283,0000010000
固定射影,6,79,575,7,晴れ中心型,0.6762757669199924,,0,0.5815724478475167,0100000000
固定射影,6,80,145,7,晴れ中心型,0.34652889339564297,,0,0.8550261912562908,0010000000
固定射影,6,81,399,3,晴れ中心型,0.9455301067946299,,0,0.14486264716883432,1110001000
固定射影,6,81,511,3,晴れ中心型,0.9455301067946299,,0,0.14486264716883432,1110001000
固定射影,6,83,177,4,雨中心型,0.6071299087068555,,0,0.6259489057979424,0001010000
固定射影,6,83,269,4,雨中心型,0.6071299087068555,,0,0.6259489057979424,0001010000
固定射影,6,84,277,0,晴れ中心型,0.9124856559199789,,0,0.21579247962882242,1011011010
固定射影,6,84,492,0,晴れ中心型,0.9124856559199789,,0,0.21579247962882242,1011011010
固定射影,6,101,551,4,雨中心型,0.8030850337618092,,0,0.39441753219025283,0000010000
固定射影,6,119,341,7,晴れ中心型,0.6762757669199924,,0,0.5815724478475167,0100000000
固定射影,6,119,556,7,晴れ中心型,0.6762757669199924,,0,0.5815724478475167,0100000000
固定射影,6,121,381,5,混合補助型,0.4397830960316459,,0,0.8174130175238087,1000001001
固定射影,6,126,372,7,晴れ中心型,0.4829234074427996,,0,0.7729851175836503,1100000010
固定射影,6,131,305,1,雨中心型,0.8183869908394493,,0,0.37377691288448617,0101110100
固定射影,6,131,343,1,雨中心型,0.8183869908394493,,0,0.37377691288448617,0101110100
固定射影,6,136,489,6,雨中心型,0.834521814526742,,0,0.3451833682737854,0000100000
固定射影,6,139,174,1,雨中心型,0.4700571013736135,,0,0.7452028444105478,0001000100
固定射影,6,139,257,1,雨中心型,0.4700571013736135,,0,0.7452028444105478,0001000100
固定射影,6,140,473,1,雨中心型,0.6638104553164664,,0,0.5161911528586381,0001010100
固定射影,6,140,506,1,雨中心型,0.6638104553164664,,0,0.5161911528586381,0001010100
固定射影,6,141,374,7,晴れ中心型,0.6762757669199924,,0,0.5815724478475167,0100000000
固定射影,6,141,560,7,晴れ中心型,0.6762757669199924,,0,0.5815724478475167,0100000000
固定射影,6,142,196,7,晴れ中心型,0.5138782172006847,,0,0.7450418318836209,0000000010
固定射影,6,142,335,7,晴れ中心型,0.34636358791807176,,0,0.8665226106082661,0000001000
固定射影,6,144,148,0,晴れ中心型,0.5682190982309128,,0,0.679654495165809,1001010010
固定射影,6,144,355,0,晴れ中心型,0.5682190982309128,,0,0.679654495165809,1001010010
固定射影,6,145,348,7,晴れ中心型,0.34652889339564297,,0,0.8550261912562908,0010000000
固定射影,6,148,536,0,晴れ中心型,0.6724211271038734,,0,0.5762176921040653,1111010010
固定射影,6,160,225,5,混合補助型,0.876317929025956,,0,0.27173644737962505,0000000001
固定射影,6,160,490,5,混合補助型,0.876317929025956,,0,0.27173644737962505,0000000001
固定射影,6,161,446,7,晴れ中心型,0.5138782172006847,,0,0.7450418318836209,0000000010
固定射影,6,163,254,1,雨中心型,0.4355411373368226,,0,0.7710759923885414,0100110100
固定射影,6,164,354,3,晴れ中心型,0.9455301067946299,,0,0.14486264716883432,1110001000
固定射影,6,164,399,3,晴れ中心型,0.9455301067946299,,0,0.14486264716883432,1110001000
固定射影,6,168,312,7,晴れ中心型,0.3969361211083315,,0,0.850925501688534,1000000010
固定射影,6,168,525,7,晴れ中心型,0.5138782172006847,,0,0.7450418318836209,0000000010
固定射影,6,169,393,7,晴れ中心型,0.3848938410545699,,0,0.8760137727673118,0000001010
固定射影,6,169,545,3,晴れ中心型,0.8011210981399722,,0,0.363101034287827,1110001010
固定射影,6,172,304,2,混合補助型,0.6411763086192779,,0,0.5964026378128371,0010100100
固定射影,6,172,382,2,混合補助型,0.6411763086192779,,0,0.5964026378128371,0010100100
固定射影,6,177,269,4,雨中心型,0.6071299087068555,,0,0.6259489057979424,0001010000
固定射影,6,179,512,7,晴れ中心型,0.6762757669199924,,0,0.5815724478475167,0100000000
固定射影,6,179,559,7,晴れ中心型,0.6762757669199924,,0,0.5815724478475167,0100000000
固定射影,6,190,287,5,混合補助型,0.876317929025956,,0,0.27173644737962505,0000000001
固定射影,6,193,323,5,混合補助型,0.876317929025956,,0,0.27173644737962505,0000000001
固定射影,6,196,197,7,晴れ中心型,0.5138782172006847,,0,0.7450418318836209,0000000010
固定射影,6,201,224,0,晴れ中心型,0.8953669125855298,,0,0.23757008125607304,1011001010
固定射影,6,201,235,0,晴れ中心型,0.8953669125855298,,0,0.23757008125607304,1011001010
固定射影,6,201,572,0,晴れ中心型,0.8953669125855298,,0,0.23757008125607304,1011001010
固定射影,6,203,213,7,晴れ中心型,0.34652889339564297,,0,0.8550261912562908,0010000000
固定射影,6,205,373,6,雨中心型,0.5549075446579274,,0,0.6939879979882299,0001100000
固定射影,6,208,583,7,晴れ中心型,0.34652889339564297,,0,0.8550261912562908,0010000000
固定射影,6,212,224,0,晴れ中心型,0.8953669125855298,,0,0.23757008125607304,1011001010
固定射影,6,212,509,0,晴れ中心型,0.8953669125855298,,0,0.23757008125607304,1011001010
固定射影,6,213,552,5,混合補助型,0.6144596451221115,,0,0.6361372082209051,0010000001
固定射影,6,216,514,0,晴れ中心型,0.5688858561166104,,0,0.7002250986247955,1001000010
固定射影,6,218,364,7,晴れ中心型,0.34652889339564297,,0,0.8550261912562908,0010000000
固定射影,6,218,496,2,混合補助型,0.7020121640735738,,0,0.5611036112970429,0010001100
固定射影,6,219,568,5,混合補助型,0.876317929025956,,0,0.27173644737962505,0000000001
固定射影,6,226,230,7,晴れ中心型,0.6762757669199924,,0,0.5815724478475167,0100000000
固定射影,6,230,426,7,晴れ中心型,0.6762757669199924,,0,0.5815724478475167,0100000000
固定射影,6,235,362,0,晴れ中心型,0.8953669125855298,,0,0.23757008125607304,1011001010
固定射影,6,237,534,5,混合補助型,0.876317929025956,,0,0.27173644737962505,0000000001
固定射影,6,241,483,0,晴れ中心型,0.8953669125855298,,0,0.23757008125607304,1011001010
固定射影,6,241,572,0,晴れ中心型,0.8953669125855298,,0,0.23757008125607304,1011001010
固定射影,6,254,343,1,雨中心型,0.8183869908394493,,0,0.37377691288448617,0101110100
固定射影,6,257,541,1,雨中心型,0.5491922348205972,,0,0.6493605494571092,0001100100
固定射影,6,271,362,0,晴れ中心型,0.5897878475350071,晴れ中心型,1,0.4885206921057237,1111001010
固定射影,6,273,500,5,混合補助型,0.876317929025956,,0,0.27173644737962505,0000000001
固定射影,6,277,492,0,晴れ中心型,0.9124856559199789,,0,0.21579247962882242,1011011010
固定射影,6,287,491,5,混合補助型,0.876317929025956,,0,0.27173644737962505,0000000001
固定射影,6,291,473,1,雨中心型,0.6638104553164664,,0,0.5161911528586381,0001010100
固定射影,6,292,506,1,雨中心型,0.6638104553164664,,0,0.5161911528586381,0001010100
固定射影,6,292,515,1,雨中心型,0.6638104553164664,,0,0.5161911528586381,0001010100
固定射影,6,295,335,7,晴れ中心型,0.34636358791807176,,0,0.8665226106082661,0000001000
固定射影,6,298,354,3,晴れ中心型,0.9455301067946299,,0,0.14486264716883432,1110001000
固定射影,6,301,382,2,混合補助型,0.6411763086192779,,0,0.5964026378128371,0010100100
固定射影,6,301,396,2,混合補助型,0.6411763086192779,,0,0.5964026378128371,0010100100
固定射影,6,302,461,0,晴れ中心型,0.8953669125855298,,0,0.23757008125607304,1011001010
固定射影,6,304,382,2,混合補助型,0.6411763086192779,,0,0.5964026378128371,0010100100
固定射影,6,305,365,1,雨中心型,0.8183869908394493,,0,0.37377691288448617,0101110100
固定射影,6,308,485,6,雨中心型,0.834521814526742,,0,0.3451833682737854,0000100000
固定射影,6,308,490,6,雨中心型,0.4194404968010459,混合補助型,1,0.665813470137631,0000100001
固定射影,6,311,420,2,混合補助型,0.5966473090442552,,0,0.6721475171294076,0000001100
固定射影,6,313,469,6,雨中心型,0.834521814526742,,0,0.3451833682737854,0000100000
固定射影,6,316,323,5,混合補助型,0.876317929025956,,0,0.27173644737962505,0000000001
固定射影,6,318,511,3,晴れ中心型,0.9455301067946299,,0,0.14486264716883432,1110001000
固定射影,6,341,556,7,晴れ中心型,0.6762757669199924,,0,0.5815724478475167,0100000000
固定射影,6,349,545,3,晴れ中心型,0.8011210981399722,,0,0.363101034287827,1110001010
固定射影,6,369,409,2,混合補助型,0.42847627662047405,,0,0.8224235344985611,1000000100
固定射影,6,369,550,2,混合補助型,0.42847627662047405,,0,0.8224235344985611,1000000100
固定射影,6,372,561,7,晴れ中心型,0.4829234074427996,,0,0.7729851175836503,1100000010
固定射影,6,374,560,7,晴れ中心型,0.6762757669199924,,0,0.5815724478475167,0100000000
固定射影,6,381,502,5,混合補助型,0.6312166993273308,,0,0.6194339262301892,1000000001
固定射影,6,383,420,2,混合補助型,0.5966473090442552,,0,0.6721475171294076,0000001100
固定射影,6,393,439,5,混合補助型,0.876317929025956,,0,0.27173644737962505,0000000001
固定射影,6,395,400,6,雨中心型,0.834521814526742,,0,0.3451833682737854,0000100000
固定射影,6,395,479,6,雨中心型,0.834521814526742,,0,0.3451833682737854,0000100000
固定射影,6,400,479,6,雨中心型,0.834521814526742,,0,0.3451833682737854,0000100000
固定射影,6,405,489,6,雨中心型,0.834521814526742,,0,0.3451833682737854,0000100000
固定射影,6,405,587,6,雨中心型,0.5042888901377398,雨中心型,1,0.6635689854658373,0000110000
固定射影,6,407,444,4,雨中心型,0.8030850337618092,,0,0.39441753219025283,0000010000
固定射影,6,407,486,4,雨中心型,0.467016487853433,,0,0.7209949686772912,0000010100
固定射影,6,409,422,7,晴れ中心型,0.39550627768768876,,0,0.8482904161469212,1000000000
固定射影,6,418,500,5,混合補助型,0.876317929025956,,0,0.27173644737962505,0000000001
固定射影,6,419,568,5,混合補助型,0.876317929025956,,0,0.27173644737962505,0000000001
固定射影,6,426,565,7,晴れ中心型,0.6762757669199924,,0,0.5815724478475167,0100000000
固定射影,6,426,589,7,晴れ中心型,0.6762757669199924,,0,0.5815724478475167,0100000000
固定射影,6,439,552,5,混合補助型,0.6144596451221115,,0,0.6361372082209051,0010000001
固定射影,6,443,575,7,晴れ中心型,0.6762757669199924,,0,0.5815724478475167,0100000000
固定射影,6,444,486,4,雨中心型,0.467016487853433,,0,0.7209949686772912,0000010100
固定射影,6,461,509,0,晴れ中心型,0.8953669125855298,,0,0.23757008125607304,1011001010
固定射影,6,467,477,6,雨中心型,0.5042888901377398,雨中心型,1,0.6635689854658373,0000110000
固定射影,6,477,587,6,雨中心型,0.5042888901377398,雨中心型,1,0.6635689854658373,0000110000
固定射影,6,478,516,2,混合補助型,0.5966473090442552,,0,0.6721475171294076,0000001100
固定射影,6,492,529,4,雨中心型,0.8030850337618092,,0,0.39441753219025283,0000010000
固定射影,6,496,516,2,混合補助型,0.7020121640735738,,0,0.5611036112970429,0010001100
固定射影,6,502,525,5,混合補助型,0.876317929025956,,0,0.27173644737962505,0000000001
固定射影,6,534,559,5,混合補助型,0.876317929025956,,0,0.27173644737962505,0000000001
固定射影,6,540,541,1,雨中心型,0.5491922348205972,,0,0.6493605494571092,0001100100
固定射影,6,543,583,7,晴れ中心型,0.34652889339564297,,0,0.8550261912562908,0010000000
固定射影,6,550,574,7,晴れ中心型,0.39550627768768876,,0,0.8482904161469212,1000000000
固定射影,6,565,589,7,晴れ中心型,0.6762757669199924,,0,0.5815724478475167,0100000000
異なる射影,1,0,290,5,汎用型,0.806381462981777,,0,0.3719716012810213,1001001010
異なる射影,1,0,384,5,汎用型,0.806381462981777,,0,0.3719716012810213,1001001010
異なる射影,1,0,393,5,汎用型,0.806381462981777,,0,0.3719716012810213,1001001010
異なる射影,1,0,455,5,汎用型,0.806381462981777,,0,0.3719716012810213,1001001010
異なる射影,1,2,237,0,混合補助型,0.34341921105968287,,0,0.8598603739479322,0010000100
異なる射影,1,2,556,1,雨中心型,0.43129141140950317,,0,0.8021277113548483,0000000100
異なる射影,1,3,252,1,雨中心型,0.37821595380805034,,0,0.8493183391484767,0000010100
異なる射影,1,3,422,1,雨中心型,0.31116257367931527,,0,0.8649687235383345,0000010110
異なる射影,1,4,429,1,雨中心型,0.46412613954202253,,0,0.7660707940786516,0001110100
異なる射影,1,4,554,1,雨中心型,0.46412613954202253,,0,0.7660707940786516,0001110100
異なる射影,1,14,223,2,晴れ中心型,0.8459734439801057,,0,0.32509183189256785,0100000000
異なる射影,1,17,559,0,混合補助型,0.6512574113603695,,0,0.6105965135231259,0010000000
異なる射影,1,22,66,4,雨中心型,0.8787593797935754,,0,0.2851738987077633,0111010110
異なる射影,1,22,536,4,雨中心型,0.8787593797935754,,0,0.2851738987077633,0111010110
異なる射影,1,26,414,6,橋渡し型,0.39084607865471843,混合補助型,1,0.8075682397561059,1000000000
異なる射影,1,26,561,0,混合補助型,0.4546326442115064,,0,0.7977519944132752,1010000000
異なる射影,1,42,195,0,混合補助型,0.6512574113603695,,0,0.6105965135231259,0010000000
異なる射影,1,42,529,0,混合補助型,0.6512574113603695,,0,0.6105965135231259,0010000000
異なる射影,1,43,357,6,橋渡し型,0.6157818029047863,,0,0.6565840179130785,1000000010
異なる射影,1,46,131,2,晴れ中心型,0.8459734439801057,,0,0.32509183189256785,0100000000
異なる射影,1,46,365,2,晴れ中心型,0.8459734439801057,,0,0.32509183189256785,0100000000
異なる射影,1,48,56,0,混合補助型,0.36535745498348476,,0,0.843435942834651,0000010000
異なる射影,1,53,348,6,橋渡し型,0.6066408613585866,,0,0.6602384246268471,1001110010
異なる射影,1,53,452,6,橋渡し型,0.6066408613585866,,0,0.6602384246268471,1001110010
異なる射影,1,56,80,6,橋渡し型,0.5719200116312633,,0,0.7039723004824713,1001010000
異なる射影,1,58,358,3,混合補助型,0.5548217875720334,,0,0.7209621566521651,0000000011
異なる射影,1,63,519,7,晴れ中心型,0.7858878643186968,,0,0.42656475101156743,0000001000
異なる射影,1,66,216,4,雨中心型,0.8787593797935754,,0,0.2851738987077633,0111010110
異なる射影,1,69,141,5,汎用型,0.7723537864844159,,0,0.4577390952039555,1011001111
異なる射影,1,69,278,3,混合補助型,0.8819247099340474,,0,0.270467481991416,0000000001
異なる射影,1,70,203,7,晴れ中心型,0.7858878643186968,,0,0.42656475101156743,0000001000
異なる射影,1,70,460,7,晴れ中心型,0.7858878643186968,,0,0.42656475101156743,0000001000
異なる射影,1,74,113,3,混合補助型,0.8819247099340474,,0,0.270467481991416,0000000001
異なる射影,1,77,138,1,雨中心型,0.668229460368729,,0,0.5934404150225836,0000100111
異なる射影,1,77,358,1,雨中心型,0.668229460368729,,0,0.5934404150225836,0000100111
異なる射影,1,80,145,6,橋渡し型,0.5719200116312633,,0,0.7039723004824713,1001010000
異なる射影,1,81,399,7,晴れ中心型,0.46879993514628404,,0,0.7986057211652333,0000101010
異なる射影,1,91,591,0,混合補助型,0.3129219888136101,,0,0.8933165038074131,0001000000
異なる射影,1,94,218,6,橋渡し型,0.5801745985601641,,0,0.6713674691460579,1000010000
異なる射影,1,94,413,6,橋渡し型,0.5801745985601641,,0,0.6713674691460579,1000010000
異なる射影,1,97,207,2,晴れ中心型,0.8459734439801057,,0,0.32509183189256785,0100000000
異なる射影,1,97,240,2,晴れ中心型,0.8459734439801057,,0,0.32509183189256785,0100000000
異なる射影,1,102,580,2,晴れ中心型,0.8459734439801057,,0,0.32509183189256785,0100000000
異なる射影,1,105,433,7,晴れ中心型,0.6094989792803568,,0,0.6587774312882781,0001001000
異なる射影,1,105,590,7,晴れ中心型,0.6094989792803568,,0,0.6587774312882781,0001001000
異なる射影,1,107,554,1,雨中心型,0.46412613954202253,,0,0.7660707940786516,0001110100
異なる射影,1,109,292,0,混合補助型,0.36056537094946767,晴れ中心型,1,0.7892412603322312,0110100000
異なる射影,1,109,515,0,混合補助型,0.36056537094946767,晴れ中心型,1,0.7892412603322312,0110100000
異なる射影,1,111,586,6,橋渡し型,0.6157818029047863,,0,0.6565840179130785,1000000010
異なる射影,1,115,133,0,混合補助型,0.6512574113603695,,0,0.6105965135231259,0010000000
異なる射影,1,118,151,3,混合補助型,0.8819247099340474,,0,0.270467481991416,0000000001
異なる射影,1,119,341,1,雨中心型,0.7111179356252594,,0,0.5303144164260903,0000100100
異なる射影,1,119,556,1,雨中心型,0.43129141140950317,,0,0.8021277113548483,0000000100
異なる射影,1,126,319,0,混合補助型,0.4546326442115064,,0,0.7977519944132752,1010000000
異なる射影,1,126,372,0,混合補助型,0.4546326442115064,,0,0.7977519944132752,1010000000
異なる射影,1,127,208,0,混合補助型,0.3662045626200857,,0,0.8339439695332209,0000100000
異なる射影,1,131,305,1,雨中心型,0.43129141140950317,,0,0.8021277113548483,0000000100
異なる射影,1,131,343,2,晴れ中心型,0.8459734439801057,,0,0.32509183189256785,0100000000
異なる射影,1,133,137,0,混合補助型,0.6512574113603695,,0,0.6105965135231259,0010000000
異なる射影,1,138,281,1,雨中心型,0.668229460368729,,0,0.5934404150225836,0000100111
異なる射影,1,139,174,7,晴れ中心型,0.7858878643186968,,0,0.42656475101156743,0000001000
異なる射影,1,141,374,5,汎用型,0.7032006356844168,,0,0.5362126463622342,1011001110
異なる射影,1,141,560,5,汎用型,0.7723537864844159,,0,0.4577390952039555,1011001111
異なる射影,1,142,196,1,雨中心型,0.7220539333194433,,0,0.49860054117458585,0000100101
異なる射影,1,142,335,1,雨中心型,0.7220539333194433,,0,0.49860054117458585,0000100101
異なる射影,1,144,148,4,雨中心型,0.8233942341960278,,0,0.37320817202686024,0111110110
異なる射影,1,144,355,4,雨中心型,0.6841068088094723,,0,0.5489620055115536,0011110110
異なる射影,1,144,570,0,混合補助型,0.36535745498348476,,0,0.843435942834651,0000010000
異なる射影,1,145,348,0,混合補助型,0.36535745498348476,,0,0.843435942834651,0000010000
異なる射影,1,148,355,4,雨中心型,0.8233942341960278,,0,0.37320817202686024,0111110110
異なる射影,1,148,536,4,雨中心型,0.8787593797935754,,0,0.2851738987077633,0111010110
異なる射影,1,149,580,2,晴れ中心型,0.8459734439801057,,0,0.32509183189256785,0100000000
異なる射影,1,151,331,3,混合補助型,0.8819247099340474,,0,0.270467481991416,0000000001
異なる射影,1,153,258,3,混合補助型,0.8819247099340474,,0,0.270467481991416,0000000001
異なる射影,1,160,490,5,汎用型,0.5461199920832737,,0,0.6961551527827301,1000001011
異なる射影,1,163,253,2,晴れ中心型,0.8459734439801057,,0,0.32509183189256785,0100000000
異なる射影,1,163,254,2,晴れ中心型,0.8459734439801057,,0,0.32509183189256785,0100000000
異なる射影,1,164,354,7,晴れ中心型,0.5852681616410326,,0,0.6859099126519773,0000001010
異なる射影,1,164,399,7,晴れ中心型,0.46879993514628404,,0,0.7986057211652333,0000101010
異なる射影,1,174,280,7,晴れ中心型,0.7858878643186968,,0,0.42656475101156743,0000001000
異なる射影,1,178,204,2,晴れ中心型,0.8459734439801057,,0,0.32509183189256785,0100000000
異なる射影,1,178,562,2,晴れ中心型,0.8459734439801057,,0,0.32509183189256785,0100000000
異なる射影,1,182,393,5,汎用型,0.4248292846650744,晴れ中心型,1,0.7530194457464214,1001001000
異なる射影,1,184,490,5,汎用型,0.8545963479183285,,0,0.3163075343025945,1001001011
異なる射影,1,184,569,5,汎用型,0.8545963479183285,,0,0.3163075343025945,1001001011
異なる射影,1,187,264,2,晴れ中心型,0.4922235923412055,混合補助型,1,0.6737539194995411,0110000000
異なる射影,1,187,457,2,晴れ中心型,0.4922235923412055,混合補助型,1,0.6737539194995411,0110000000
異なる射影,1,188,519,7,晴れ中心型,0.7858878643186968,,0,0.42656475101156743,0000001000
異なる射影,1,196,197,1,雨中心型,0.7220539333194433,,0,0.49860054117458585,0000100101
異なる射影,1,197,217,1,雨中心型,0.41322587335443434,混合補助型,1,0.7024285021147256,0000000101
異なる射影,1,200,382,2,晴れ中心型,0.5913738636141257,,0,0.6578499978845719,0100000100
異なる射影,1,200,505,2,晴れ中心型,0.5913738636141257,,0,0.6578499978845719,0100000100
異なる射影,1,201,271,2,晴れ中心型,0.8459734439801057,,0,0.32509183189256785,0100000000
異なる射影,1,201,572,2,晴れ中心型,0.8459734439801057,,0,0.32509183189256785,0100000000
異なる射影,1,207,240,2,晴れ中心型,0.8459734439801057,,0,0.32509183189256785,0100000000
異なる射影,1,207,324,2,晴れ中心型,0.8459734439801057,,0,0.32509183189256785,0100000000
異なる射影,1,208,583,0,混合補助型,0.3662045626200857,,0,0.8339439695332209,0000100000
異なる射影,1,216,484,4,雨中心型,0.4728065661805826,,0,0.7631281235148114,1010010100
異なる射影,1,216,514,4,雨中心型,0.6227639229184453,,0,0.6105644233097298,0110010100
異なる射影,1,218,496,6,橋渡し型,0.39084607865471843,混合補助型,1,0.8075682397561059,1000000000
異なる射影,1,219,569,5,汎用型,0.5461199920832737,,0,0.6961551527827301,1000001011
異なる射影,1,221,315,3,混合補助型,0.8819247099340474,,0,0.270467481991416,0000000001
異なる射影,1,221,567,3,混合補助型,0.8819247099340474,,0,0.270467481991416,0000000001
異なる射影,1,223,562,2,晴れ中心型,0.8459734439801057,,0,0.32509183189256785,0100000000
異なる射影,1,233,236,6,橋渡し型,0.2597430561667555,,0,0.9075787464326815,0000000010
異なる射影,1,235,362,2,晴れ中心型,0.8459734439801057,,0,0.32509183189256785,0100000000
異なる射影,1,236,448,6,橋渡し型,0.2597430561667555,,0,0.9075787464326815,0000000010
異なる射影,1,237,534,0,混合補助型,0.6512574113603695,,0,0.6105965135231259,0010000000
異なる射影,1,248,281,1,雨中心型,0.668229460368729,,0,0.5934404150225836,0000100111
異なる射影,1,252,422,0,混合補助型,0.36535745498348476,,0,0.843435942834651,0000010000
異なる射影,1,254,343,2,晴れ中心型,0.8459734439801057,,0,0.32509183189256785,0100000000
異なる射影,1,258,428,3,混合補助型,0.8819247099340474,,0,0.270467481991416,0000000001
異なる射影,1,271,362,2,晴れ中心型,0.8459734439801057,,0,0.32509183189256785,0100000000
異なる射影,1,277,492,7,晴れ中心型,0.5206488423188614,混合補助型,1,0.68772172846744,0010001000
異なる射影,1,278,530,3,混合補助型,0.8819247099340474,,0,0.270467481991416,0000000001
異なる射影,1,292,515,0,混合補助型,0.36056537094946767,晴れ中心型,1,0.7892412603322312,0110100000
異なる射影,1,301,382,2,晴れ中心型,0.5913738636141257,,0,0.6578499978845719,0100000100
異なる射影,1,301,396,2,晴れ中心型,0.5913738636141257,,0,0.6578499978845719,0100000100
異なる射影,1,305,365,1,雨中心型,0.43129141140950317,,0,0.8021277113548483,0000000100
異なる射影,1,341,556,1,雨中心型,0.7111179356252594,,0,0.5303144164260903,0000100100
異なる射影,1,347,591,0,混合補助型,0.3129219888136101,,0,0.8933165038074131,0001000000
異なる射影,1,347,593,0,混合補助型,0.3129219888136101,,0,0.8933165038074131,0001000000
異なる射影,1,348,452,6,橋渡し型,0.6066408613585866,,0,0.6602384246268471,1001110010
異なる射影,1,353,514,2,晴れ中心型,0.3756372861258573,,0,0.8021669082141536,0110000100
異なる射影,1,355,570,0,混合補助型,0.36535745498348476,,0,0.843435942834651,0000010000
異なる射影,1,357,586,6,橋渡し型,0.6157818029047863,,0,0.6565840179130785,1000000010
異なる射影,1,372,561,0,混合補助型,0.4546326442115064,,0,0.7977519944132752,1010000000
異なる射影,1,374,560,5,汎用型,0.7032006356844168,,0,0.5362126463622342,1011001110
異なる射影,1,382,505,2,晴れ中心型,0.8459734439801057,,0,0.32509183189256785,0100000000
異なる射影,1,384,455,5,汎用型,0.806381462981777,,0,0.3719716012810213,1001001010
異なる射影,1,407,486,0,混合補助型,0.3300320805097546,,0,0.8531648415383765,0000110000
異なる射影,1,408,422,6,橋渡し型,0.4233799741543608,,0,0.8360853781430396,0000010010
異なる射影,1,425,484,4,雨中心型,0.4728065661805826,,0,0.7631281235148114,1010010100
異なる射影,1,425,565,4,雨中心型,0.4728065661805826,,0,0.7631281235148114,1010010100
異なる射影,1,433,590,7,晴れ中心型,0.6094989792803568,,0,0.6587774312882781,0001001000
異なる射影,1,444,486,0,混合補助型,0.36535745498348476,,0,0.843435942834651,0000010000
異なる射影,1,492,529,7,晴れ中心型,0.5206488423188614,混合補助型,1,0.68772172846744,0010001000
異なる射影,1,534,559,0,混合補助型,0.6512574113603695,,0,0.6105965135231259,0010000000
異なる射影,1,543,583,0,混合補助型,0.3662045626200857,,0,0.8339439695332209,0000100000
異なる射影,1,565,589,4,雨中心型,0.4728065661805826,,0,0.7631281235148114,1010010100
異なる射影,1,591,593,0,混合補助型,0.3129219888136101,,0,0.8933165038074131,0001000000
異なる射影,2,2,237,7,橋渡し型,0.5751184508350392,,0,0.628734756293633,0110111100
異なる射影,2,2,379,5,雨中心型,0.48210340129057944,,0,0.746299772245126,0000111100
異なる射影,2,2,556,7,橋渡し型,0.5751184508350392,,0,0.628734756293633,0110111100
異なる射影,2,9,21,0,混合補助型,0.6639126752077441,,0,0.588381564153508,0010000000
異なる射影,2,17,341,6,雨中心型,0.47934047680998865,,0,0.7351230468572748,0010010100
異なる射影,2,17,559,1,混合補助型,0.4683273964753994,混合補助型,1,0.7237609343108192,0110000000
異なる射影,2,21,366,0,混合補助型,0.6639126752077441,,0,0.588381564153508,0010000000
異なる射影,2,22,536,2,混合補助型,0.9002855243966077,,0,0.22850506638274157,0000000001
異なる射影,2,24,205,5,雨中心型,0.5951641729516949,,0,0.6882471956317101,0001010100
異なる射影,2,24,243,5,雨中心型,0.5951641729516949,,0,0.6882471956317101,0001010100
異なる射影,2,30,549,4,橋渡し型,0.8948825197797268,,0,0.24932072142981754,1101010010
異なる射影,2,53,452,2,混合補助型,0.6772645800282998,,0,0.5593519822678141,0000000011
異なる射影,2,64,196,6,雨中心型,0.8049753480790307,,0,0.3839973109606645,0010100100
異なる射影,2,64,298,6,雨中心型,0.8049753480790307,,0,0.3839973109606645,0010100100
異なる射影,2,74,113,5,雨中心型,0.48210340129057944,,0,0.746299772245126,0000111100
異なる射影,2,74,442,5,雨中心型,0.48210340129057944,,0,0.746299772245126,0000111100
異なる射影,2,75,245,2,混合補助型,0.9002855243966077,,0,0.22850506638274157,0000000001
異なる射影,2,77,138,4,橋渡し型,0.7275275962133931,,0,0.5036482619427711,1001000010
異なる射影,2,77,358,4,橋渡し型,0.3187285761044187,混合補助型,1,0.8158727583958295,1001000000
異なる射影,2,78,467,1,混合補助型,0.7983826289371174,,0,0.41012405884671443,0100100000
異なる射影,2,78,551,1,混合補助型,0.7460815389931347,,0,0.4716422211059956,0100000000
異なる射影,2,80,145,2,混合補助型,0.9002855243966077,,0,0.22850506638274157,0000000001
異なる射影,2,81,399,0,混合補助型,0.6639126752077441,,0,0.588381564153508,0010000000
異なる射影,2,82,265,0,混合補助型,0.38144146813506186,,0,0.8463037235409137,0001000000
異なる射影,2,82,508,0,混合補助型,0.38144146813506186,,0,0.8463037235409137,0001000000
異なる射影,2,89,332,0,混合補助型,0.3605400196789057,混合補助型,1,0.8147401929367092,0000100000
異なる射影,2,101,551,1,混合補助型,0.7460815389931347,,0,0.4716422211059956,0100000000
異なる射影,2,102,580,0,混合補助型,0.41337940876547147,,0,0.821644705219255,0000000010
異なる射影,2,113,379,5,雨中心型,0.48210340129057944,,0,0.746299772245126,0000111100
異なる射影,2,114,147,3,混合補助型,0.8584557877492148,,0,0.3193543429563045,1000011000
異なる射影,2,114,293,0,混合補助型,0.45107832370564566,,0,0.7793442248436853,0000001000
異なる射影,2,119,341,6,雨中心型,0.7080212210618542,,0,0.497670636796688,0010110100
異なる射影,2,119,442,5,雨中心型,0.48210340129057944,,0,0.746299772245126,0000111100
異なる射影,2,125,266,4,橋渡し型,0.8948825197797268,,0,0.24932072142981754,1101010010
異なる射影,2,125,333,4,橋渡し型,0.8948825197797268,,0,0.24932072142981754,1101010010
異なる射影,2,127,208,4,橋渡し型,0.6504236135385505,,0,0.5896082087344341,1100000010
異なる射影,2,127,543,4,橋渡し型,0.6504236135385505,,0,0.5896082087344341,1100000010
異なる射影,2,136,489,0,混合補助型,0.3605400196789057,混合補助型,1,0.8147401929367092,0000100000
異なる射影,2,138,281,4,橋渡し型,0.7275275962133931,,0,0.5036482619427711,1001000010
異なる射影,2,139,174,5,雨中心型,0.35010798074059685,混合補助型,1,0.8477242772000083,1000000100
異なる射影,2,139,280,5,雨中心型,0.5335397128932617,,0,0.7092820127132369,0000000100
異なる射影,2,140,473,0,混合補助型,0.6639126752077441,,0,0.588381564153508,0010000000
異なる射影,2,140,506,0,混合補助型,0.6639126752077441,,0,0.588381564153508,0010000000
異なる射影,2,142,196,5,雨中心型,0.5833892553233392,,0,0.678407514939794,0001110100
異なる射影,2,142,335,5,雨中心型,0.5335397128932617,,0,0.7092820127132369,0000000100
異なる射影,2,145,348,2,混合補助型,0.9002855243966077,,0,0.22850506638274157,0000000001
異なる射影,2,147,459,3,混合補助型,0.8584557877492148,,0,0.3193543429563045,1000011000
異なる射影,2,148,536,2,混合補助型,0.9002855243966077,,0,0.22850506638274157,0000000001
異なる射影,2,149,580,2,混合補助型,0.6772645800282998,,0,0.5593519822678141,0000000011
異なる射影,2,153,215,3,混合補助型,0.5663424784932583,,0,0.6989697767240484,1000010000
異なる射影,2,153,258,3,混合補助型,0.5663424784932583,,0,0.6989697767240484,1000010000
異なる射影,2,161,389,0,混合補助型,0.6639126752077441,,0,0.588381564153508,0010000000
異なる射影,2,161,446,0,混合補助型,0.6639126752077441,,0,0.588381564153508,0010000000
異なる射影,2,164,354,6,雨中心型,0.8049753480790307,,0,0.3839973109606645,0010100100
異なる射影,2,164,399,6,雨中心型,0.5016110194726882,,0,0.7019606304669059,0010000100
異なる射影,2,174,280,5,雨中心型,0.35010798074059685,混合補助型,1,0.8477242772000083,1000000100
異なる射影,2,190,287,2,混合補助型,0.9002855243966077,,0,0.22850506638274157,0000000001
異なる射影,2,196,197,5,雨中心型,0.5833892553233392,,0,0.678407514939794,0001110100
異なる射影,2,201,224,0,混合補助型,0.3761709706659629,,0,0.8419676703060535,0010100010
異なる射影,2,201,235,7,橋渡し型,0.8959192106986098,,0,0.24277599047153464,0110111110
異なる射影,2,201,572,7,橋渡し型,0.8959192106986098,,0,0.24277599047153464,0110111110
異なる射影,2,205,373,5,雨中心型,0.5368141578666293,,0,0.7361795436299601,0001000100
異なる射影,2,208,583,4,橋渡し型,0.6504236135385505,,0,0.5896082087344341,1100000010
異なる射影,2,212,224,7,橋渡し型,0.38729348929553414,,0,0.8273095312773997,0010110010
異なる射影,2,212,509,7,橋渡し型,0.38729348929553414,,0,0.8273095312773997,0010110010
異なる射影,2,213,466,0,混合補助型,0.3605400196789057,混合補助型,1,0.8147401929367092,0000100000
異なる射影,2,213,552,0,混合補助型,0.3605400196789057,混合補助型,1,0.8147401929367092,0000100000
異なる射影,2,214,283,3,混合補助型,0.6416763063953073,,0,0.6024906598379309,1000001000
異なる射影,2,215,258,3,混合補助型,0.5663424784932583,,0,0.6989697767240484,1000010000
異なる射影,2,216,484,0,混合補助型,0.5811729598579712,,0,0.6993191985162132,0010001000
異なる射影,2,218,364,4,橋渡し型,0.9069925231204207,,0,0.22720414043988396,1101000010
異なる射影,2,218,496,3,混合補助型,0.6416763063953073,,0,0.6024906598379309,1000001000
異なる射影,2,219,419,2,混合補助型,0.9002855243966077,,0,0.22850506638274157,0000000001
異なる射影,2,219,568,2,混合補助型,0.9002855243966077,,0,0.22850506638274157,0000000001
異なる射影,2,233,236,2,混合補助型,0.9002855243966077,,0,0.22850506638274157,0000000001
異なる射影,2,235,362,7,橋渡し型,0.7793099338986267,,0,0.4484268034815045,0110011110
異なる射影,2,236,448,2,混合補助型,0.9002855243966077,,0,0.22850506638274157,0000000001
異なる射影,2,237,534,6,雨中心型,0.5049662443983305,橋渡し型,1,0.6878635019199794,0110110100
異なる射影,2,241,483,7,橋渡し型,0.7793099338986267,,0,0.4484268034815045,0110011110
異なる射影,2,241,572,7,橋渡し型,0.7793099338986267,,0,0.4484268034815045,0110011110
異なる射影,2,243,555,5,雨中心型,0.5951641729516949,,0,0.6882471956317101,0001010100
異なる射影,2,244,359,5,雨中心型,0.5335397128932617,,0,0.7092820127132369,0000000100
異なる射影,2,245,285,2,混合補助型,0.9002855243966077,,0,0.22850506638274157,0000000001
異なる射影,2,248,281,4,橋渡し型,0.3187285761044187,混合補助型,1,0.8158727583958295,1001000000
異なる射影,2,252,422,0,混合補助型,0.39516987131960163,,0,0.8656122801181907,0000001010
異なる射影,2,258,428,3,混合補助型,0.5663424784932583,,0,0.6989697767240484,1000010000
異なる射影,2,261,319,1,混合補助型,0.7983826289371174,,0,0.41012405884671443,0100100000
異なる射影,2,261,332,1,混合補助型,0.7983826289371174,,0,0.41012405884671443,0100100000
異なる射影,2,265,412,0,混合補助型,0.38144146813506186,,0,0.8463037235409137,0001000000
異なる射影,2,265,508,0,混合補助型,0.38144146813506186,,0,0.8463037235409137,0001000000
異なる射影,2,266,549,4,橋渡し型,0.8948825197797268,,0,0.24932072142981754,1101010010
異なる射影,2,271,362,7,橋渡し型,0.5724638046186944,,0,0.7099771708601063,0110011010
異なる射影,2,280,469,5,雨中心型,0.5335397128932617,,0,0.7092820127132369,0000000100
異なる射影,2,283,370,3,混合補助型,0.4455721947054705,混合補助型,1,0.7552904756250183,1010001000
異なる射影,2,287,491,2,混合補助型,0.9002855243966077,,0,0.22850506638274157,0000000001
異なる射影,2,298,354,6,雨中心型,0.8049753480790307,,0,0.3839973109606645,0010100100
異なる射影,2,304,466,0,混合補助型,0.3605400196789057,混合補助型,1,0.8147401929367092,0000100000
異なる射影,2,311,420,1,混合補助型,0.7460815389931347,,0,0.4716422211059956,0100000000
異なる射影,2,319,332,0,混合補助型,0.3605400196789057,混合補助型,1,0.8147401929367092,0000100000
異なる射影,2,320,333,4,橋渡し型,0.8948825197797268,,0,0.24932072142981754,1101010010
異なる射影,2,320,364,4,橋渡し型,0.8948825197797268,,0,0.24932072142981754,1101010010
異なる射影,2,327,431,3,混合補助型,0.629044773630379,,0,0.5900837884059548,1001011100
異なる射影,2,327,522,3,混合補助型,0.629044773630379,,0,0.5900837884059548,1001011100
異なる射影,2,330,366,0,混合補助型,0.6639126752077441,,0,0.588381564153508,0010000000
異なる射影,2,330,423,0,混合補助型,0.6639126752077441,,0,0.588381564153508,0010000000
異なる射影,2,338,440,7,橋渡し型,0.8463214116836989,,0,0.3270718163948508,0011111110
異なる射影,2,338,530,7,橋渡し型,0.8463214116836989,,0,0.3270718163948508,0011111110
異なる射影,2,341,556,0,混合補助型,0.6639126752077441,,0,0.588381564153508,0010000000
異なる射影,2,348,452,0,混合補助型,0.41337940876547147,,0,0.821644705219255,0000000010
異なる射影,2,359,397,5,雨中心型,0.5335397128932617,,0,0.7092820127132369,0000000100
異なる射影,2,363,530,7,橋渡し型,0.8463214116836989,,0,0.3270718163948508,0011111110
異なる射影,2,363,571,7,橋渡し型,0.8463214116836989,,0,0.3270718163948508,0011111110
異なる射影,2,370,488,3,混合補助型,0.4455721947054705,混合補助型,1,0.7552904756250183,1010001000
異なる射影,2,383,420,1,混合補助型,0.7460815389931347,,0,0.4716422211059956,0100000000
異なる射影,2,392,526,3,混合補助型,0.7790510578860091,,0,0.4302221855661129,1001011000
異なる射影,2,395,400,1,混合補助型,0.7460815389931347,,0,0.4716422211059956,0100000000
異なる射影,2,395,479,1,混合補助型,0.7460815389931347,,0,0.4716422211059956,0100000000
異なる射影,2,400,479,1,混合補助型,0.7460815389931347,,0,0.4716422211059956,0100000000
異なる射影,2,405,489,2,混合補助型,0.55468612842295,,0,0.675711838414757,0000100001
異なる射影,2,405,587,1,混合補助型,0.5359344813545055,混合補助型,1,0.6660669128471238,0100100001
異なる射影,2,407,444,5,雨中心型,0.5335397128932617,,0,0.7092820127132369,0000000100
異なる射影,2,407,486,5,雨中心型,0.5015022082208738,雨中心型,1,0.6935271137224475,0000100100
異なる射影,2,408,422,0,混合補助型,0.39516987131960163,,0,0.8656122801181907,0000001010
異なる射影,2,419,568,2,混合補助型,0.9002855243966077,,0,0.22850506638274157,0000000001
異なる射影,2,425,484,0,混合補助型,0.5811729598579712,,0,0.6993191985162132,0010001000
異なる射影,2,425,565,0,混合補助型,0.5811729598579712,,0,0.6993191985162132,0010001000
異なる射影,2,431,522,3,混合補助型,0.629044773630379,,0,0.5900837884059548,1001011100
異なる射影,2,440,530,7,橋渡し型,0.8463214116836989,,0,0.3270718163948508,0011111110
異なる射影,2,444,486,5,雨中心型,0.5015022082208738,雨中心型,1,0.6935271137224475,0000100100
異なる射影,2,459,532,0,混合補助型,0.45107832370564566,,0,0.7793442248436853,0000001000
異なる射影,2,461,509,0,混合補助型,0.6639126752077441,,0,0.588381564153508,0010000000
異なる射影,2,467,477,1,混合補助型,0.7983826289371174,,0,0.41012405884671443,0100100000
異なる射影,2,477,587,1,混合補助型,0.7983826289371174,,0,0.41012405884671443,0100100000
異なる射影,2,488,496,3,混合補助型,0.6416763063953073,,0,0.6024906598379309,1000001000
異なる射影,2,498,571,7,橋渡し型,0.5778522179385753,,0,0.63139134135273,0011110110
異なる射影,2,522,526,3,混合補助型,0.629044773630379,,0,0.5900837884059548,1001011100
異なる射影,2,534,559,1,混合補助型,0.5078990921824715,,0,0.7054367945463529,0110100000
異なる射影,2,565,589,0,混合補助型,0.5811729598579712,,0,0.6993191985162132,0010001000
異なる射影,3,1,443,7,雨中心型,0.5757816853442642,,0,0.6651162962962436,1001010010
異なる射影,3,1,512,7,雨中心型,0.5757816853442642,,0,0.6651162962962436,1001010010
異なる射影,3,15,451,4,雨中心型,0.9051788045091896,,0,0.22840406445761233,0100010100
異なる射影,3,22,536,1,混合補助型,0.5174848286147512,,0,0.739640922663126,0000001000
異なる射影,3,24,205,1,混合補助型,0.46619163421734117,,0,0.8012101328205338,0100000000
異なる射影,3,24,243,1,混合補助型,0.46619163421734117,,0,0.8012101328205338,0100000000
異なる射影,3,27,386,1,混合補助型,0.43383369315029197,,0,0.8126587479816809,1000000000
異なる射影,3,27,518,1,混合補助型,0.43383369315029197,,0,0.8126587479816809,1000000000
異なる射影,3,39,378,1,混合補助型,0.49238682246548254,,0,0.7833548213367336,1000001000
異なる射影,3,42,195,7,雨中心型,0.8985226213791361,,0,0.24576682557571694,1000110110
異なる射影,3,42,529,7,雨中心型,0.8985226213791361,,0,0.24576682557571694,1000110110
異なる射影,3,46,131,0,混合補助型,0.4747934592824444,,0,0.7145566482283631,0010101001
異なる射影,3,46,365,0,混合補助型,0.4747934592824444,,0,0.7145566482283631,0010101001
異なる射影,3,48,56,3,雨中心型,0.6160502111022346,,0,0.6486570829858131,0001000100
異なる射影,3,49,375,1,混合補助型,0.49238682246548254,,0,0.7833548213367336,1000001000
異なる射影,3,49,378,1,混合補助型,0.49238682246548254,,0,0.7833548213367336,1000001000
異なる射影,3,56,80,3,雨中心型,0.6160502111022346,,0,0.6486570829858131,0001000100
異なる射影,3,57,247,1,混合補助型,0.4519513277796743,,0,0.8315975225626577,1100000000
異なる射影,3,57,249,1,混合補助型,0.4519513277796743,,0,0.8315975225626577,1100000000
異なる射影,3,63,268,1,混合補助型,0.34178583032993376,,0,0.8697389191356906,0000000100
異なる射影,3,63,519,1,混合補助型,0.34178583032993376,,0,0.8697389191356906,0000000100
異なる射影,3,65,206,0,混合補助型,0.5317639618346518,,0,0.6939699216045498,0010101010
異なる射影,3,65,573,0,混合補助型,0.5317639618346518,,0,0.6939699216045498,0010101010
異なる射影,3,69,560,0,混合補助型,0.3344603868038994,混合補助型,1,0.8407440690031296,0000100000
異なる射影,3,70,203,2,橋渡し型,0.8065270219590198,,0,0.39326070848372763,0000000010
異なる射影,3,70,460,2,橋渡し型,0.8065270219590198,,0,0.39326070848372763,0000000010
異なる射影,3,71,402,0,混合補助型,0.5134270585559982,,0,0.7329577349723327,0010000000
異なる射影,3,71,584,0,混合補助型,0.5134270585559982,,0,0.7329577349723327,0010000000
異なる射影,3,74,113,1,混合補助型,0.5174848286147512,,0,0.739640922663126,0000001000
異なる射影,3,77,138,3,雨中心型,0.5222100661958097,,0,0.7037831883331128,0011000000
異なる射影,3,80,387,3,雨中心型,0.6160502111022346,,0,0.6486570829858131,0001000100
異なる射影,3,81,399,3,雨中心型,0.7784209584177793,,0,0.42786286907222093,0001000000
異なる射影,3,82,508,5,混合補助型,0.8165482925018335,,0,0.3730233657435897,0000000001
異なる射影,3,84,277,7,雨中心型,0.8985226213791361,,0,0.24576682557571694,1000110110
異なる射影,3,84,492,7,雨中心型,0.8985226213791361,,0,0.24576682557571694,1000110110
異なる射影,3,94,218,1,混合補助型,0.46619163421734117,,0,0.8012101328205338,0100000000
異なる射影,3,94,413,1,混合補助型,0.46619163421734117,,0,0.8012101328205338,0100000000
異なる射影,3,97,207,5,混合補助型,0.5372362534996791,,0,0.7239549758757045,1000100001
異なる射影,3,97,240,5,混合補助型,0.8165482925018335,,0,0.3730233657435897,0000000001
異なる射影,3,101,387,3,雨中心型,0.6160502111022346,,0,0.6486570829858131,0001000100
異なる射影,3,109,292,7,雨中心型,0.8411678151367672,,0,0.34012905399629406,1001010110
異なる射影,3,109,515,7,雨中心型,0.8411678151367672,,0,0.34012905399629406,1001010110
異なる射影,3,113,379,1,混合補助型,0.5174848286147512,,0,0.739640922663126,0000001000
異なる射影,3,114,150,2,橋渡し型,0.548862528160858,雨中心型,1,0.6326646297997055,0001000010
異なる射影,3,114,293,2,橋渡し型,0.548862528160858,雨中心型,1,0.6326646297997055,0001000010
異なる射影,3,125,266,1,混合補助型,0.34178583032993376,,0,0.8697389191356906,0000000100
異なる射影,3,125,333,1,混合補助型,0.34178583032993376,,0,0.8697389191356906,0000000100
異なる射影,3,131,343,5,混合補助型,0.6354179813061362,,0,0.6033089483572479,0000100001
異なる射影,3,136,489,4,雨中心型,0.5104854652618865,,0,0.7260162096833841,0000010101
異なる射影,3,138,281,3,雨中心型,0.5222100661958097,,0,0.7037831883331128,0011000000
異なる射影,3,139,174,0,混合補助型,0.5134270585559982,,0,0.7329577349723327,0010000000
異なる射影,3,139,280,0,混合補助型,0.5134270585559982,,0,0.7329577349723327,0010000000
異なる射影,3,142,196,2,橋渡し型,0.5597869934287444,,0,0.6984481560860452,0100000010
異なる射影,3,142,335,2,橋渡し型,0.8065270219590198,,0,0.39326070848372763,0000000010
異なる射影,3,143,349,0,混合補助型,0.3344603868038994,混合補助型,1,0.8407440690031296,0000100000
異なる射影,3,143,545,0,混合補助型,0.3344603868038994,混合補助型,1,0.8407440690031296,0000100000
異なる射影,3,148,536,1,混合補助型,0.5174848286147512,,0,0.739640922663126,0000001000
異なる射影,3,149,580,1,混合補助型,0.5174848286147512,,0,0.739640922663126,0000001000
異なる射影,3,150,293,2,橋渡し型,0.548862528160858,雨中心型,1,0.6326646297997055,0001000010
異なる射影,3,153,215,0,混合補助型,0.7564486021121366,,0,0.468492123408575,0010100000
異なる射影,3,153,411,0,混合補助型,0.7564486021121366,,0,0.468492123408575,0010100000
異なる射影,3,160,225,4,雨中心型,0.9051788045091896,,0,0.22840406445761233,0100010100
異なる射影,3,160,490,4,雨中心型,0.9051788045091896,,0,0.22840406445761233,0100010100
異なる射影,3,162,495,0,混合補助型,0.3554280146013284,,0,0.8133818755683463,0010001010
異なる射影,3,162,573,0,混合補助型,0.5317639618346518,,0,0.6939699216045498,0010101010
異なる射影,3,164,399,3,雨中心型,0.7784209584177793,,0,0.42786286907222093,0001000000
異なる射影,3,165,276,1,混合補助型,0.5174848286147512,,0,0.739640922663126,0000001000
異なる射影,3,165,306,1,混合補助型,0.5174848286147512,,0,0.739640922663126,0000001000
異なる射影,3,174,280,0,混合補助型,0.5134270585559982,,0,0.7329577349723327,0010000000
異なる射影,3,182,393,1,混合補助型,0.35676008503279,,0,0.8692121729059644,0000010000
異なる射影,3,182,439,1,混合補助型,0.35676008503279,,0,0.8692121729059644,0000010000
異なる射影,3,184,490,4,雨中心型,0.9051788045091896,,0,0.22840406445761233,0100010100
異なる射影,3,184,569,4,雨中心型,0.9051788045091896,,0,0.22840406445761233,0100010100
異なる射影,3,187,264,2,橋渡し型,0.8065270219590198,,0,0.39326070848372763,0000000010
異なる射影,3,187,457,2,橋渡し型,0.8065270219590198,,0,0.39326070848372763,0000000010
異なる射影,3,188,519,1,混合補助型,0.34178583032993376,,0,0.8697389191356906,0000000100
異なる射影,3,190,287,5,混合補助型,0.8165482925018335,,0,0.3730233657435897,0000000001
異なる射影,3,193,323,5,混合補助型,0.8165482925018335,,0,0.3730233657435897,0000000001
異なる射影,3,194,212,6,晴れ中心型,0.8250842225886762,,0,0.33161350661502625,0110101000
異なる射影,3,194,270,0,混合補助型,0.3423592339164288,,0,0.8625418555723211,1010000000
異なる射影,3,194,558,6,晴れ中心型,0.8176190999425029,,0,0.3612667933527184,0110001000
異なる射影,3,196,197,2,橋渡し型,0.5597869934287444,,0,0.6984481560860452,0100000010
異なる射影,3,197,217,2,橋渡し型,0.8065270219590198,,0,0.39326070848372763,0000000010
異なる射影,3,201,224,6,晴れ中心型,0.8250842225886762,,0,0.33161350661502625,0110101000
異なる射影,3,201,235,6,晴れ中心型,0.8250842225886762,,0,0.33161350661502625,0110101000
異なる射影,3,201,572,6,晴れ中心型,0.8250842225886762,,0,0.33161350661502625,0110101000
異なる射影,3,203,213,1,混合補助型,0.43208932194922184,,0,0.8426376332026343,0000011000
異なる射影,3,205,373,1,混合補助型,0.46619163421734117,,0,0.8012101328205338,0100000000
異なる射影,3,206,573,0,混合補助型,0.5317639618346518,,0,0.6939699216045498,0010101010
異なる射影,3,207,324,5,混合補助型,0.5372362534996791,,0,0.7239549758757045,1000100001
異なる射影,3,212,224,6,晴れ中心型,0.8250842225886762,,0,0.33161350661502625,0110101000
異なる射影,3,212,509,6,晴れ中心型,0.8250842225886762,,0,0.33161350661502625,0110101000
異なる射影,3,213,552,1,混合補助型,0.43208932194922184,,0,0.8426376332026343,0000011000
異なる射影,3,215,258,0,混合補助型,0.7564486021121366,,0,0.468492123408575,0010100000
異なる射影,3,215,428,0,混合補助型,0.7564486021121366,,0,0.468492123408575,0010100000
異なる射影,3,218,496,1,混合補助型,0.46619163421734117,,0,0.8012101328205338,0100000000
異なる射影,3,219,568,4,雨中心型,0.9051788045091896,,0,0.22840406445761233,0100010100
異なる射影,3,219,569,4,雨中心型,0.9051788045091896,,0,0.22840406445761233,0100010100
異なる射影,3,221,315,5,混合補助型,0.8165482925018335,,0,0.3730233657435897,0000000001
異なる射影,3,221,567,5,混合補助型,0.8165482925018335,,0,0.3730233657435897,0000000001
異なる射影,3,225,451,4,雨中心型,0.9051788045091896,,0,0.22840406445761233,0100010100
異なる射影,3,233,375,1,混合補助型,0.49238682246548254,,0,0.7833548213367336,1000001000
異なる射影,3,235,362,6,晴れ中心型,0.8176190999425029,,0,0.3612667933527184,0110001000
異なる射影,3,239,249,1,混合補助型,0.4519513277796743,,0,0.8315975225626577,1100000000
異なる射影,3,241,572,6,晴れ中心型,0.8176190999425029,,0,0.3612667933527184,0110001000
異なる射影,3,243,555,1,混合補助型,0.46619163421734117,,0,0.8012101328205338,0100000000
異なる射影,3,248,281,3,雨中心型,0.5222100661958097,,0,0.7037831883331128,0011000000
異なる射影,3,258,428,0,混合補助型,0.7564486021121366,,0,0.468492123408575,0010100000
異なる射影,3,265,412,2,橋渡し型,0.8065270219590198,,0,0.39326070848372763,0000000010
異なる射影,3,265,508,2,橋渡し型,0.4183412645995983,混合補助型,1,0.7011629172864253,0000000011
異なる射影,3,270,579,6,晴れ中心型,0.37288482891724567,,0,0.8331585879844275,1110000000
異なる射影,3,273,500,1,混合補助型,0.5174848286147512,,0,0.739640922663126,0000001000
異なる射影,3,277,492,7,雨中心型,0.8985226213791361,,0,0.24576682557571694,1000110110
異なる射影,3,280,469,0,混合補助型,0.5134270585559982,,0,0.7329577349723327,0010000000
異なる射影,3,287,491,5,混合補助型,0.8165482925018335,,0,0.3730233657435897,0000000001
異なる射影,3,292,515,7,雨中心型,0.8411678151367672,,0,0.34012905399629406,1001010110
異なる射影,3,295,335,5,混合補助型,0.8165482925018335,,0,0.3730233657435897,0000000001
異なる射影,3,295,419,5,混合補助型,0.8165482925018335,,0,0.3730233657435897,0000000001
異なる射影,3,302,579,6,晴れ中心型,0.47422486742322817,,0,0.744267115527887,0110000000
異なる射影,3,305,365,0,混合補助型,0.4747934592824444,,0,0.7145566482283631,0010101001
異なる射影,3,308,485,1,混合補助型,0.46619163421734117,,0,0.8012101328205338,0100000000
異なる射影,3,308,490,1,混合補助型,0.46619163421734117,,0,0.8012101328205338,0100000000
異なる射影,3,313,469,0,混合補助型,0.5134270585559982,,0,0.7329577349723327,0010000000
異なる射影,3,316,323,5,混合補助型,0.8165482925018335,,0,0.3730233657435897,0000000001
異なる射影,3,327,431,3,雨中心型,0.5829223662446308,,0,0.6695699402506904,1001000000
異なる射影,3,327,522,3,雨中心型,0.5829223662446308,,0,0.6695699402506904,1001000000
異なる射影,3,338,530,3,雨中心型,0.7784209584177793,,0,0.42786286907222093,0001000000
異なる射影,3,339,402,0,混合補助型,0.5134270585559982,,0,0.7329577349723327,0010000000
異なる射影,3,349,545,0,混合補助型,0.3344603868038994,混合補助型,1,0.8407440690031296,0000100000
異なる射影,3,363,530,3,雨中心型,0.7784209584177793,,0,0.42786286907222093,0001000000
異なる射影,3,363,571,3,雨中心型,0.7784209584177793,,0,0.42786286907222093,0001000000
異なる射影,3,375,485,1,混合補助型,0.46619163421734117,,0,0.8012101328205338,0100000000
異なる射影,3,386,518,1,混合補助型,0.43383369315029197,,0,0.8126587479816809,1000000000
異なる射影,3,393,439,1,混合補助型,0.35676008503279,,0,0.8692121729059644,0000010000
異なる射影,3,405,489,4,雨中心型,0.6678122860227792,,0,0.5814129677291276,0000010100
異なる射影,3,405,587,4,雨中心型,0.6678122860227792,,0,0.5814129677291276,0000010100
異なる射影,3,407,444,3,雨中心型,0.5592155415354461,,0,0.6956619900408096,0001100000
異なる射影,3,407,486,3,雨中心型,0.5592155415354461,,0,0.6956619900408096,0001100000
異なる射影,3,413,476,1,混合補助型,0.46619163421734117,,0,0.8012101328205338,0100000000
異なる射影,3,416,558,6,晴れ中心型,0.47422486742322817,,0,0.744267115527887,0110000000
異なる射影,3,418,500,1,混合補助型,0.5174848286147512,,0,0.739640922663126,0000001000
異なる射影,3,419,568,4,雨中心型,0.7641180583989543,,0,0.46310159184085903,0100010101
異なる射影,3,431,522,3,雨中心型,0.5829223662446308,,0,0.6695699402506904,1001000000
異なる射影,3,439,552,1,混合補助型,0.35676008503279,,0,0.8692121729059644,0000010000
異なる射影,3,444,486,3,雨中心型,0.5592155415354461,,0,0.6956619900408096,0001100000
異なる射影,3,461,509,6,晴れ中心型,0.8176190999425029,,0,0.3612667933527184,0110001000
異なる射影,3,463,584,0,混合補助型,0.5134270585559982,,0,0.7329577349723327,0010000000
異なる射影,3,467,477,1,混合補助型,0.35676008503279,,0,0.8692121729059644,0000010000
異なる射影,3,477,587,4,雨中心型,0.6678122860227792,,0,0.5814129677291276,0000010100
異なる射影,3,492,529,7,雨中心型,0.8985226213791361,,0,0.24576682557571694,1000110110
異なる射影,3,498,571,3,雨中心型,0.7784209584177793,,0,0.42786286907222093,0001000000
異なる射影,3,517,521,1,混合補助型,0.22436519974690827,,0,0.9373217428626973,0000100100
異なる射影,3,517,560,1,混合補助型,0.22436519974690827,,0,0.9373217428626973,0000100100
異なる射影,3,521,560,0,混合補助型,0.3344603868038994,混合補助型,1,0.8407440690031296,0000100000
異なる射影,4,0,290,0,混合補助型,0.9818061619035269,,0,0.1311756970020324,0000000010
異なる射影,4,0,393,0,混合補助型,0.9818061619035269,,0,0.1311756970020324,0000000010
異なる射影,4,1,443,0,混合補助型,0.5857013415492721,天気共通型,1,0.9787026108615903,0000011100
異なる射影,4,1,512,0,混合補助型,0.5857013415492721,天気共通型,1,0.9787026108615903,0000011100
異なる射影,4,2,379,0,混合補助型,0.8225986207389212,,0,0.6743591056338393,0100000110
異なる射影,4,3,252,0,混合補助型,0.9818061619035269,,0,0.1311756970020324,0000000010
異なる射影,4,9,21,0,混合補助型,0.9676810725783849,,0,0.20589107025990533,0000100000
異なる射影,4,9,367,0,混合補助型,0.9676810725783849,,0,0.20589107025990533,0000100000
異なる射影,4,13,340,0,混合補助型,0.9837038897771067,,0,0.12010565754103533,0000000001
異なる射影,4,21,330,0,混合補助型,0.9676810725783849,,0,0.20589107025990533,0000100000
異なる射影,4,22,66,1,天気共通型,0.8890941836994576,,0,0.5026421423588326,1110011000
異なる射影,4,22,536,1,天気共通型,0.8890941836994576,,0,0.5026421423588326,1110011000
異なる射影,4,27,386,0,混合補助型,0.9613814278416336,,0,0.23592214336041256,0000000100
異なる射影,4,27,518,0,混合補助型,0.8596302369617451,,0,0.5852063691493969,0000010100
異なる射影,4,28,222,0,混合補助型,0.8770462990721174,,0,0.5377920089169602,0001010010
異なる射影,4,28,286,0,混合補助型,0.8770462990721174,,0,0.5377920089169602,0001010010
異なる射影,4,30,446,0,混合補助型,0.9753060292338245,,0,0.16704066124873923,0001000000
異なる射影,4,30,549,0,混合補助型,0.9066298428444466,,0,0.4476200295901703,0001010000
異なる射影,4,33,121,0,混合補助型,0.940456360966051,,0,0.325630666609285,0100000001
異なる射影,4,33,463,0,混合補助型,0.940456360966051,,0,0.325630666609285,0100000001
異なる射影,4,45,58,0,混合補助型,0.9531272914798664,,0,0.27296089957374764,0100000000
異なる射影,4,45,312,0,混合補助型,0.9531272914798664,,0,0.27296089957374764,0100000000
異なる射影,4,48,56,0,混合補助型,0.8842205074596917,,0,0.5171062149324342,1010000001
異なる射影,4,48,348,0,混合補助型,0.9720570057515601,,0,0.18396878263669114,0010000000
異なる射影,4,52,403,0,混合補助型,0.9720570057515601,,0,0.18396878263669114,0010000000
異なる射影,4,52,470,0,混合補助型,0.9720570057515601,,0,0.18396878263669114,0010000000
異なる射影,4,56,80,0,混合補助型,0.8842205074596917,,0,0.5171062149324342,1010000001
異なる射影,4,58,358,0,混合補助型,0.8396736149853571,,0,0.6350897997626436,0100100010
異なる射影,4,58,533,0,混合補助型,0.8396736149853571,,0,0.6350897997626436,0100100010
異なる射影,4,61,313,0,混合補助型,0.9837038897771067,,0,0.12010565754103533,0000000001
異なる射影,4,61,540,0,混合補助型,0.9837038897771067,,0,0.12010565754103533,0000000001
異なる射影,4,64,196,0,混合補助型,0.9426690587036931,,0,0.31675734627785196,0000001000
異なる射影,4,64,298,0,混合補助型,0.9426690587036931,,0,0.31675734627785196,0000001000
異なる射影,4,65,206,0,混合補助型,0.906520057576554,,0,0.4479799655365484,1001000000
異なる射影,4,65,573,0,混合補助型,0.9753060292338245,,0,0.16704066124873923,0001000000
異なる射影,4,66,216,1,天気共通型,0.8890941836994576,,0,0.5026421423588326,1110011000
異なる射影,4,70,203,0,混合補助型,0.9531272914798664,,0,0.27296089957374764,0100000000
異なる射影,4,70,460,0,混合補助型,0.9531272914798664,,0,0.27296089957374764,0100000000
異なる射影,4,74,113,1,天気共通型,0.6212668260213104,混合補助型,1,0.9571423867771124,0100110110
異なる射影,4,74,442,1,天気共通型,0.6212668260213104,混合補助型,1,0.9571423867771124,0100110110
異なる射影,4,75,245,0,混合補助型,0.9534731934350875,,0,0.2714557255523772,1000000000
異なる射影,4,77,138,0,混合補助型,0.9491693543566808,,0,0.2899150560152676,0000100010
異なる射影,4,77,358,0,混合補助型,0.9491693543566808,,0,0.2899150560152676,0000100010
異なる射影,4,78,467,1,天気共通型,0.9774533764398632,,0,0.15550975007142398,1110111110
異なる射影,4,78,551,0,混合補助型,0.8916720166892,,0,0.49485196015738875,0010010000
異なる射影,4,80,387,0,混合補助型,0.9720570057515601,,0,0.18396878263669114,0010000000
異なる射影,4,82,508,0,混合補助型,0.9426690587036931,,0,0.31675734627785196,0000001000
異なる射影,4,83,177,0,混合補助型,0.8485103932323241,,0,0.6135555263371287,0011000100
異なる射影,4,83,269,0,混合補助型,0.8485103932323241,,0,0.6135555263371287,0011000100
異なる射影,4,85,110,0,混合補助型,0.9753060292338245,,0,0.16704066124873923,0001000000
異なる射影,4,85,300,0,混合補助型,0.9066298428444466,,0,0.4476200295901703,0001010000
異なる射影,4,87,424,0,混合補助型,0.9534731934350875,,0,0.2714557255523772,1000000000
異なる射影,4,87,480,0,混合補助型,0.7757351783661945,天気共通型,1,0.7678788337499447,1001000100
異なる射影,4,94,218,1,天気共通型,0.9661704947006253,,0,0.21324720921441256,1100111100
異なる射影,4,94,413,1,天気共通型,0.9747255256105657,,0,0.17010941747018274,1101111100
異なる射影,4,109,292,0,混合補助型,0.9534731934350875,,0,0.2714557255523772,1000000000
異なる射影,4,109,515,0,混合補助型,0.9534731934350875,,0,0.2714557255523772,1000000000
異なる射影,4,110,300,0,混合補助型,0.9066298428444466,,0,0.4476200295901703,0001010000
異なる射影,4,112,358,0,混合補助型,0.8396736149853571,,0,0.6350897997626436,0100100010
異なる射影,4,113,379,1,天気共通型,0.6212668260213104,混合補助型,1,0.9571423867771124,0100110110
異なる射影,4,115,133,0,混合補助型,0.9740927429672716,,0,0.17343207277391262,0000000011
異なる射影,4,121,381,0,混合補助型,0.940456360966051,,0,0.325630666609285,0100000001
異なる射影,4,124,367,0,混合補助型,0.9676810725783849,,0,0.20589107025990533,0000100000
異なる射影,4,125,266,0,混合補助型,0.9753060292338245,,0,0.16704066124873923,0001000000
異なる射影,4,131,343,0,混合補助型,0.9837038897771067,,0,0.12010565754103533,0000000001
異なる射影,4,133,137,0,混合補助型,0.9740927429672716,,0,0.17343207277391262,0000000011
異なる射影,4,136,489,1,天気共通型,0.9875319088712654,,0,0.09674339998358363,1111111100
異なる射影,4,136,521,1,天気共通型,0.9875319088712654,,0,0.09674339998358363,1111111100
異なる射影,4,138,281,0,混合補助型,0.9491693543566808,,0,0.2899150560152676,0000100010
異なる射影,4,143,349,0,混合補助型,0.9837038897771067,,0,0.12010565754103533,0000000001
異なる射影,4,143,545,0,混合補助型,0.9837038897771067,,0,0.12010565754103533,0000000001
異なる射影,4,144,148,1,天気共通型,0.8890941836994576,,0,0.5026421423588326,1110011000
異なる射影,4,144,355,1,天気共通型,0.8890941836994576,,0,0.5026421423588326,1110011000
異なる射影,4,144,570,0,混合補助型,0.8001272636396866,,0,0.7216734945778135,0100001000
異なる射影,4,146,454,0,混合補助型,0.9304385495913126,,0,0.364284934615366,0000010010
異なる射影,4,148,536,1,天気共通型,0.8890941836994576,,0,0.5026421423588326,1110011000
異なる射影,4,153,215,0,混合補助型,0.9220369503499793,,0,0.39496088456547257,0010100000
異なる射影,4,153,411,0,混合補助型,0.9220369503499793,,0,0.39496088456547257,0010100000
異なる射影,4,159,533,0,混合補助型,0.9531272914798664,,0,0.27296089957374764,0100000000
異なる射影,4,160,225,0,混合補助型,0.9720570057515601,,0,0.18396878263669114,0010000000
異なる射影,4,160,490,0,混合補助型,0.9720570057515601,,0,0.18396878263669114,0010000000
異なる射影,4,162,573,0,混合補助型,0.9753060292338245,,0,0.16704066124873923,0001000000
異なる射影,4,166,241,0,混合補助型,0.9818061619035269,,0,0.1311756970020324,0000000010
異なる射影,4,168,312,0,混合補助型,0.9531272914798664,,0,0.27296089957374764,0100000000
異なる射影,4,168,525,0,混合補助型,0.9531272914798664,,0,0.27296089957374764,0100000000
異なる射影,4,172,304,0,混合補助型,0.9818061619035269,,0,0.1311756970020324,0000000010
異なる射影,4,172,382,0,混合補助型,0.9818061619035269,,0,0.1311756970020324,0000000010
異なる射影,4,177,269,0,混合補助型,0.8485103932323241,,0,0.6135555263371287,0011000100
異なる射影,4,184,490,0,混合補助型,0.9720570057515601,,0,0.18396878263669114,0010000000
異なる射影,4,191,480,0,混合補助型,0.9534731934350875,,0,0.2714557255523772,1000000000
異なる射影,4,191,520,0,混合補助型,0.9534731934350875,,0,0.2714557255523772,1000000000
異なる射影,4,192,314,1,天気共通型,0.898228327528795,,0,0.47458663575603705,1001111100
異なる射影,4,192,476,1,天気共通型,0.9747255256105657,,0,0.17010941747018274,1101111100
異なる射影,4,198,231,0,混合補助型,0.8596302369617451,,0,0.5852063691493969,0000010100
異なる射影,4,198,518,0,混合補助型,0.8596302369617451,,0,0.5852063691493969,0000010100
異なる射影,4,200,396,0,混合補助型,0.9548919650865204,,0,0.26524100246931986,0000010000
異なる射影,4,201,235,0,混合補助型,0.9676810725783849,,0,0.20589107025990533,0000100000
異なる射影,4,201,572,0,混合補助型,0.8744690783546205,,0,0.5450530719110562,0100100000
異なる射影,4,206,573,0,混合補助型,0.906520057576554,,0,0.4479799655365484,1001000000
異なる射影,4,208,583,0,混合補助型,0.9720570057515601,,0,0.18396878263669114,0010000000
異なる射影,4,215,258,0,混合補助型,0.9220369503499793,,0,0.39496088456547257,0010100000
異なる射影,4,215,428,0,混合補助型,0.9676810725783849,,0,0.20589107025990533,0000100000
異なる射影,4,218,496,1,天気共通型,0.9661704947006253,,0,0.21324720921441256,1100111100
異なる射影,4,220,307,0,混合補助型,0.8770462990721174,,0,0.5377920089169602,0001010010
異なる射影,4,220,566,0,混合補助型,0.8770462990721174,,0,0.5377920089169602,0001010010
異なる射影,4,222,454,0,混合補助型,0.8770462990721174,,0,0.5377920089169602,0001010010
異なる射影,4,225,451,0,混合補助型,0.9720570057515601,,0,0.18396878263669114,0010000000
異なる射影,4,226,230,0,混合補助型,0.9837038897771067,,0,0.12010565754103533,0000000001
異なる射影,4,227,279,0,混合補助型,0.9720570057515601,,0,0.18396878263669114,0010000000
異なる射影,4,227,403,0,混合補助型,0.9720570057515601,,0,0.18396878263669114,0010000000
異なる射影,4,230,426,0,混合補助型,0.9837038897771067,,0,0.12010565754103533,0000000001
異なる射影,4,231,518,0,混合補助型,0.8596302369617451,,0,0.5852063691493969,0000010100
異なる射影,4,235,362,0,混合補助型,0.9676810725783849,,0,0.20589107025990533,0000100000
異なる射影,4,241,483,0,混合補助型,0.9676810725783849,,0,0.20589107025990533,0000100000
異なる射影,4,241,572,0,混合補助型,0.8744690783546205,,0,0.5450530719110562,0100100000
異なる射影,4,245,285,0,混合補助型,0.9534731934350875,,0,0.2714557255523772,1000000000
異なる射影,4,248,281,0,混合補助型,0.9491693543566808,,0,0.2899150560152676,0000100010
異なる射影,4,250,404,0,混合補助型,0.9534731934350875,,0,0.2714557255523772,1000000000
異なる射影,4,251,314,0,混合補助型,0.8278601349771385,,0,0.6625765520662732,1000010000
異なる射影,4,252,422,0,混合補助型,0.9416696781336243,,0,0.32078095094142367,0000000110
異なる射影,4,254,343,0,混合補助型,0.9837038897771067,,0,0.12010565754103533,0000000001
異なる射影,4,258,428,0,混合補助型,0.9220369503499793,,0,0.39496088456547257,0010100000
異なる射影,4,265,508,0,混合補助型,0.9426690587036931,,0,0.31675734627785196,0000001000
異なる射影,4,266,549,0,混合補助型,0.9066298428444466,,0,0.4476200295901703,0001010000
異なる射影,4,286,566,0,混合補助型,0.9304385495913126,,0,0.364284934615366,0000010010
異なる射影,4,288,424,0,混合補助型,0.9534731934350875,,0,0.2714557255523772,1000000000
異なる射影,4,292,515,0,混合補助型,0.9534731934350875,,0,0.2714557255523772,1000000000
異なる射影,4,301,382,0,混合補助型,0.9548919650865204,,0,0.26524100246931986,0000010000
異なる射影,4,301,544,0,混合補助型,0.9548919650865204,,0,0.26524100246931986,0000010000
異なる射影,4,307,566,0,混合補助型,0.8770462990721174,,0,0.5377920089169602,0001010010
異なる射影,4,330,423,0,混合補助型,0.9676810725783849,,0,0.20589107025990533,0000100000
異なる射影,4,355,570,1,天気共通型,0.8890941836994576,,0,0.5026421423588326,1110011000
異なる射影,4,381,502,0,混合補助型,0.940456360966051,,0,0.325630666609285,0100000001
異なる射影,4,396,544,0,混合補助型,0.9548919650865204,,0,0.26524100246931986,0000010000
異なる射影,4,404,551,0,混合補助型,0.8278601349771385,,0,0.6625765520662732,1000010000
異なる射影,4,405,489,1,天気共通型,0.9875319088712654,,0,0.09674339998358363,1111111100
異なる射影,4,405,587,1,天気共通型,0.9826837024391911,,0,0.1260948014802238,1111111110
異なる射影,4,407,444,0,混合補助型,0.6510263033369431,天気共通型,1,0.933148138203738,0110001000
異なる射影,4,407,486,0,混合補助型,0.6510263033369431,天気共通型,1,0.933148138203738,0110001000
異なる射影,4,408,422,0,混合補助型,0.9416696781336243,,0,0.32078095094142367,0000000110
異なる射影,4,413,476,1,天気共通型,0.9747255256105657,,0,0.17010941747018274,1101111100
異なる射影,4,444,486,0,混合補助型,0.8899312909311992,,0,0.5001231706747835,0110000000
異なる射影,4,467,477,1,天気共通型,0.9826837024391911,,0,0.1260948014802238,1111111110
異なる射影,4,477,587,1,天気共通型,0.961176754557048,,0,0.23687055275951358,1111011110
異なる射影,4,478,516,0,混合補助型,0.8606883183282642,,0,0.5824333255492495,1000000100
異なる射影,4,480,520,0,混合補助型,0.7757351783661945,天気共通型,1,0.7678788337499447,1001000100
異なる射影,4,483,572,0,混合補助型,0.9676810725783849,,0,0.20589107025990533,0000100000
異なる射影,4,496,516,1,天気共通型,0.9661704947006253,,0,0.21324720921441256,1100111100
異なる射影,4,517,521,1,天気共通型,0.9875319088712654,,0,0.09674339998358363,1111111100
異なる射影,4,517,560,1,天気共通型,0.651699563862016,混合補助型,1,0.9325410350707032,1011101000
異なる射影,4,521,560,0,混合補助型,0.8636088962459398,,0,0.5747088379164824,0011100000
異なる射影,4,543,583,0,混合補助型,0.9720570057515601,,0,0.18396878263669114,0010000000
異なる射影,5,1,443,0,混合補助型,0.9836671736050209,,0,0.12032279601387667,0000000001
異なる射影,5,1,512,0,混合補助型,0.9836671736050209,,0,0.12032279601387667,0000000001
異なる射影,5,2,379,1,晴れ中心型,0.9261675581466735,,0,0.38006549796553585,1011001010
異なる射影,5,2,556,1,晴れ中心型,0.9261675581466735,,0,0.38006549796553585,1011001010
異なる射影,5,6,446,0,混合補助型,0.9562197273499943,,0,0.25936389096367846,0000010100
異なる射影,5,7,406,0,混合補助型,0.9457059788031005,,0,0.3043649170956022,0000000010
異なる射影,5,15,352,0,混合補助型,0.9836671736050209,,0,0.12032279601387667,0000000001
異なる射影,5,15,451,0,混合補助型,0.9412088206785012,,0,0.3226275448984174,0000001001
異なる射影,5,19,100,0,混合補助型,0.9458996836770952,,0,0.3035658359027934,0000001000
異なる射影,5,21,366,0,混合補助型,0.7476969922519858,晴れ中心型,1,0.8149079420453722,0001000110
異なる射影,5,22,66,1,晴れ中心型,0.8944076709918893,,0,0.4864762352070966,1110101010
異なる射影,5,22,377,1,晴れ中心型,0.8944076709918893,,0,0.4864762352070966,1110101010
異なる射影,5,22,536,0,混合補助型,0.743995431345169,晴れ中心型,1,0.8206571610039988,0100001010
異なる射影,5,26,134,0,混合補助型,0.9312271430415919,,0,0.36132741668995394,0100110000
異なる射影,5,26,561,0,混合補助型,0.9312271430415919,,0,0.36132741668995394,0100110000
異なる射影,5,36,349,1,晴れ中心型,0.9261675581466735,,0,0.38006549796553585,1011001010
異なる射影,5,53,452,0,混合補助型,0.9836671736050209,,0,0.12032279601387667,0000000001
異なる射影,5,63,268,1,晴れ中心型,0.688556813759849,混合補助型,1,0.8948323509558804,0111011100
異なる射影,5,63,519,0,混合補助型,0.5676864513510333,晴れ中心型,1,0.9867400385487851,0111010100
異なる射影,5,66,216,1,晴れ中心型,0.8944076709918893,,0,0.4864762352070966,1110101010
異なる射影,5,75,245,0,混合補助型,0.9011371262269305,,0,0.465380589803006,0110000001
異なる射影,5,75,554,0,混合補助型,0.9765810514590834,,0,0.1602288929545812,0100000000
異なる射影,5,78,467,0,混合補助型,0.7987313632964613,,0,0.7244581237310491,1010000000
異なる射影,5,78,551,0,混合補助型,0.7987313632964613,,0,0.7244581237310491,1010000000
異なる射影,5,80,391,0,混合補助型,0.9836671736050209,,0,0.12032279601387667,0000000001
異なる射影,5,91,591,0,混合補助型,0.9778790907992023,,0,0.15318872754990526,0000010000
異なる射影,5,96,564,0,混合補助型,0.9732056366491929,,0,0.1780517240924742,0000000100
異なる射影,5,100,545,0,混合補助型,0.9458996836770952,,0,0.3035658359027934,0000001000
異なる射影,5,101,391,0,混合補助型,0.9836671736050209,,0,0.12032279601387667,0000000001
異なる射影,5,101,551,0,混合補助型,0.9836671736050209,,0,0.12032279601387667,0000000001
異なる射影,5,102,550,0,混合補助型,0.9550175177396479,,0,0.26468781927959206,0100100000
異なる射影,5,102,580,0,混合補助型,0.9550175177396479,,0,0.26468781927959206,0100100000
異なる射影,5,114,150,0,混合補助型,0.8421142030999714,,0,0.6292276331270805,1001000001
異なる射影,5,114,293,0,混合補助型,0.8421142030999714,,0,0.6292276331270805,1001000001
異なる射影,5,118,311,0,混合補助型,0.9747613926949004,,0,0.16992038740069484,0000100000
異なる射影,5,119,341,1,晴れ中心型,0.9261675581466735,,0,0.38006549796553585,1011001010
異なる射影,5,119,556,1,晴れ中心型,0.9261675581466735,,0,0.38006549796553585,1011001010
異なる射影,5,120,248,0,混合補助型,0.9836671736050209,,0,0.12032279601387667,0000000001
異なる射影,5,126,319,0,混合補助型,0.9577329961991831,,0,0.25259147402071375,0000110000
異なる射影,5,126,372,0,混合補助型,0.9312271430415919,,0,0.36132741668995394,0100110000
異なる射影,5,127,208,0,混合補助型,0.656812485131402,晴れ中心型,1,0.9278363260309576,0011110000
異なる射影,5,134,397,0,混合補助型,0.9312271430415919,,0,0.36132741668995394,0100110000
異なる射影,5,136,489,0,混合補助型,0.9419423959916918,,0,0.3196855824229511,0010000000
異なる射影,5,136,521,0,混合補助型,0.9419423959916918,,0,0.3196855824229511,0010000000
異なる射影,5,141,374,0,混合補助型,0.9836671736050209,,0,0.12032279601387667,0000000001
異なる射影,5,144,148,0,混合補助型,0.743995431345169,晴れ中心型,1,0.8206571610039988,0100001010
異なる射影,5,144,355,0,混合補助型,0.9093019230763191,,0,0.43879562471963535,0100000010
異なる射影,5,148,355,0,混合補助型,0.743995431345169,晴れ中心型,1,0.8206571610039988,0100001010
異なる射影,5,148,536,0,混合補助型,0.743995431345169,晴れ中心型,1,0.8206571610039988,0100001010
異なる射影,5,149,171,0,混合補助型,0.9550175177396479,,0,0.26468781927959206,0100100000
異なる射影,5,149,580,0,混合補助型,0.9550175177396479,,0,0.26468781927959206,0100100000
異なる射影,5,150,293,0,混合補助型,0.8421142030999714,,0,0.6292276331270805,1001000001
異なる射影,5,160,225,1,晴れ中心型,0.9803865615897327,,0,0.13926457679665002,1111111110
異なる射影,5,160,490,1,晴れ中心型,0.9803865615897327,,0,0.13926457679665002,1111111110
異なる射影,5,161,389,0,混合補助型,0.8600713267229353,,0,0.5840519829019596,0000010110
異なる射影,5,161,446,0,混合補助型,0.8600713267229353,,0,0.5840519829019596,0000010110
異なる射影,5,169,393,1,晴れ中心型,0.9261675581466735,,0,0.38006549796553585,1011001010
異なる射影,5,169,545,1,晴れ中心型,0.8795360927600522,,0,0.5306928838683981,1011001011
異なる射影,5,182,393,1,晴れ中心型,0.7407042357927169,混合補助型,1,0.8256818105675,1011001000
異なる射影,5,184,490,1,晴れ中心型,0.9803865615897327,,0,0.13926457679665002,1111111110
異なる射影,5,184,569,1,晴れ中心型,0.9803865615897327,,0,0.13926457679665002,1111111110
異なる射影,5,188,519,0,混合補助型,0.6401527763351607,晴れ中心型,1,0.942556300358868,0111000100
異なる射影,5,194,270,0,混合補助型,0.9732056366491929,,0,0.1780517240924742,0000000100
異なる射影,5,198,231,0,混合補助型,0.6805465514489963,晴れ中心型,1,0.9037861127774314,1001010100
異なる射影,5,198,518,0,混合補助型,0.6805465514489963,晴れ中心型,1,0.9037861127774314,1001010100
異なる射影,5,200,382,0,混合補助型,0.9170369904682766,,0,0.41253444366400976,1000010000
異なる射影,5,200,505,0,混合補助型,0.9170369904682766,,0,0.41253444366400976,1000010000
異なる射影,5,208,583,0,混合補助型,0.656812485131402,晴れ中心型,1,0.9278363260309576,0011110000
異なる射影,5,213,466,0,混合補助型,0.9458996836770952,,0,0.3035658359027934,0000001000
異なる射影,5,216,484,1,晴れ中心型,0.7069484588870165,混合補助型,1,0.8726305678045605,1110000110
異なる射影,5,219,568,1,晴れ中心型,0.972413390264093,,0,0.18214053498805588,1011111110
異なる射影,5,219,569,1,晴れ中心型,0.972413390264093,,0,0.18214053498805588,1011111110
異なる射影,5,225,451,1,晴れ中心型,0.9631860424917286,,0,0.22748856361711411,1111111111
異なる射影,5,228,584,0,混合補助型,0.9732056366491929,,0,0.1780517240924742,0000000100
異なる射影,5,233,236,1,晴れ中心型,0.9365612374010224,,0,0.3409469103287736,1111110110
異なる射影,5,233,375,1,晴れ中心型,0.9365612374010224,,0,0.3409469103287736,1111110110
異なる射影,5,236,448,1,晴れ中心型,0.912219535669058,,0,0.4290175813431804,1011110110
異なる射影,5,245,285,0,混合補助型,0.7625566738363112,晴れ中心型,1,0.7907627064695955,0111000001
異なる射影,5,248,285,0,混合補助型,0.9180193519197384,,0,0.409119963902823,0101000001
異なる射影,5,261,319,0,混合補助型,0.9747613926949004,,0,0.16992038740069484,0000100000
異なる射影,5,270,579,0,混合補助型,0.9732056366491929,,0,0.1780517240924742,0000000100
異なる射影,5,301,382,0,混合補助型,0.9170369904682766,,0,0.41253444366400976,1000010000
異なる射影,5,301,396,0,混合補助型,0.862497089498068,,0,0.5776616134918617,1000110000
異なる射影,5,304,466,0,混合補助型,0.9458996836770952,,0,0.3035658359027934,0000001000
異なる射影,5,311,420,0,混合補助型,0.862497089498068,,0,0.5776616134918617,1000110000
異なる射影,5,322,377,1,晴れ中心型,0.8944076709918893,,0,0.4864762352070966,1110101010
異なる射影,5,330,366,0,混合補助型,0.7476969922519858,晴れ中心型,1,0.8149079420453722,0001000110
異なる射影,5,330,423,0,混合補助型,0.7476969922519858,晴れ中心型,1,0.8149079420453722,0001000110
異なる射影,5,334,406,0,混合補助型,0.9457059788031005,,0,0.3043649170956022,0000000010
異なる射影,5,341,556,1,晴れ中心型,0.9261675581466735,,0,0.38006549796553585,1011001010
異なる射影,5,347,591,0,混合補助型,0.9778790907992023,,0,0.15318872754990526,0000010000
異なる射影,5,347,593,0,混合補助型,0.9778790907992023,,0,0.15318872754990526,0000010000
異なる射影,5,348,452,0,混合補助型,0.9836671736050209,,0,0.12032279601387667,0000000001
異なる射影,5,349,545,1,晴れ中心型,0.8795360927600522,,0,0.5306928838683981,1011001011
異なる射影,5,372,561,0,混合補助型,0.9312271430415919,,0,0.36132741668995394,0100110000
異なる射影,5,374,560,0,混合補助型,0.9836671736050209,,0,0.12032279601387667,0000000001
異なる射影,5,375,485,1,晴れ中心型,0.9365612374010224,,0,0.3409469103287736,1111110110
異なる射影,5,383,420,0,混合補助型,0.862497089498068,,0,0.5776616134918617,1000110000
異なる射影,5,383,544,0,混合補助型,0.862497089498068,,0,0.5776616134918617,1000110000
異なる射影,5,395,400,0,混合補助型,0.9747613926949004,,0,0.16992038740069484,0000100000
異なる射影,5,395,479,0,混合補助型,0.9747613926949004,,0,0.16992038740069484,0000100000
異なる射影,5,396,544,0,混合補助型,0.862497089498068,,0,0.5776616134918617,1000110000
異なる射影,5,397,414,0,混合補助型,0.9765810514590834,,0,0.1602288929545812,0100000000
異なる射影,5,400,479,0,混合補助型,0.9747613926949004,,0,0.16992038740069484,0000100000
異なる射影,5,405,587,0,混合補助型,0.7987313632964613,,0,0.7244581237310491,1010000000
異なる射影,5,419,568,0,混合補助型,0.9475038495265641,,0,0.2969072567868605,1000000000
異なる射影,5,423,585,0,混合補助型,0.7476969922519858,晴れ中心型,1,0.8149079420453722,0001000110
異なる射影,5,425,484,0,混合補助型,0.7744531524691214,晴れ中心型,1,0.7701673170171078,0100100110
異なる射影,5,425,565,0,混合補助型,0.7744531524691214,晴れ中心型,1,0.7701673170171078,0100100110
異なる射影,5,426,589,0,混合補助型,0.9550175177396479,,0,0.26468781927959206,0100100000
異なる射影,5,463,584,0,混合補助型,0.9732056366491929,,0,0.1780517240924742,0000000100
異なる射影,5,467,477,0,混合補助型,0.7987313632964613,,0,0.7244581237310491,1010000000
異なる射影,5,470,597,0,混合補助型,0.9836671736050209,,0,0.12032279601387667,0000000001
異なる射影,5,477,587,0,混合補助型,0.7987313632964613,,0,0.7244581237310491,1010000000
異なる射影,5,485,490,1,晴れ中心型,0.9365612374010224,,0,0.3409469103287736,1111110110
異なる射影,5,517,521,0,混合補助型,0.846476566239587,,0,0.6185879092527953,0110000101
異なる射影,5,517,560,0,混合補助型,0.846476566239587,,0,0.6185879092527953,0110000101
異なる射影,5,518,564,0,混合補助型,0.9732056366491929,,0,0.1780517240924742,0000000100
異なる射影,5,521,560,0,混合補助型,0.9011371262269305,,0,0.465380589803006,0110000001
異なる射影,5,543,583,0,混合補助型,0.656812485131402,晴れ中心型,1,0.9278363260309576,0011110000
異なる射影,5,565,589,0,混合補助型,0.7744531524691214,晴れ中心型,1,0.7701673170171078,0100100110
異なる射影,5,591,593,0,混合補助型,0.9778790907992023,,0,0.15318872754990526,0000010000
異なる射影,5,596,597,0,混合補助型,0.9836671736050209,,0,0.12032279601387667,0000000001
異なる射影,6,2,379,0,混合補助型,0.9460667838139127,,0,0.30287565619081697,0001000000
異なる射影,6,2,556,0,混合補助型,0.9460667838139127,,0,0.30287565619081697,0001000000
異なる射影,6,3,252,0,混合補助型,0.8560640235676512,,0,0.5944546808121447,1000000010
異なる射影,6,3,422,0,混合補助型,0.8560640235676512,,0,0.5944546808121447,1000000010
異なる射影,6,7,318,0,混合補助型,0.9699132174144021,,0,0.19482688167491,0010000000
異なる射影,6,7,448,1,橋渡し型,0.8827762206282236,,0,0.5213277011652547,1111011000
異なる射影,6,7,449,1,橋渡し型,0.7610587658379009,混合補助型,1,0.7932751511449877,1111001000
異なる射影,6,16,67,1,橋渡し型,0.9648982017116378,,0,0.21936462062564147,1001111110
異なる射影,6,16,445,1,橋渡し型,0.9648982017116378,,0,0.21936462062564147,1001111110
異なる射影,6,17,341,0,混合補助型,0.9460667838139127,,0,0.30287565619081697,0001000000
異なる射影,6,17,559,0,混合補助型,0.889094720164085,,0,0.5026405313527927,0001000100
異なる射影,6,22,536,0,混合補助型,0.7670521720283654,橋渡し型,1,0.7831147409722179,0001001001
異なる射影,6,26,134,0,混合補助型,0.9583947128511298,,0,0.24960457069052078,0100000000
異なる射影,6,30,549,1,橋渡し型,0.6876559524547905,混合補助型,1,0.8958607544008718,0100011110
異なる射影,6,43,111,0,混合補助型,0.9350003665698076,,0,0.34697987810484415,0000100000
異なる射影,6,43,357,0,混合補助型,0.9350003665698076,,0,0.34697987810484415,0000100000
異なる射影,6,46,365,0,混合補助型,0.9343030492619515,,0,0.3496563313181788,0010000100
異なる射影,6,51,135,0,混合補助型,0.8560640235676512,,0,0.5944546808121447,1000000010
異なる射影,6,51,155,0,混合補助型,0.8560640235676512,,0,0.5944546808121447,1000000010
異なる射影,6,56,80,0,混合補助型,0.9699132174144021,,0,0.19482688167491,0010000000
異なる射影,6,59,158,0,混合補助型,0.9802086321054908,,0,0.1402675263633958,0000000001
異なる射影,6,59,360,0,混合補助型,0.9642336640592053,,0,0.22253226693683478,0010000001
異なる射影,6,59,501,0,混合補助型,0.9802086321054908,,0,0.1402675263633958,0000000001
異なる射影,6,63,519,0,混合補助型,0.9572770061648096,,0,0.25464065765106225,0000000010
異なる射影,6,67,261,1,橋渡し型,0.9648982017116378,,0,0.21936462062564147,1001111110
異なる射影,6,70,203,0,混合補助型,0.9802086321054908,,0,0.1402675263633958,0000000001
異なる射影,6,70,460,0,混合補助型,0.9802086321054908,,0,0.1402675263633958,0000000001
異なる射影,6,74,113,0,混合補助型,0.9460667838139127,,0,0.30287565619081697,0001000000
異なる射影,6,74,442,0,混合補助型,0.9460667838139127,,0,0.30287565619081697,0001000000
異なる射影,6,75,245,0,混合補助型,0.7585302271252062,橋渡し型,1,0.7974759289506609,0100100100
異なる射影,6,75,265,0,混合補助型,0.7585302271252062,橋渡し型,1,0.7974759289506609,0100100100
異なる射影,6,75,554,0,混合補助型,0.7585302271252062,橋渡し型,1,0.7974759289506609,0100100100
異なる射影,6,80,387,0,混合補助型,0.9699132174144021,,0,0.19482688167491,0010000000
異なる射影,6,81,399,0,混合補助型,0.9699132174144021,,0,0.19482688167491,0010000000
異なる射影,6,81,511,0,混合補助型,0.9699132174144021,,0,0.19482688167491,0010000000
異なる射影,6,89,332,1,橋渡し型,0.9502898311644208,,0,0.28516449731831234,1001111010
異なる射影,6,93,275,0,混合補助型,0.9572770061648096,,0,0.25464065765106225,0000000010
異なる射影,6,93,328,1,橋渡し型,0.9099112371797512,,0,0.43676602641326423,1000111110
異なる射影,6,96,564,0,混合補助型,0.7080855512081147,橋渡し型,1,0.8711814427637528,0110001000
異なる射影,6,96,588,0,混合補助型,0.896449247084393,,0,0.4801512068886902,0000001000
異なる射影,6,97,207,0,混合補助型,0.926007965810953,,0,0.38064757335169047,0110000001
異なる射影,6,97,527,0,混合補助型,0.8767785795498451,,0,0.5385503908862027,0110000101
異なる射影,6,101,387,0,混合補助型,0.9699132174144021,,0,0.19482688167491,0010000000
異なる射影,6,101,551,0,混合補助型,0.9699132174144021,,0,0.19482688167491,0010000000
異なる射影,6,102,580,0,混合補助型,0.9802086321054908,,0,0.1402675263633958,0000000001
異なる射影,6,107,554,0,混合補助型,0.8543284351378275,,0,0.5989015442381564,0100100000
異なる射影,6,111,586,0,混合補助型,0.9350003665698076,,0,0.34697987810484415,0000100000
異なる射影,6,113,379,0,混合補助型,0.9460667838139127,,0,0.30287565619081697,0001000000
異なる射影,6,114,147,0,混合補助型,0.8560640235676512,,0,0.5944546808121447,1000000010
異なる射影,6,119,442,0,混合補助型,0.9460667838139127,,0,0.30287565619081697,0001000000
異なる射影,6,120,248,0,混合補助型,0.8644117783737907,,0,0.5725671067832917,0100100001
異なる射影,6,125,266,1,橋渡し型,0.8712898815195997,,0,0.5538900384650854,0111011110
異なる射影,6,125,333,1,橋渡し型,0.8712898815195997,,0,0.5538900384650854,0111011110
異なる射影,6,131,305,0,混合補助型,0.9343030492619515,,0,0.3496563313181788,0010000100
異なる射影,6,131,343,0,混合補助型,0.9699132174144021,,0,0.19482688167491,0010000000
異なる射影,6,134,397,0,混合補助型,0.9583947128511298,,0,0.24960457069052078,0100000000
異なる射影,6,135,155,0,混合補助型,0.8560640235676512,,0,0.5944546808121447,1000000010
異なる射影,6,139,174,0,混合補助型,0.9460667838139127,,0,0.30287565619081697,0001000000
異なる射影,6,139,257,0,混合補助型,0.9460667838139127,,0,0.30287565619081697,0001000000
異なる射影,6,144,355,0,混合補助型,0.9642336640592053,,0,0.22253226693683478,0010000001
異なる射影,6,144,570,0,混合補助型,0.9642336640592053,,0,0.22253226693683478,0010000001
異なる射影,6,147,459,0,混合補助型,0.8560640235676512,,0,0.5944546808121447,1000000010
異なる射影,6,148,536,0,混合補助型,0.7670521720283654,橋渡し型,1,0.7831147409722179,0001001001
異なる射影,6,149,580,0,混合補助型,0.9802086321054908,,0,0.1402675263633958,0000000001
異なる射影,6,158,360,0,混合補助型,0.9642336640592053,,0,0.22253226693683478,0010000001
異なる射影,6,161,389,0,混合補助型,0.9476768017137949,,0,0.29618494635079,0000010000
異なる射影,6,161,446,0,混合補助型,0.9476768017137949,,0,0.29618494635079,0000010000
異なる射影,6,184,490,0,混合補助型,0.5868210722460193,橋渡し型,1,0.9781395838607094,1000110000
異なる射影,6,184,569,0,混合補助型,0.9476768017137949,,0,0.29618494635079,0000010000
異なる射影,6,188,519,0,混合補助型,0.9572770061648096,,0,0.25464065765106225,0000000010
異なる射影,6,198,231,0,混合補助型,0.8379294727184835,,0,0.6392399834393135,0010001000
異なる射影,6,198,518,0,混合補助型,0.9699132174144021,,0,0.19482688167491,0010000000
異なる射影,6,200,382,0,混合補助型,0.9572770061648096,,0,0.25464065765106225,0000000010
異なる射影,6,200,396,0,混合補助型,0.880377693152396,,0,0.5282742226520002,0000010010
異なる射影,6,200,505,0,混合補助型,0.9625910213190312,,0,0.23028364418645086,0000000100
異なる射影,6,201,235,1,橋渡し型,0.9092699369970377,,0,0.4389019891741101,1111101000
異なる射影,6,201,572,1,橋渡し型,0.9092699369970377,,0,0.4389019891741101,1111101000
異なる射影,6,208,583,0,混合補助型,0.9802086321054908,,0,0.1402675263633958,0000000001
異なる射影,6,218,364,1,橋渡し型,0.6604127670682326,混合補助型,1,0.9244231674611382,0000111100
異なる射影,6,218,496,0,混合補助型,0.7177625197183283,橋渡し型,1,0.85848165008939,0000110100
異なる射影,6,226,230,0,混合補助型,0.9583947128511298,,0,0.24960457069052078,0100000000
異なる射影,6,228,339,0,混合補助型,0.9476768017137949,,0,0.29618494635079,0000010000
異なる射影,6,228,584,0,混合補助型,0.9476768017137949,,0,0.29618494635079,0000010000
異なる射影,6,230,426,0,混合補助型,0.9583947128511298,,0,0.24960457069052078,0100000000
異なる射影,6,231,518,0,混合補助型,0.7080855512081147,橋渡し型,1,0.8711814427637528,0110001000
異なる射影,6,233,236,1,橋渡し型,0.9552169581627158,,0,0.2638079986930104,1101111000
異なる射影,6,233,375,1,橋渡し型,0.9552169581627158,,0,0.2638079986930104,1101111000
異なる射影,6,235,362,1,橋渡し型,0.9092699369970377,,0,0.4389019891741101,1111101000
異なる射影,6,236,448,1,橋渡し型,0.9610832319603724,,0,0.23730337558511486,1111111000
異なる射影,6,237,534,0,混合補助型,0.7900204894727342,,0,0.7414435732301351,0001000110
異なる射影,6,240,527,0,混合補助型,0.8767785795498451,,0,0.5385503908862027,0110000101
異なる射影,6,241,483,1,橋渡し型,0.9092699369970377,,0,0.4389019891741101,1111101000
異なる射影,6,241,572,1,橋渡し型,0.9092699369970377,,0,0.4389019891741101,1111101000
異なる射影,6,245,285,0,混合補助型,0.7874492651530614,,0,0.7463301698510131,0100100101
異なる射影,6,248,285,0,混合補助型,0.7874492651530614,,0,0.7463301698510131,0100100101
異なる射影,6,252,422,0,混合補助型,0.8560640235676512,,0,0.5944546808121447,1000000010
異なる射影,6,257,541,0,混合補助型,0.9460667838139127,,0,0.30287565619081697,0001000000
異なる射影,6,261,319,1,橋渡し型,0.9648982017116378,,0,0.21936462062564147,1001111110
異なる射影,6,261,332,1,橋渡し型,0.9648982017116378,,0,0.21936462062564147,1001111110
異なる射影,6,261,493,0,混合補助型,0.9625910213190312,,0,0.23028364418645086,0000000100
異なる射影,6,265,508,0,混合補助型,0.8543284351378275,,0,0.5989015442381564,0100100000
異なる射影,6,266,549,1,橋渡し型,0.8712898815195997,,0,0.5538900384650854,0111011110
異なる射影,6,271,362,1,橋渡し型,0.9092699369970377,,0,0.4389019891741101,1111101000
異なる射影,6,301,382,0,混合補助型,0.880377693152396,,0,0.5282742226520002,0000010010
異なる射影,6,301,544,0,混合補助型,0.880377693152396,,0,0.5282742226520002,0000010010
異なる射影,6,305,365,0,混合補助型,0.9343030492619515,,0,0.3496563313181788,0010000100
異なる射影,6,308,485,0,混合補助型,0.6203706960190499,橋渡し型,1,0.9577797904103134,0001110000
異なる射影,6,308,490,0,混合補助型,0.8484774478203311,,0,0.6136374131021889,0001010000
異なる射影,6,318,511,0,混合補助型,0.9699132174144021,,0,0.19482688167491,0010000000
異なる射影,6,319,332,1,橋渡し型,0.9502898311644208,,0,0.28516449731831234,1001111010
異なる射影,6,320,333,1,橋渡し型,0.9520842729286927,,0,0.277476257661203,0111111110
異なる射影,6,320,364,1,橋渡し型,0.6408285591642395,混合補助型,1,0.941993272925796,0100101010
異なる射影,6,328,596,1,橋渡し型,0.9099112371797512,,0,0.43676602641326423,1000111110
異なる射影,6,355,570,0,混合補助型,0.9642336640592053,,0,0.22253226693683478,0010000001
異なる射影,6,375,485,1,橋渡し型,0.9552169581627158,,0,0.2638079986930104,1101111000
異なる射影,6,381,502,0,混合補助型,0.8484774478203311,,0,0.6136374131021889,0001010000
異なる射影,6,382,505,0,混合補助型,0.9625910213190312,,0,0.23028364418645086,0000000100
異なる射影,6,396,544,0,混合補助型,0.880377693152396,,0,0.5282742226520002,0000010010
異なる射影,6,397,414,0,混合補助型,0.9583947128511298,,0,0.24960457069052078,0100000000
異なる射影,6,407,444,0,混合補助型,0.9339682639588783,,0,0.3509372413350705,1000000000
異なる射影,6,407,486,0,混合補助型,0.9339682639588783,,0,0.3509372413350705,1000000000
異なる射影,6,426,565,0,混合補助型,0.9583947128511298,,0,0.24960457069052078,0100000000
異なる射影,6,426,589,0,混合補助型,0.9583947128511298,,0,0.24960457069052078,0100000000
異なる射影,6,444,486,0,混合補助型,0.9339682639588783,,0,0.3509372413350705,1000000000
異なる射影,6,445,493,1,橋渡し型,0.9648982017116378,,0,0.21936462062564147,1001111110
異なる射影,6,463,584,0,混合補助型,0.9476768017137949,,0,0.29618494635079,0000010000
異なる射影,6,470,597,1,橋渡し型,0.5970259927637124,混合補助型,1,0.9726637151187468,0000101110
異なる射影,6,478,516,0,混合補助型,0.7177625197183283,橋渡し型,1,0.85848165008939,0000110100
異なる射影,6,483,572,1,橋渡し型,0.9092699369970377,,0,0.4389019891741101,1111101000
異なる射影,6,485,490,1,橋渡し型,0.8801494287150524,,0,0.528931184478194,1100111000
異なる射影,6,493,535,0,混合補助型,0.9625910213190312,,0,0.23028364418645086,0000000100
異なる射影,6,496,516,0,混合補助型,0.7177625197183283,橋渡し型,1,0.85848165008939,0000110100
異なる射影,6,502,525,0,混合補助型,0.8484774478203311,,0,0.6136374131021889,0001010000
異なる射影,6,518,564,0,混合補助型,0.7080855512081147,橋渡し型,1,0.8711814427637528,0110001000
異なる射影,6,534,559,0,混合補助型,0.7900204894727342,,0,0.7414435732301351,0001000110
異なる射影,6,540,541,0,混合補助型,0.9460667838139127,,0,0.30287565619081697,0001000000
異なる射影,6,543,583,0,混合補助型,0.9802086321054908,,0,0.1402675263633958,0000000001
異なる射影,6,565,589,0,混合補助型,0.9583947128511298,,0,0.24960457069052078,0100000000
異なる射影,6,596,597,1,橋渡し型,0.9099112371797512,,0,0.43676602641326423,1000111110
