group,trial,projection_seed,label,text,entity_type,entity,first_checkpoint,last_checkpoint,appearances,possible_stages_from_birth,survival_fraction,longest_consecutive_stages,survived_to_final,continuous_to_final,category
固定射影,1,20260804,学習文,今日は晴れて気持ちいい,node,277,0,50,6,6,1.0,6,1,1,中核経路
固定射影,1,20260804,学習文,今日は晴れて気持ちいい,node,22,0,50,6,6,1.0,6,1,1,中核経路
固定射影,1,20260804,学習文,今日は晴れて気持ちいい,node,536,0,50,6,6,1.0,6,1,1,中核経路
固定射影,1,20260804,学習文,今日は晴れて気持ちいい,node,33,0,50,6,6,1.0,6,1,1,中核経路
固定射影,1,20260804,学習文,今日は晴れて気持ちいい,node,545,0,50,6,6,1.0,6,1,1,中核経路
固定射影,1,20260804,学習文,今日は晴れて気持ちいい,node,550,0,50,6,6,1.0,6,1,1,中核経路
固定射影,1,20260804,学習文,今日は晴れて気持ちいい,node,298,50,50,1,1,1.0,1,1,1,定着した成長経路
固定射影,1,20260804,学習文,今日は晴れて気持ちいい,node,45,0,50,6,6,1.0,6,1,1,中核経路
固定射影,1,20260804,学習文,今日は晴れて気持ちいい,node,312,0,50,6,6,1.0,6,1,1,中核経路
固定射影,1,20260804,学習文,今日は晴れて気持ちいい,node,572,0,50,6,6,1.0,6,1,1,中核経路
固定射影,1,20260804,学習文,今日は晴れて気持ちいい,node,574,5,50,4,4,1.0,4,1,1,定着した成長経路
固定射影,1,20260804,学習文,今日は晴れて気持ちいい,node,63,0,50,6,6,1.0,6,1,1,中核経路
固定射影,1,20260804,学習文,今日は晴れて気持ちいい,node,318,20,50,2,2,1.0,2,1,1,定着した成長経路
固定射影,1,20260804,学習文,今日は晴れて気持ちいい,node,66,20,50,2,2,1.0,2,1,1,定着した成長経路
固定射影,1,20260804,学習文,今日は晴れて気持ちいい,node,81,0,50,6,6,1.0,6,1,1,中核経路
固定射影,1,20260804,学習文,今日は晴れて気持ちいい,node,84,0,50,6,6,1.0,6,1,1,中核経路
固定射影,1,20260804,学習文,今日は晴れて気持ちいい,node,349,0,50,6,6,1.0,6,1,1,中核経路
固定射影,1,20260804,学習文,今日は晴れて気持ちいい,node,354,5,50,4,4,1.0,4,1,1,定着した成長経路
固定射影,1,20260804,学習文,今日は晴れて気持ちいい,node,355,50,50,1,1,1.0,1,1,1,定着した成長経路
固定射影,1,20260804,学習文,今日は晴れて気持ちいい,node,102,50,50,1,1,1.0,1,1,1,定着した成長経路
固定射影,1,20260804,学習文,今日は晴れて気持ちいい,node,362,20,50,2,2,1.0,2,1,1,定着した成長経路
固定射影,1,20260804,学習文,今日は晴れて気持ちいい,node,369,0,50,6,6,1.0,6,1,1,中核経路
固定射影,1,20260804,学習文,今日は晴れて気持ちいい,node,372,0,50,6,6,1.0,6,1,1,中核経路
固定射影,1,20260804,学習文,今日は晴れて気持ちいい,node,121,0,50,6,6,1.0,6,1,1,中核経路
固定射影,1,20260804,学習文,今日は晴れて気持ちいい,node,381,0,50,6,6,1.0,6,1,1,中核経路
固定射影,1,20260804,学習文,今日は晴れて気持ちいい,node,399,0,50,6,6,1.0,6,1,1,中核経路
固定射影,1,20260804,学習文,今日は晴れて気持ちいい,node,144,10,50,3,3,1.0,3,1,1,定着した成長経路
固定射影,1,20260804,学習文,今日は晴れて気持ちいい,node,148,0,50,6,6,1.0,6,1,1,中核経路
固定射影,1,20260804,学習文,今日は晴れて気持ちいい,node,409,0,50,6,6,1.0,6,1,1,中核経路
固定射影,1,20260804,学習文,今日は晴れて気持ちいい,node,164,0,50,6,6,1.0,6,1,1,中核経路
固定射影,1,20260804,学習文,今日は晴れて気持ちいい,node,422,10,50,3,3,1.0,3,1,1,定着した成長経路
固定射影,1,20260804,学習文,今日は晴れて気持ちいい,node,168,0,50,6,6,1.0,6,1,1,中核経路
固定射影,1,20260804,学習文,今日は晴れて気持ちいい,node,169,0,50,6,6,1.0,6,1,1,中核経路
固定射影,1,20260804,学習文,今日は晴れて気持ちいい,node,201,0,50,6,6,1.0,6,1,1,中核経路
固定射影,1,20260804,学習文,今日は晴れて気持ちいい,node,461,20,50,2,2,1.0,2,1,1,定着した成長経路
固定射影,1,20260804,学習文,今日は晴れて気持ちいい,node,463,20,50,2,2,1.0,2,1,1,定着した成長経路
固定射影,1,20260804,学習文,今日は晴れて気持ちいい,node,212,0,50,6,6,1.0,6,1,1,中核経路
固定射影,1,20260804,学習文,今日は晴れて気持ちいい,node,224,0,50,6,6,1.0,6,1,1,中核経路
固定射影,1,20260804,学習文,今日は晴れて気持ちいい,node,235,0,50,6,6,1.0,6,1,1,中核経路
固定射影,1,20260804,学習文,今日は晴れて気持ちいい,node,492,0,50,6,6,1.0,6,1,1,中核経路
固定射影,1,20260804,学習文,今日は晴れて気持ちいい,node,241,20,50,2,2,1.0,2,1,1,定着した成長経路
固定射影,1,20260804,学習文,今日は晴れて気持ちいい,node,502,20,50,2,2,1.0,2,1,1,定着した成長経路
固定射影,1,20260804,学習文,今日は晴れて気持ちいい,node,252,50,50,1,1,1.0,1,1,1,定着した成長経路
固定射影,1,20260804,学習文,今日は晴れて気持ちいい,node,509,1,50,5,5,1.0,5,1,1,定着した成長経路
固定射影,1,20260804,学習文,今日は晴れて気持ちいい,node,511,1,50,5,5,1.0,5,1,1,定着した成長経路
固定射影,1,20260804,学習文,今日は晴れて気持ちいい,edge,"[22, 536]",0,50,6,6,1.0,6,1,1,中核経路
固定射影,1,20260804,学習文,今日は晴れて気持ちいい,edge,"[369, 409]",0,50,6,6,1.0,6,1,1,中核経路
固定射影,1,20260804,学習文,今日は晴れて気持ちいい,edge,"[22, 66]",20,50,2,2,1.0,2,1,1,定着した成長経路
固定射影,1,20260804,学習文,今日は晴れて気持ちいい,edge,"[201, 572]",0,50,6,6,1.0,6,1,1,中核経路
固定射影,1,20260804,学習文,今日は晴れて気持ちいい,edge,"[45, 312]",0,50,6,6,1.0,6,1,1,中核経路
固定射影,1,20260804,学習文,今日は晴れて気持ちいい,edge,"[33, 463]",20,50,2,2,1.0,2,1,1,定着した成長経路
固定射影,1,20260804,学習文,今日は晴れて気持ちいい,edge,"[381, 502]",20,50,2,2,1.0,2,1,1,定着した成長経路
固定射影,1,20260804,学習文,今日は晴れて気持ちいい,edge,"[81, 399]",0,50,6,6,1.0,6,1,1,中核経路
固定射影,1,20260804,学習文,今日は晴れて気持ちいい,edge,"[201, 224]",0,50,6,6,1.0,6,1,1,中核経路
固定射影,1,20260804,学習文,今日は晴れて気持ちいい,edge,"[168, 312]",0,50,6,6,1.0,6,1,1,中核経路
固定射影,1,20260804,学習文,今日は晴れて気持ちいい,edge,"[164, 354]",5,50,4,4,1.0,4,1,1,定着した成長経路
固定射影,1,20260804,学習文,今日は晴れて気持ちいい,edge,"[33, 121]",0,50,6,6,1.0,6,1,1,中核経路
固定射影,1,20260804,学習文,今日は晴れて気持ちいい,edge,"[102, 574]",50,50,1,1,1.0,1,1,1,定着した成長経路
固定射影,1,20260804,学習文,今日は晴れて気持ちいい,edge,"[235, 362]",20,50,2,2,1.0,2,1,1,定着した成長経路
固定射影,1,20260804,学習文,今日は晴れて気持ちいい,edge,"[169, 545]",0,50,6,6,1.0,6,1,1,中核経路
固定射影,1,20260804,学習文,今日は晴れて気持ちいい,edge,"[84, 492]",0,50,6,6,1.0,6,1,1,中核経路
固定射影,1,20260804,学習文,今日は晴れて気持ちいい,edge,"[298, 354]",50,50,1,1,1.0,1,1,1,定着した成長経路
固定射影,1,20260804,学習文,今日は晴れて気持ちいい,edge,"[164, 399]",0,50,6,6,1.0,6,1,1,中核経路
固定射影,1,20260804,学習文,今日は晴れて気持ちいい,edge,"[81, 511]",1,50,5,5,1.0,5,1,1,定着した成長経路
固定射影,1,20260804,学習文,今日は晴れて気持ちいい,edge,"[201, 235]",0,50,6,6,1.0,6,1,1,中核経路
固定射影,1,20260804,学習文,今日は晴れて気持ちいい,edge,"[461, 509]",20,50,2,2,1.0,2,1,1,定着した成長経路
固定射影,1,20260804,学習文,今日は晴れて気持ちいい,edge,"[349, 545]",0,50,6,6,1.0,6,1,1,中核経路
固定射影,1,20260804,学習文,今日は晴れて気持ちいい,edge,"[212, 509]",1,50,5,5,1.0,5,1,1,定着した成長経路
固定射影,1,20260804,学習文,今日は晴れて気持ちいい,edge,"[277, 492]",0,50,6,6,1.0,6,1,1,中核経路
固定射影,1,20260804,学習文,今日は晴れて気持ちいい,edge,"[550, 574]",5,50,4,4,1.0,4,1,1,定着した成長経路
固定射影,1,20260804,学習文,今日は晴れて気持ちいい,edge,"[148, 536]",0,50,6,6,1.0,6,1,1,中核経路
固定射影,1,20260804,学習文,今日は晴れて気持ちいい,edge,"[409, 422]",10,50,3,3,1.0,3,1,1,定着した成長経路
固定射影,1,20260804,学習文,今日は晴れて気持ちいい,edge,"[318, 511]",20,50,2,2,1.0,2,1,1,定着した成長経路
固定射影,1,20260804,学習文,今日は晴れて気持ちいい,edge,"[84, 277]",0,50,6,6,1.0,6,1,1,中核経路
固定射影,1,20260804,学習文,今日は晴れて気持ちいい,edge,"[144, 148]",10,50,3,3,1.0,3,1,1,定着した成長経路
固定射影,1,20260804,学習文,今日は晴れて気持ちいい,edge,"[241, 572]",20,50,2,2,1.0,2,1,1,定着した成長経路
固定射影,1,20260804,学習文,今日は晴れて気持ちいい,edge,"[369, 550]",0,50,6,6,1.0,6,1,1,中核経路
固定射影,1,20260804,学習文,今日は晴れて気持ちいい,edge,"[252, 422]",50,50,1,1,1.0,1,1,1,定着した成長経路
固定射影,1,20260804,学習文,今日は晴れて気持ちいい,edge,"[121, 381]",0,50,6,6,1.0,6,1,1,中核経路
固定射影,1,20260804,学習文,今日は晴れて気持ちいい,edge,"[212, 224]",0,50,6,6,1.0,6,1,1,中核経路
固定射影,1,20260804,学習文,今日は晴れて気持ちいい,edge,"[144, 355]",50,50,1,1,1.0,1,1,1,定着した成長経路
固定射影,1,20260804,類似文,今日の天気は最高だ,node,512,0,50,6,6,1.0,6,1,1,中核経路
固定射影,1,20260804,類似文,今日の天気は最高だ,node,1,0,50,6,6,1.0,6,1,1,中核経路
固定射影,1,20260804,類似文,今日の天気は最高だ,node,271,50,50,1,1,1.0,1,1,1,定着した成長経路
固定射影,1,20260804,類似文,今日の天気は最高だ,node,276,10,50,3,3,1.0,3,1,1,定着した成長経路
固定射影,1,20260804,類似文,今日の天気は最高だ,node,277,0,50,6,6,1.0,6,1,1,中核経路
固定射影,1,20260804,類似文,今日の天気は最高だ,node,22,0,50,6,6,1.0,6,1,1,中核経路
固定射影,1,20260804,類似文,今日の天気は最高だ,node,536,0,50,6,6,1.0,6,1,1,中核経路
固定射影,1,20260804,類似文,今日の天気は最高だ,node,545,0,50,6,6,1.0,6,1,1,中核経路
固定射影,1,20260804,類似文,今日の天気は最高だ,node,36,5,50,4,4,1.0,4,1,1,定着した成長経路
固定射影,1,20260804,類似文,今日の天気は最高だ,node,302,0,50,6,6,1.0,6,1,1,中核経路
固定射影,1,20260804,類似文,今日の天気は最高だ,node,306,10,50,3,3,1.0,3,1,1,定着した成長経路
固定射影,1,20260804,類似文,今日の天気は最高だ,node,51,0,50,6,6,1.0,6,1,1,中核経路
固定射影,1,20260804,類似文,今日の天気は最高だ,node,572,0,50,6,6,1.0,6,1,1,中核経路
固定射影,1,20260804,類似文,今日の天気は最高だ,node,66,50,50,1,1,1.0,1,1,1,定着した成長経路
固定射影,1,20260804,類似文,今日の天気は最高だ,node,579,0,50,6,6,1.0,6,1,1,中核経路
固定射影,1,20260804,類似文,今日の天気は最高だ,node,587,0,50,6,6,1.0,6,1,1,中核経路
固定射影,1,20260804,類似文,今日の天気は最高だ,node,84,0,50,6,6,1.0,6,1,1,中核経路
固定射影,1,20260804,類似文,今日の天気は最高だ,node,349,0,50,6,6,1.0,6,1,1,中核経路
固定射影,1,20260804,類似文,今日の天気は最高だ,node,99,0,50,6,6,1.0,6,1,1,中核経路
固定射影,1,20260804,類似文,今日の天気は最高だ,node,362,10,50,3,3,1.0,3,1,1,定着した成長経路
固定射影,1,20260804,類似文,今日の天気は最高だ,node,135,0,50,6,6,1.0,6,1,1,中核経路
固定射影,1,20260804,類似文,今日の天気は最高だ,node,393,10,50,3,3,1.0,3,1,1,定着した成長経路
固定射影,1,20260804,類似文,今日の天気は最高だ,node,144,50,50,1,1,1.0,1,1,1,定着した成長経路
固定射影,1,20260804,類似文,今日の天気は最高だ,node,148,0,50,6,6,1.0,6,1,1,中核経路
固定射影,1,20260804,類似文,今日の天気は最高だ,node,405,0,50,6,6,1.0,6,1,1,中核経路
固定射影,1,20260804,類似文,今日の天気は最高だ,node,155,0,50,6,6,1.0,6,1,1,中核経路
固定射影,1,20260804,類似文,今日の天気は最高だ,node,165,0,50,6,6,1.0,6,1,1,中核経路
固定射影,1,20260804,類似文,今日の天気は最高だ,node,169,0,50,6,6,1.0,6,1,1,中核経路
固定射影,1,20260804,類似文,今日の天気は最高だ,node,443,0,50,6,6,1.0,6,1,1,中核経路
固定射影,1,20260804,類似文,今日の天気は最高だ,node,187,0,50,6,6,1.0,6,1,1,中核経路
固定射影,1,20260804,類似文,今日の天気は最高だ,node,194,0,0,1,6,0.16666667,1,0,0,一時経路
固定射影,1,20260804,類似文,今日の天気は最高だ,node,201,0,50,6,6,1.0,6,1,1,中核経路
固定射影,1,20260804,類似文,今日の天気は最高だ,node,461,0,50,6,6,1.0,6,1,1,中核経路
固定射影,1,20260804,類似文,今日の天気は最高だ,node,212,0,50,6,6,1.0,6,1,1,中核経路
固定射影,1,20260804,類似文,今日の天気は最高だ,node,224,0,50,6,6,1.0,6,1,1,中核経路
固定射影,1,20260804,類似文,今日の天気は最高だ,node,483,50,50,1,1,1.0,1,1,1,定着した成長経路
固定射影,1,20260804,類似文,今日の天気は最高だ,node,489,0,50,6,6,1.0,6,1,1,中核経路
固定射影,1,20260804,類似文,今日の天気は最高だ,node,235,0,50,6,6,1.0,6,1,1,中核経路
固定射影,1,20260804,類似文,今日の天気は最高だ,node,492,0,50,6,6,1.0,6,1,1,中核経路
固定射影,1,20260804,類似文,今日の天気は最高だ,node,241,20,50,2,2,1.0,2,1,1,定着した成長経路
固定射影,1,20260804,類似文,今日の天気は最高だ,node,509,0,50,6,6,1.0,6,1,1,中核経路
固定射影,1,20260804,類似文,今日の天気は最高だ,edge,"[22, 536]",0,50,6,6,1.0,6,1,1,中核経路
固定射影,1,20260804,類似文,今日の天気は最高だ,edge,"[36, 349]",5,50,4,4,1.0,4,1,1,定着した成長経路
固定射影,1,20260804,類似文,今日の天気は最高だ,edge,"[99, 579]",0,50,6,6,1.0,6,1,1,中核経路
固定射影,1,20260804,類似文,今日の天気は最高だ,edge,"[22, 66]",50,50,1,1,1.0,1,1,1,定着した成長経路
固定射影,1,20260804,類似文,今日の天気は最高だ,edge,"[201, 572]",0,50,6,6,1.0,6,1,1,中核経路
固定射影,1,20260804,類似文,今日の天気は最高だ,edge,"[169, 393]",10,50,3,3,1.0,3,1,1,定着した成長経路
固定射影,1,20260804,類似文,今日の天気は最高だ,edge,"[201, 224]",0,50,6,6,1.0,6,1,1,中核経路
固定射影,1,20260804,類似文,今日の天気は最高だ,edge,"[194, 212]",0,0,1,6,0.16666667,1,0,0,一時経路
固定射影,1,20260804,類似文,今日の天気は最高だ,edge,"[235, 362]",10,50,3,3,1.0,3,1,1,定着した成長経路
固定射影,1,20260804,類似文,今日の天気は最高だ,edge,"[169, 545]",0,50,6,6,1.0,6,1,1,中核経路
固定射影,1,20260804,類似文,今日の天気は最高だ,edge,"[302, 461]",0,50,6,6,1.0,6,1,1,中核経路
固定射影,1,20260804,類似文,今日の天気は最高だ,edge,"[84, 492]",0,50,6,6,1.0,6,1,1,中核経路
固定射影,1,20260804,類似文,今日の天気は最高だ,edge,"[165, 276]",10,50,3,3,1.0,3,1,1,定着した成長経路
固定射影,1,20260804,類似文,今日の天気は最高だ,edge,"[1, 512]",0,50,6,6,1.0,6,1,1,中核経路
固定射影,1,20260804,類似文,今日の天気は最高だ,edge,"[405, 587]",0,50,6,6,1.0,6,1,1,中核経路
固定射影,1,20260804,類似文,今日の天気は最高だ,edge,"[201, 235]",0,50,6,6,1.0,6,1,1,中核経路
固定射影,1,20260804,類似文,今日の天気は最高だ,edge,"[405, 489]",0,50,6,6,1.0,6,1,1,中核経路
固定射影,1,20260804,類似文,今日の天気は最高だ,edge,"[349, 545]",0,50,6,6,1.0,6,1,1,中核経路
固定射影,1,20260804,類似文,今日の天気は最高だ,edge,"[165, 306]",10,50,3,3,1.0,3,1,1,定着した成長経路
固定射影,1,20260804,類似文,今日の天気は最高だ,edge,"[212, 509]",0,50,6,6,1.0,6,1,1,中核経路
固定射影,1,20260804,類似文,今日の天気は最高だ,edge,"[461, 509]",20,50,2,2,1.0,2,1,1,定着した成長経路
固定射影,1,20260804,類似文,今日の天気は最高だ,edge,"[135, 155]",0,50,6,6,1.0,6,1,1,中核経路
固定射影,1,20260804,類似文,今日の天気は最高だ,edge,"[277, 492]",0,50,6,6,1.0,6,1,1,中核経路
固定射影,1,20260804,類似文,今日の天気は最高だ,edge,"[302, 579]",0,50,6,6,1.0,6,1,1,中核経路
固定射影,1,20260804,類似文,今日の天気は最高だ,edge,"[51, 155]",0,50,6,6,1.0,6,1,1,中核経路
固定射影,1,20260804,類似文,今日の天気は最高だ,edge,"[148, 536]",0,50,6,6,1.0,6,1,1,中核経路
固定射影,1,20260804,類似文,今日の天気は最高だ,edge,"[84, 277]",0,50,6,6,1.0,6,1,1,中核経路
固定射影,1,20260804,類似文,今日の天気は最高だ,edge,"[99, 302]",0,20,5,6,0.83333333,5,0,0,一時経路
固定射影,1,20260804,類似文,今日の天気は最高だ,edge,"[241, 572]",20,50,2,2,1.0,2,1,1,定着した成長経路
固定射影,1,20260804,類似文,今日の天気は最高だ,edge,"[144, 148]",50,50,1,1,1.0,1,1,1,定着した成長経路
固定射影,1,20260804,類似文,今日の天気は最高だ,edge,"[271, 362]",50,50,1,1,1.0,1,1,1,定着した成長経路
固定射影,1,20260804,類似文,今日の天気は最高だ,edge,"[241, 483]",50,50,1,1,1.0,1,1,1,定着した成長経路
固定射影,1,20260804,類似文,今日の天気は最高だ,edge,"[212, 224]",0,50,6,6,1.0,6,1,1,中核経路
固定射影,1,20260804,類似文,今日の天気は最高だ,edge,"[1, 443]",0,50,6,6,1.0,6,1,1,中核経路
固定射影,1,20260804,無関係文,犬は公園を走っている,node,386,0,50,6,6,1.0,6,1,1,中核経路
固定射影,1,20260804,無関係文,犬は公園を走っている,node,134,0,50,6,6,1.0,6,1,1,中核経路
固定射影,1,20260804,無関係文,犬は公園を走っている,node,518,0,50,6,6,1.0,6,1,1,中核経路
固定射影,1,20260804,無関係文,犬は公園を走っている,node,395,0,50,6,6,1.0,6,1,1,中核経路
固定射影,1,20260804,無関係文,犬は公園を走っている,node,142,0,50,6,6,1.0,6,1,1,中核経路
固定射影,1,20260804,無関係文,犬は公園を走っている,node,400,0,50,6,6,1.0,6,1,1,中核経路
固定射影,1,20260804,無関係文,犬は公園を走っている,node,277,0,50,6,6,1.0,6,1,1,中核経路
固定射影,1,20260804,無関係文,犬は公園を走っている,node,27,0,50,6,6,1.0,6,1,1,中核経路
固定射影,1,20260804,無関係文,犬は公園を走っている,node,160,0,50,6,6,1.0,6,1,1,中核経路
固定射影,1,20260804,無関係文,犬は公園を走っている,node,295,0,50,6,6,1.0,6,1,1,中核経路
固定射影,1,20260804,無関係文,犬は公園を走っている,node,172,0,50,6,6,1.0,6,1,1,中核経路
固定射影,1,20260804,無関係文,犬は公園を走っている,node,301,0,50,6,6,1.0,6,1,1,中核経路
固定射影,1,20260804,無関係文,犬は公園を走っている,node,556,0,50,6,6,1.0,6,1,1,中核経路
固定射影,1,20260804,無関係文,犬は公園を走っている,node,304,0,50,6,6,1.0,6,1,1,中核経路
固定射影,1,20260804,無関係文,犬は公園を走っている,node,563,0,50,6,6,1.0,6,1,1,中核経路
固定射影,1,20260804,無関係文,犬は公園を走っている,node,184,0,50,6,6,1.0,6,1,1,中核経路
固定射影,1,20260804,無関係文,犬は公園を走っている,node,451,0,20,5,6,0.83333333,5,0,0,一時経路
固定射影,1,20260804,無関係文,犬は公園を走っている,node,200,0,50,6,6,1.0,6,1,1,中核経路
固定射影,1,20260804,無関係文,犬は公園を走っている,node,329,0,50,6,6,1.0,6,1,1,中核経路
固定射影,1,20260804,無関係文,犬は公園を走っている,node,335,0,50,6,6,1.0,6,1,1,中核経路
固定射影,1,20260804,無関係文,犬は公園を走っている,node,80,0,50,6,6,1.0,6,1,1,中核経路
固定射影,1,20260804,無関係文,犬は公園を走っている,node,209,0,50,6,6,1.0,6,1,1,中核経路
固定射影,1,20260804,無関係文,犬は公園を走っている,node,84,0,50,6,6,1.0,6,1,1,中核経路
固定射影,1,20260804,無関係文,犬は公園を走っている,node,341,0,50,6,6,1.0,6,1,1,中核経路
固定射影,1,20260804,無関係文,犬は公園を走っている,node,479,0,50,6,6,1.0,6,1,1,中核経路
固定射影,1,20260804,無関係文,犬は公園を走っている,node,225,0,50,6,6,1.0,6,1,1,中核経路
固定射影,1,20260804,無関係文,犬は公園を走っている,node,490,0,50,6,6,1.0,6,1,1,中核経路
固定射影,1,20260804,無関係文,犬は公園を走っている,node,492,0,50,6,6,1.0,6,1,1,中核経路
固定射影,1,20260804,無関係文,犬は公園を走っている,node,119,0,50,6,6,1.0,6,1,1,中核経路
固定射影,1,20260804,無関係文,犬は公園を走っている,node,382,0,50,6,6,1.0,6,1,1,中核経路
固定射影,1,20260804,無関係文,犬は公園を走っている,edge,"[295, 335]",0,50,6,6,1.0,6,1,1,中核経路
固定射影,1,20260804,無関係文,犬は公園を走っている,edge,"[209, 329]",0,50,6,6,1.0,6,1,1,中核経路
固定射影,1,20260804,無関係文,犬は公園を走っている,edge,"[400, 479]",0,50,6,6,1.0,6,1,1,中核経路
固定射影,1,20260804,無関係文,犬は公園を走っている,edge,"[84, 492]",0,50,6,6,1.0,6,1,1,中核経路
固定射影,1,20260804,無関係文,犬は公園を走っている,edge,"[395, 479]",0,50,6,6,1.0,6,1,1,中核経路
固定射影,1,20260804,無関係文,犬は公園を走っている,edge,"[160, 225]",0,50,6,6,1.0,6,1,1,中核経路
固定射影,1,20260804,無関係文,犬は公園を走っている,edge,"[172, 382]",0,50,6,6,1.0,6,1,1,中核経路
固定射影,1,20260804,無関係文,犬は公園を走っている,edge,"[304, 382]",0,20,5,6,0.83333333,5,0,0,一時経路
固定射影,1,20260804,無関係文,犬は公園を走っている,edge,"[142, 335]",0,50,6,6,1.0,6,1,1,中核経路
固定射影,1,20260804,無関係文,犬は公園を走っている,edge,"[160, 490]",0,50,6,6,1.0,6,1,1,中核経路
固定射影,1,20260804,無関係文,犬は公園を走っている,edge,"[386, 518]",0,50,6,6,1.0,6,1,1,中核経路
固定射影,1,20260804,無関係文,犬は公園を走っている,edge,"[277, 492]",0,50,6,6,1.0,6,1,1,中核経路
固定射影,1,20260804,無関係文,犬は公園を走っている,edge,"[341, 556]",0,50,6,6,1.0,6,1,1,中核経路
固定射影,1,20260804,無関係文,犬は公園を走っている,edge,"[200, 382]",0,50,6,6,1.0,6,1,1,中核経路
固定射影,1,20260804,無関係文,犬は公園を走っている,edge,"[184, 490]",0,50,6,6,1.0,6,1,1,中核経路
固定射影,1,20260804,無関係文,犬は公園を走っている,edge,"[225, 451]",0,20,5,6,0.83333333,5,0,0,一時経路
固定射影,1,20260804,無関係文,犬は公園を走っている,edge,"[329, 563]",0,50,6,6,1.0,6,1,1,中核経路
固定射影,1,20260804,無関係文,犬は公園を走っている,edge,"[84, 277]",0,50,6,6,1.0,6,1,1,中核経路
固定射影,1,20260804,無関係文,犬は公園を走っている,edge,"[301, 382]",0,50,6,6,1.0,6,1,1,中核経路
固定射影,1,20260804,無関係文,犬は公園を走っている,edge,"[119, 341]",0,50,6,6,1.0,6,1,1,中核経路
固定射影,1,20260804,無関係文,犬は公園を走っている,edge,"[27, 386]",0,50,6,6,1.0,6,1,1,中核経路
固定射影,1,20260804,無関係文,犬は公園を走っている,edge,"[172, 304]",0,50,6,6,1.0,6,1,1,中核経路
固定射影,2,20260804,学習文,今日は晴れて気持ちいい,node,277,0,50,6,6,1.0,6,1,1,中核経路
固定射影,2,20260804,学習文,今日は晴れて気持ちいい,node,22,0,50,6,6,1.0,6,1,1,中核経路
固定射影,2,20260804,学習文,今日は晴れて気持ちいい,node,536,0,50,6,6,1.0,6,1,1,中核経路
固定射影,2,20260804,学習文,今日は晴れて気持ちいい,node,33,0,50,6,6,1.0,6,1,1,中核経路
固定射影,2,20260804,学習文,今日は晴れて気持ちいい,node,545,0,50,6,6,1.0,6,1,1,中核経路
固定射影,2,20260804,学習文,今日は晴れて気持ちいい,node,550,0,50,6,6,1.0,6,1,1,中核経路
固定射影,2,20260804,学習文,今日は晴れて気持ちいい,node,298,50,50,1,1,1.0,1,1,1,定着した成長経路
固定射影,2,20260804,学習文,今日は晴れて気持ちいい,node,45,0,50,6,6,1.0,6,1,1,中核経路
固定射影,2,20260804,学習文,今日は晴れて気持ちいい,node,312,0,50,6,6,1.0,6,1,1,中核経路
固定射影,2,20260804,学習文,今日は晴れて気持ちいい,node,572,0,50,6,6,1.0,6,1,1,中核経路
固定射影,2,20260804,学習文,今日は晴れて気持ちいい,node,574,5,50,4,4,1.0,4,1,1,定着した成長経路
固定射影,2,20260804,学習文,今日は晴れて気持ちいい,node,63,0,50,6,6,1.0,6,1,1,中核経路
固定射影,2,20260804,学習文,今日は晴れて気持ちいい,node,318,20,50,2,2,1.0,2,1,1,定着した成長経路
固定射影,2,20260804,学習文,今日は晴れて気持ちいい,node,66,20,50,2,2,1.0,2,1,1,定着した成長経路
固定射影,2,20260804,学習文,今日は晴れて気持ちいい,node,81,0,50,6,6,1.0,6,1,1,中核経路
固定射影,2,20260804,学習文,今日は晴れて気持ちいい,node,84,0,50,6,6,1.0,6,1,1,中核経路
固定射影,2,20260804,学習文,今日は晴れて気持ちいい,node,349,0,50,6,6,1.0,6,1,1,中核経路
固定射影,2,20260804,学習文,今日は晴れて気持ちいい,node,354,5,50,4,4,1.0,4,1,1,定着した成長経路
固定射影,2,20260804,学習文,今日は晴れて気持ちいい,node,355,50,50,1,1,1.0,1,1,1,定着した成長経路
固定射影,2,20260804,学習文,今日は晴れて気持ちいい,node,102,50,50,1,1,1.0,1,1,1,定着した成長経路
固定射影,2,20260804,学習文,今日は晴れて気持ちいい,node,362,20,50,2,2,1.0,2,1,1,定着した成長経路
固定射影,2,20260804,学習文,今日は晴れて気持ちいい,node,369,0,50,6,6,1.0,6,1,1,中核経路
固定射影,2,20260804,学習文,今日は晴れて気持ちいい,node,372,0,50,6,6,1.0,6,1,1,中核経路
固定射影,2,20260804,学習文,今日は晴れて気持ちいい,node,121,0,50,6,6,1.0,6,1,1,中核経路
固定射影,2,20260804,学習文,今日は晴れて気持ちいい,node,381,0,50,6,6,1.0,6,1,1,中核経路
固定射影,2,20260804,学習文,今日は晴れて気持ちいい,node,399,0,50,6,6,1.0,6,1,1,中核経路
固定射影,2,20260804,学習文,今日は晴れて気持ちいい,node,144,10,50,3,3,1.0,3,1,1,定着した成長経路
固定射影,2,20260804,学習文,今日は晴れて気持ちいい,node,148,0,50,6,6,1.0,6,1,1,中核経路
固定射影,2,20260804,学習文,今日は晴れて気持ちいい,node,409,0,50,6,6,1.0,6,1,1,中核経路
固定射影,2,20260804,学習文,今日は晴れて気持ちいい,node,164,0,50,6,6,1.0,6,1,1,中核経路
固定射影,2,20260804,学習文,今日は晴れて気持ちいい,node,422,10,50,3,3,1.0,3,1,1,定着した成長経路
固定射影,2,20260804,学習文,今日は晴れて気持ちいい,node,168,0,50,6,6,1.0,6,1,1,中核経路
固定射影,2,20260804,学習文,今日は晴れて気持ちいい,node,169,0,50,6,6,1.0,6,1,1,中核経路
固定射影,2,20260804,学習文,今日は晴れて気持ちいい,node,201,0,50,6,6,1.0,6,1,1,中核経路
固定射影,2,20260804,学習文,今日は晴れて気持ちいい,node,461,20,50,2,2,1.0,2,1,1,定着した成長経路
固定射影,2,20260804,学習文,今日は晴れて気持ちいい,node,463,20,50,2,2,1.0,2,1,1,定着した成長経路
固定射影,2,20260804,学習文,今日は晴れて気持ちいい,node,212,0,50,6,6,1.0,6,1,1,中核経路
固定射影,2,20260804,学習文,今日は晴れて気持ちいい,node,224,0,50,6,6,1.0,6,1,1,中核経路
固定射影,2,20260804,学習文,今日は晴れて気持ちいい,node,235,0,50,6,6,1.0,6,1,1,中核経路
固定射影,2,20260804,学習文,今日は晴れて気持ちいい,node,492,0,50,6,6,1.0,6,1,1,中核経路
固定射影,2,20260804,学習文,今日は晴れて気持ちいい,node,241,20,50,2,2,1.0,2,1,1,定着した成長経路
固定射影,2,20260804,学習文,今日は晴れて気持ちいい,node,502,20,50,2,2,1.0,2,1,1,定着した成長経路
固定射影,2,20260804,学習文,今日は晴れて気持ちいい,node,252,50,50,1,1,1.0,1,1,1,定着した成長経路
固定射影,2,20260804,学習文,今日は晴れて気持ちいい,node,509,1,50,5,5,1.0,5,1,1,定着した成長経路
固定射影,2,20260804,学習文,今日は晴れて気持ちいい,node,511,1,50,5,5,1.0,5,1,1,定着した成長経路
固定射影,2,20260804,学習文,今日は晴れて気持ちいい,edge,"[22, 536]",0,50,6,6,1.0,6,1,1,中核経路
固定射影,2,20260804,学習文,今日は晴れて気持ちいい,edge,"[369, 409]",0,50,6,6,1.0,6,1,1,中核経路
固定射影,2,20260804,学習文,今日は晴れて気持ちいい,edge,"[22, 66]",20,50,2,2,1.0,2,1,1,定着した成長経路
固定射影,2,20260804,学習文,今日は晴れて気持ちいい,edge,"[201, 572]",0,50,6,6,1.0,6,1,1,中核経路
固定射影,2,20260804,学習文,今日は晴れて気持ちいい,edge,"[45, 312]",0,50,6,6,1.0,6,1,1,中核経路
固定射影,2,20260804,学習文,今日は晴れて気持ちいい,edge,"[33, 463]",20,50,2,2,1.0,2,1,1,定着した成長経路
固定射影,2,20260804,学習文,今日は晴れて気持ちいい,edge,"[381, 502]",20,50,2,2,1.0,2,1,1,定着した成長経路
固定射影,2,20260804,学習文,今日は晴れて気持ちいい,edge,"[81, 399]",0,50,6,6,1.0,6,1,1,中核経路
固定射影,2,20260804,学習文,今日は晴れて気持ちいい,edge,"[201, 224]",0,50,6,6,1.0,6,1,1,中核経路
固定射影,2,20260804,学習文,今日は晴れて気持ちいい,edge,"[168, 312]",0,50,6,6,1.0,6,1,1,中核経路
固定射影,2,20260804,学習文,今日は晴れて気持ちいい,edge,"[164, 354]",5,50,4,4,1.0,4,1,1,定着した成長経路
固定射影,2,20260804,学習文,今日は晴れて気持ちいい,edge,"[33, 121]",0,50,6,6,1.0,6,1,1,中核経路
固定射影,2,20260804,学習文,今日は晴れて気持ちいい,edge,"[102, 574]",50,50,1,1,1.0,1,1,1,定着した成長経路
固定射影,2,20260804,学習文,今日は晴れて気持ちいい,edge,"[235, 362]",20,50,2,2,1.0,2,1,1,定着した成長経路
固定射影,2,20260804,学習文,今日は晴れて気持ちいい,edge,"[169, 545]",0,50,6,6,1.0,6,1,1,中核経路
固定射影,2,20260804,学習文,今日は晴れて気持ちいい,edge,"[84, 492]",0,50,6,6,1.0,6,1,1,中核経路
固定射影,2,20260804,学習文,今日は晴れて気持ちいい,edge,"[298, 354]",50,50,1,1,1.0,1,1,1,定着した成長経路
固定射影,2,20260804,学習文,今日は晴れて気持ちいい,edge,"[164, 399]",0,50,6,6,1.0,6,1,1,中核経路
固定射影,2,20260804,学習文,今日は晴れて気持ちいい,edge,"[81, 511]",1,50,5,5,1.0,5,1,1,定着した成長経路
固定射影,2,20260804,学習文,今日は晴れて気持ちいい,edge,"[201, 235]",0,50,6,6,1.0,6,1,1,中核経路
固定射影,2,20260804,学習文,今日は晴れて気持ちいい,edge,"[461, 509]",20,50,2,2,1.0,2,1,1,定着した成長経路
固定射影,2,20260804,学習文,今日は晴れて気持ちいい,edge,"[349, 545]",0,50,6,6,1.0,6,1,1,中核経路
固定射影,2,20260804,学習文,今日は晴れて気持ちいい,edge,"[212, 509]",1,50,5,5,1.0,5,1,1,定着した成長経路
固定射影,2,20260804,学習文,今日は晴れて気持ちいい,edge,"[277, 492]",0,50,6,6,1.0,6,1,1,中核経路
固定射影,2,20260804,学習文,今日は晴れて気持ちいい,edge,"[550, 574]",5,50,4,4,1.0,4,1,1,定着した成長経路
固定射影,2,20260804,学習文,今日は晴れて気持ちいい,edge,"[148, 536]",0,50,6,6,1.0,6,1,1,中核経路
固定射影,2,20260804,学習文,今日は晴れて気持ちいい,edge,"[409, 422]",10,50,3,3,1.0,3,1,1,定着した成長経路
固定射影,2,20260804,学習文,今日は晴れて気持ちいい,edge,"[318, 511]",20,50,2,2,1.0,2,1,1,定着した成長経路
固定射影,2,20260804,学習文,今日は晴れて気持ちいい,edge,"[84, 277]",0,50,6,6,1.0,6,1,1,中核経路
固定射影,2,20260804,学習文,今日は晴れて気持ちいい,edge,"[144, 148]",10,50,3,3,1.0,3,1,1,定着した成長経路
固定射影,2,20260804,学習文,今日は晴れて気持ちいい,edge,"[241, 572]",20,50,2,2,1.0,2,1,1,定着した成長経路
固定射影,2,20260804,学習文,今日は晴れて気持ちいい,edge,"[369, 550]",0,50,6,6,1.0,6,1,1,中核経路
固定射影,2,20260804,学習文,今日は晴れて気持ちいい,edge,"[252, 422]",50,50,1,1,1.0,1,1,1,定着した成長経路
固定射影,2,20260804,学習文,今日は晴れて気持ちいい,edge,"[121, 381]",0,50,6,6,1.0,6,1,1,中核経路
固定射影,2,20260804,学習文,今日は晴れて気持ちいい,edge,"[212, 224]",0,50,6,6,1.0,6,1,1,中核経路
固定射影,2,20260804,学習文,今日は晴れて気持ちいい,edge,"[144, 355]",50,50,1,1,1.0,1,1,1,定着した成長経路
固定射影,2,20260804,類似文,今日の天気は最高だ,node,512,0,50,6,6,1.0,6,1,1,中核経路
固定射影,2,20260804,類似文,今日の天気は最高だ,node,1,0,50,6,6,1.0,6,1,1,中核経路
固定射影,2,20260804,類似文,今日の天気は最高だ,node,271,50,50,1,1,1.0,1,1,1,定着した成長経路
固定射影,2,20260804,類似文,今日の天気は最高だ,node,276,5,10,2,4,0.5,2,0,0,一時経路
固定射影,2,20260804,類似文,今日の天気は最高だ,node,277,0,50,6,6,1.0,6,1,1,中核経路
固定射影,2,20260804,類似文,今日の天気は最高だ,node,22,0,50,6,6,1.0,6,1,1,中核経路
固定射影,2,20260804,類似文,今日の天気は最高だ,node,536,0,50,6,6,1.0,6,1,1,中核経路
固定射影,2,20260804,類似文,今日の天気は最高だ,node,545,0,50,6,6,1.0,6,1,1,中核経路
固定射影,2,20260804,類似文,今日の天気は最高だ,node,36,5,50,4,4,1.0,4,1,1,定着した成長経路
固定射影,2,20260804,類似文,今日の天気は最高だ,node,302,0,50,6,6,1.0,6,1,1,中核経路
固定射影,2,20260804,類似文,今日の天気は最高だ,node,306,5,10,2,4,0.5,2,0,0,一時経路
固定射影,2,20260804,類似文,今日の天気は最高だ,node,51,0,50,6,6,1.0,6,1,1,中核経路
固定射影,2,20260804,類似文,今日の天気は最高だ,node,572,0,50,6,6,1.0,6,1,1,中核経路
固定射影,2,20260804,類似文,今日の天気は最高だ,node,66,20,50,2,2,1.0,2,1,1,定着した成長経路
固定射影,2,20260804,類似文,今日の天気は最高だ,node,579,0,50,6,6,1.0,6,1,1,中核経路
固定射影,2,20260804,類似文,今日の天気は最高だ,node,587,0,50,6,6,1.0,6,1,1,中核経路
固定射影,2,20260804,類似文,今日の天気は最高だ,node,84,0,50,6,6,1.0,6,1,1,中核経路
固定射影,2,20260804,類似文,今日の天気は最高だ,node,349,0,50,6,6,1.0,6,1,1,中核経路
固定射影,2,20260804,類似文,今日の天気は最高だ,node,99,0,50,6,6,1.0,6,1,1,中核経路
固定射影,2,20260804,類似文,今日の天気は最高だ,node,362,10,50,3,3,1.0,3,1,1,定着した成長経路
固定射影,2,20260804,類似文,今日の天気は最高だ,node,135,0,50,6,6,1.0,6,1,1,中核経路
固定射影,2,20260804,類似文,今日の天気は最高だ,node,393,10,50,3,3,1.0,3,1,1,定着した成長経路
固定射影,2,20260804,類似文,今日の天気は最高だ,node,144,20,50,2,2,1.0,2,1,1,定着した成長経路
固定射影,2,20260804,類似文,今日の天気は最高だ,node,148,0,50,6,6,1.0,6,1,1,中核経路
固定射影,2,20260804,類似文,今日の天気は最高だ,node,405,0,50,6,6,1.0,6,1,1,中核経路
固定射影,2,20260804,類似文,今日の天気は最高だ,node,155,0,50,6,6,1.0,6,1,1,中核経路
固定射影,2,20260804,類似文,今日の天気は最高だ,node,165,0,50,6,6,1.0,6,1,1,中核経路
固定射影,2,20260804,類似文,今日の天気は最高だ,node,169,0,50,6,6,1.0,6,1,1,中核経路
固定射影,2,20260804,類似文,今日の天気は最高だ,node,443,0,50,6,6,1.0,6,1,1,中核経路
固定射影,2,20260804,類似文,今日の天気は最高だ,node,187,0,50,6,6,1.0,6,1,1,中核経路
固定射影,2,20260804,類似文,今日の天気は最高だ,node,194,0,0,1,6,0.16666667,1,0,0,一時経路
固定射影,2,20260804,類似文,今日の天気は最高だ,node,201,0,50,6,6,1.0,6,1,1,中核経路
固定射影,2,20260804,類似文,今日の天気は最高だ,node,461,0,50,6,6,1.0,6,1,1,中核経路
固定射影,2,20260804,類似文,今日の天気は最高だ,node,212,0,50,6,6,1.0,6,1,1,中核経路
固定射影,2,20260804,類似文,今日の天気は最高だ,node,224,0,50,6,6,1.0,6,1,1,中核経路
固定射影,2,20260804,類似文,今日の天気は最高だ,node,483,50,50,1,1,1.0,1,1,1,定着した成長経路
固定射影,2,20260804,類似文,今日の天気は最高だ,node,489,0,50,6,6,1.0,6,1,1,中核経路
固定射影,2,20260804,類似文,今日の天気は最高だ,node,235,0,50,6,6,1.0,6,1,1,中核経路
固定射影,2,20260804,類似文,今日の天気は最高だ,node,492,0,50,6,6,1.0,6,1,1,中核経路
固定射影,2,20260804,類似文,今日の天気は最高だ,node,241,20,50,2,2,1.0,2,1,1,定着した成長経路
固定射影,2,20260804,類似文,今日の天気は最高だ,node,509,0,50,6,6,1.0,6,1,1,中核経路
固定射影,2,20260804,類似文,今日の天気は最高だ,edge,"[22, 536]",0,50,6,6,1.0,6,1,1,中核経路
固定射影,2,20260804,類似文,今日の天気は最高だ,edge,"[36, 349]",5,50,4,4,1.0,4,1,1,定着した成長経路
固定射影,2,20260804,類似文,今日の天気は最高だ,edge,"[99, 579]",0,50,6,6,1.0,6,1,1,中核経路
固定射影,2,20260804,類似文,今日の天気は最高だ,edge,"[22, 66]",20,50,2,2,1.0,2,1,1,定着した成長経路
固定射影,2,20260804,類似文,今日の天気は最高だ,edge,"[201, 572]",0,50,6,6,1.0,6,1,1,中核経路
固定射影,2,20260804,類似文,今日の天気は最高だ,edge,"[169, 393]",10,50,3,3,1.0,3,1,1,定着した成長経路
固定射影,2,20260804,類似文,今日の天気は最高だ,edge,"[201, 224]",0,50,6,6,1.0,6,1,1,中核経路
固定射影,2,20260804,類似文,今日の天気は最高だ,edge,"[194, 212]",0,0,1,6,0.16666667,1,0,0,一時経路
固定射影,2,20260804,類似文,今日の天気は最高だ,edge,"[235, 362]",10,50,3,3,1.0,3,1,1,定着した成長経路
固定射影,2,20260804,類似文,今日の天気は最高だ,edge,"[169, 545]",0,50,6,6,1.0,6,1,1,中核経路
固定射影,2,20260804,類似文,今日の天気は最高だ,edge,"[302, 461]",0,50,6,6,1.0,6,1,1,中核経路
固定射影,2,20260804,類似文,今日の天気は最高だ,edge,"[84, 492]",0,50,6,6,1.0,6,1,1,中核経路
固定射影,2,20260804,類似文,今日の天気は最高だ,edge,"[165, 276]",5,10,2,4,0.5,2,0,0,一時経路
固定射影,2,20260804,類似文,今日の天気は最高だ,edge,"[1, 512]",0,50,6,6,1.0,6,1,1,中核経路
固定射影,2,20260804,類似文,今日の天気は最高だ,edge,"[405, 587]",0,50,6,6,1.0,6,1,1,中核経路
固定射影,2,20260804,類似文,今日の天気は最高だ,edge,"[201, 235]",0,50,6,6,1.0,6,1,1,中核経路
固定射影,2,20260804,類似文,今日の天気は最高だ,edge,"[405, 489]",0,50,6,6,1.0,6,1,1,中核経路
固定射影,2,20260804,類似文,今日の天気は最高だ,edge,"[349, 545]",0,50,6,6,1.0,6,1,1,中核経路
固定射影,2,20260804,類似文,今日の天気は最高だ,edge,"[165, 306]",5,10,2,4,0.5,2,0,0,一時経路
固定射影,2,20260804,類似文,今日の天気は最高だ,edge,"[212, 509]",0,50,6,6,1.0,6,1,1,中核経路
固定射影,2,20260804,類似文,今日の天気は最高だ,edge,"[461, 509]",20,50,2,2,1.0,2,1,1,定着した成長経路
固定射影,2,20260804,類似文,今日の天気は最高だ,edge,"[135, 155]",0,50,6,6,1.0,6,1,1,中核経路
固定射影,2,20260804,類似文,今日の天気は最高だ,edge,"[277, 492]",0,50,6,6,1.0,6,1,1,中核経路
固定射影,2,20260804,類似文,今日の天気は最高だ,edge,"[302, 579]",0,50,6,6,1.0,6,1,1,中核経路
固定射影,2,20260804,類似文,今日の天気は最高だ,edge,"[51, 155]",0,50,6,6,1.0,6,1,1,中核経路
固定射影,2,20260804,類似文,今日の天気は最高だ,edge,"[148, 536]",0,50,6,6,1.0,6,1,1,中核経路
固定射影,2,20260804,類似文,今日の天気は最高だ,edge,"[84, 277]",0,50,6,6,1.0,6,1,1,中核経路
固定射影,2,20260804,類似文,今日の天気は最高だ,edge,"[99, 302]",0,20,5,6,0.83333333,5,0,0,一時経路
固定射影,2,20260804,類似文,今日の天気は最高だ,edge,"[144, 148]",20,50,2,2,1.0,2,1,1,定着した成長経路
固定射影,2,20260804,類似文,今日の天気は最高だ,edge,"[241, 572]",20,50,2,2,1.0,2,1,1,定着した成長経路
固定射影,2,20260804,類似文,今日の天気は最高だ,edge,"[271, 362]",50,50,1,1,1.0,1,1,1,定着した成長経路
固定射影,2,20260804,類似文,今日の天気は最高だ,edge,"[241, 483]",50,50,1,1,1.0,1,1,1,定着した成長経路
固定射影,2,20260804,類似文,今日の天気は最高だ,edge,"[212, 224]",0,50,6,6,1.0,6,1,1,中核経路
固定射影,2,20260804,類似文,今日の天気は最高だ,edge,"[1, 443]",0,50,6,6,1.0,6,1,1,中核経路
固定射影,2,20260804,無関係文,犬は公園を走っている,node,386,0,50,6,6,1.0,6,1,1,中核経路
固定射影,2,20260804,無関係文,犬は公園を走っている,node,134,0,50,6,6,1.0,6,1,1,中核経路
固定射影,2,20260804,無関係文,犬は公園を走っている,node,518,0,50,6,6,1.0,6,1,1,中核経路
固定射影,2,20260804,無関係文,犬は公園を走っている,node,395,0,50,6,6,1.0,6,1,1,中核経路
固定射影,2,20260804,無関係文,犬は公園を走っている,node,142,0,50,6,6,1.0,6,1,1,中核経路
固定射影,2,20260804,無関係文,犬は公園を走っている,node,400,0,50,6,6,1.0,6,1,1,中核経路
固定射影,2,20260804,無関係文,犬は公園を走っている,node,277,0,50,6,6,1.0,6,1,1,中核経路
固定射影,2,20260804,無関係文,犬は公園を走っている,node,27,0,50,6,6,1.0,6,1,1,中核経路
固定射影,2,20260804,無関係文,犬は公園を走っている,node,160,0,50,6,6,1.0,6,1,1,中核経路
固定射影,2,20260804,無関係文,犬は公園を走っている,node,295,0,50,6,6,1.0,6,1,1,中核経路
固定射影,2,20260804,無関係文,犬は公園を走っている,node,172,0,50,6,6,1.0,6,1,1,中核経路
固定射影,2,20260804,無関係文,犬は公園を走っている,node,301,0,50,6,6,1.0,6,1,1,中核経路
固定射影,2,20260804,無関係文,犬は公園を走っている,node,556,0,50,6,6,1.0,6,1,1,中核経路
固定射影,2,20260804,無関係文,犬は公園を走っている,node,304,0,50,6,6,1.0,6,1,1,中核経路
固定射影,2,20260804,無関係文,犬は公園を走っている,node,563,0,50,6,6,1.0,6,1,1,中核経路
固定射影,2,20260804,無関係文,犬は公園を走っている,node,184,0,50,6,6,1.0,6,1,1,中核経路
固定射影,2,20260804,無関係文,犬は公園を走っている,node,451,0,20,5,6,0.83333333,5,0,0,一時経路
固定射影,2,20260804,無関係文,犬は公園を走っている,node,200,0,50,6,6,1.0,6,1,1,中核経路
固定射影,2,20260804,無関係文,犬は公園を走っている,node,329,0,50,6,6,1.0,6,1,1,中核経路
固定射影,2,20260804,無関係文,犬は公園を走っている,node,335,0,50,6,6,1.0,6,1,1,中核経路
固定射影,2,20260804,無関係文,犬は公園を走っている,node,80,0,50,6,6,1.0,6,1,1,中核経路
固定射影,2,20260804,無関係文,犬は公園を走っている,node,209,0,50,6,6,1.0,6,1,1,中核経路
固定射影,2,20260804,無関係文,犬は公園を走っている,node,84,0,50,6,6,1.0,6,1,1,中核経路
固定射影,2,20260804,無関係文,犬は公園を走っている,node,341,0,50,6,6,1.0,6,1,1,中核経路
固定射影,2,20260804,無関係文,犬は公園を走っている,node,479,0,50,6,6,1.0,6,1,1,中核経路
固定射影,2,20260804,無関係文,犬は公園を走っている,node,225,0,50,6,6,1.0,6,1,1,中核経路
固定射影,2,20260804,無関係文,犬は公園を走っている,node,490,0,50,6,6,1.0,6,1,1,中核経路
固定射影,2,20260804,無関係文,犬は公園を走っている,node,492,0,50,6,6,1.0,6,1,1,中核経路
固定射影,2,20260804,無関係文,犬は公園を走っている,node,119,0,50,6,6,1.0,6,1,1,中核経路
固定射影,2,20260804,無関係文,犬は公園を走っている,node,382,0,50,6,6,1.0,6,1,1,中核経路
固定射影,2,20260804,無関係文,犬は公園を走っている,edge,"[295, 335]",0,50,6,6,1.0,6,1,1,中核経路
固定射影,2,20260804,無関係文,犬は公園を走っている,edge,"[209, 329]",0,50,6,6,1.0,6,1,1,中核経路
固定射影,2,20260804,無関係文,犬は公園を走っている,edge,"[400, 479]",0,50,6,6,1.0,6,1,1,中核経路
固定射影,2,20260804,無関係文,犬は公園を走っている,edge,"[84, 492]",0,50,6,6,1.0,6,1,1,中核経路
固定射影,2,20260804,無関係文,犬は公園を走っている,edge,"[395, 479]",0,50,6,6,1.0,6,1,1,中核経路
固定射影,2,20260804,無関係文,犬は公園を走っている,edge,"[160, 225]",0,50,6,6,1.0,6,1,1,中核経路
固定射影,2,20260804,無関係文,犬は公園を走っている,edge,"[172, 382]",0,50,6,6,1.0,6,1,1,中核経路
固定射影,2,20260804,無関係文,犬は公園を走っている,edge,"[304, 382]",0,20,5,6,0.83333333,5,0,0,一時経路
固定射影,2,20260804,無関係文,犬は公園を走っている,edge,"[142, 335]",0,50,6,6,1.0,6,1,1,中核経路
固定射影,2,20260804,無関係文,犬は公園を走っている,edge,"[160, 490]",0,50,6,6,1.0,6,1,1,中核経路
固定射影,2,20260804,無関係文,犬は公園を走っている,edge,"[386, 518]",0,50,6,6,1.0,6,1,1,中核経路
固定射影,2,20260804,無関係文,犬は公園を走っている,edge,"[277, 492]",0,50,6,6,1.0,6,1,1,中核経路
固定射影,2,20260804,無関係文,犬は公園を走っている,edge,"[341, 556]",0,50,6,6,1.0,6,1,1,中核経路
固定射影,2,20260804,無関係文,犬は公園を走っている,edge,"[200, 382]",0,50,6,6,1.0,6,1,1,中核経路
固定射影,2,20260804,無関係文,犬は公園を走っている,edge,"[184, 490]",0,50,6,6,1.0,6,1,1,中核経路
固定射影,2,20260804,無関係文,犬は公園を走っている,edge,"[225, 451]",0,20,5,6,0.83333333,5,0,0,一時経路
固定射影,2,20260804,無関係文,犬は公園を走っている,edge,"[329, 563]",0,50,6,6,1.0,6,1,1,中核経路
固定射影,2,20260804,無関係文,犬は公園を走っている,edge,"[84, 277]",0,50,6,6,1.0,6,1,1,中核経路
固定射影,2,20260804,無関係文,犬は公園を走っている,edge,"[301, 382]",0,50,6,6,1.0,6,1,1,中核経路
固定射影,2,20260804,無関係文,犬は公園を走っている,edge,"[119, 341]",0,50,6,6,1.0,6,1,1,中核経路
固定射影,2,20260804,無関係文,犬は公園を走っている,edge,"[27, 386]",0,50,6,6,1.0,6,1,1,中核経路
固定射影,2,20260804,無関係文,犬は公園を走っている,edge,"[172, 304]",0,50,6,6,1.0,6,1,1,中核経路
固定射影,3,20260804,学習文,今日は晴れて気持ちいい,node,277,0,50,6,6,1.0,6,1,1,中核経路
固定射影,3,20260804,学習文,今日は晴れて気持ちいい,node,22,0,50,6,6,1.0,6,1,1,中核経路
固定射影,3,20260804,学習文,今日は晴れて気持ちいい,node,536,0,50,6,6,1.0,6,1,1,中核経路
固定射影,3,20260804,学習文,今日は晴れて気持ちいい,node,33,0,50,6,6,1.0,6,1,1,中核経路
固定射影,3,20260804,学習文,今日は晴れて気持ちいい,node,545,0,50,6,6,1.0,6,1,1,中核経路
固定射影,3,20260804,学習文,今日は晴れて気持ちいい,node,550,0,50,6,6,1.0,6,1,1,中核経路
固定射影,3,20260804,学習文,今日は晴れて気持ちいい,node,298,50,50,1,1,1.0,1,1,1,定着した成長経路
固定射影,3,20260804,学習文,今日は晴れて気持ちいい,node,45,0,50,6,6,1.0,6,1,1,中核経路
固定射影,3,20260804,学習文,今日は晴れて気持ちいい,node,312,0,50,6,6,1.0,6,1,1,中核経路
固定射影,3,20260804,学習文,今日は晴れて気持ちいい,node,572,0,50,6,6,1.0,6,1,1,中核経路
固定射影,3,20260804,学習文,今日は晴れて気持ちいい,node,574,5,50,4,4,1.0,4,1,1,定着した成長経路
固定射影,3,20260804,学習文,今日は晴れて気持ちいい,node,63,0,50,6,6,1.0,6,1,1,中核経路
固定射影,3,20260804,学習文,今日は晴れて気持ちいい,node,318,20,50,2,2,1.0,2,1,1,定着した成長経路
固定射影,3,20260804,学習文,今日は晴れて気持ちいい,node,66,20,50,2,2,1.0,2,1,1,定着した成長経路
固定射影,3,20260804,学習文,今日は晴れて気持ちいい,node,81,0,50,6,6,1.0,6,1,1,中核経路
固定射影,3,20260804,学習文,今日は晴れて気持ちいい,node,84,0,50,6,6,1.0,6,1,1,中核経路
固定射影,3,20260804,学習文,今日は晴れて気持ちいい,node,349,0,50,6,6,1.0,6,1,1,中核経路
固定射影,3,20260804,学習文,今日は晴れて気持ちいい,node,354,5,50,4,4,1.0,4,1,1,定着した成長経路
固定射影,3,20260804,学習文,今日は晴れて気持ちいい,node,355,50,50,1,1,1.0,1,1,1,定着した成長経路
固定射影,3,20260804,学習文,今日は晴れて気持ちいい,node,102,50,50,1,1,1.0,1,1,1,定着した成長経路
固定射影,3,20260804,学習文,今日は晴れて気持ちいい,node,362,20,50,2,2,1.0,2,1,1,定着した成長経路
固定射影,3,20260804,学習文,今日は晴れて気持ちいい,node,369,0,50,6,6,1.0,6,1,1,中核経路
固定射影,3,20260804,学習文,今日は晴れて気持ちいい,node,372,0,50,6,6,1.0,6,1,1,中核経路
固定射影,3,20260804,学習文,今日は晴れて気持ちいい,node,121,0,50,6,6,1.0,6,1,1,中核経路
固定射影,3,20260804,学習文,今日は晴れて気持ちいい,node,381,0,50,6,6,1.0,6,1,1,中核経路
固定射影,3,20260804,学習文,今日は晴れて気持ちいい,node,399,0,50,6,6,1.0,6,1,1,中核経路
固定射影,3,20260804,学習文,今日は晴れて気持ちいい,node,144,10,50,3,3,1.0,3,1,1,定着した成長経路
固定射影,3,20260804,学習文,今日は晴れて気持ちいい,node,148,0,50,6,6,1.0,6,1,1,中核経路
固定射影,3,20260804,学習文,今日は晴れて気持ちいい,node,409,0,50,6,6,1.0,6,1,1,中核経路
固定射影,3,20260804,学習文,今日は晴れて気持ちいい,node,164,0,50,6,6,1.0,6,1,1,中核経路
固定射影,3,20260804,学習文,今日は晴れて気持ちいい,node,422,10,50,3,3,1.0,3,1,1,定着した成長経路
固定射影,3,20260804,学習文,今日は晴れて気持ちいい,node,168,0,50,6,6,1.0,6,1,1,中核経路
固定射影,3,20260804,学習文,今日は晴れて気持ちいい,node,169,0,50,6,6,1.0,6,1,1,中核経路
固定射影,3,20260804,学習文,今日は晴れて気持ちいい,node,201,0,50,6,6,1.0,6,1,1,中核経路
固定射影,3,20260804,学習文,今日は晴れて気持ちいい,node,461,20,50,2,2,1.0,2,1,1,定着した成長経路
固定射影,3,20260804,学習文,今日は晴れて気持ちいい,node,463,20,50,2,2,1.0,2,1,1,定着した成長経路
固定射影,3,20260804,学習文,今日は晴れて気持ちいい,node,212,0,50,6,6,1.0,6,1,1,中核経路
固定射影,3,20260804,学習文,今日は晴れて気持ちいい,node,224,0,50,6,6,1.0,6,1,1,中核経路
固定射影,3,20260804,学習文,今日は晴れて気持ちいい,node,235,0,50,6,6,1.0,6,1,1,中核経路
固定射影,3,20260804,学習文,今日は晴れて気持ちいい,node,492,0,50,6,6,1.0,6,1,1,中核経路
固定射影,3,20260804,学習文,今日は晴れて気持ちいい,node,241,20,50,2,2,1.0,2,1,1,定着した成長経路
固定射影,3,20260804,学習文,今日は晴れて気持ちいい,node,502,20,50,2,2,1.0,2,1,1,定着した成長経路
固定射影,3,20260804,学習文,今日は晴れて気持ちいい,node,252,50,50,1,1,1.0,1,1,1,定着した成長経路
固定射影,3,20260804,学習文,今日は晴れて気持ちいい,node,509,1,50,5,5,1.0,5,1,1,定着した成長経路
固定射影,3,20260804,学習文,今日は晴れて気持ちいい,node,511,1,50,5,5,1.0,5,1,1,定着した成長経路
固定射影,3,20260804,学習文,今日は晴れて気持ちいい,edge,"[22, 536]",0,50,6,6,1.0,6,1,1,中核経路
固定射影,3,20260804,学習文,今日は晴れて気持ちいい,edge,"[369, 409]",0,50,6,6,1.0,6,1,1,中核経路
固定射影,3,20260804,学習文,今日は晴れて気持ちいい,edge,"[22, 66]",20,50,2,2,1.0,2,1,1,定着した成長経路
固定射影,3,20260804,学習文,今日は晴れて気持ちいい,edge,"[201, 572]",0,50,6,6,1.0,6,1,1,中核経路
固定射影,3,20260804,学習文,今日は晴れて気持ちいい,edge,"[45, 312]",0,50,6,6,1.0,6,1,1,中核経路
固定射影,3,20260804,学習文,今日は晴れて気持ちいい,edge,"[33, 463]",20,50,2,2,1.0,2,1,1,定着した成長経路
固定射影,3,20260804,学習文,今日は晴れて気持ちいい,edge,"[381, 502]",20,50,2,2,1.0,2,1,1,定着した成長経路
固定射影,3,20260804,学習文,今日は晴れて気持ちいい,edge,"[81, 399]",0,50,6,6,1.0,6,1,1,中核経路
固定射影,3,20260804,学習文,今日は晴れて気持ちいい,edge,"[201, 224]",0,50,6,6,1.0,6,1,1,中核経路
固定射影,3,20260804,学習文,今日は晴れて気持ちいい,edge,"[168, 312]",0,50,6,6,1.0,6,1,1,中核経路
固定射影,3,20260804,学習文,今日は晴れて気持ちいい,edge,"[164, 354]",5,50,4,4,1.0,4,1,1,定着した成長経路
固定射影,3,20260804,学習文,今日は晴れて気持ちいい,edge,"[33, 121]",0,50,6,6,1.0,6,1,1,中核経路
固定射影,3,20260804,学習文,今日は晴れて気持ちいい,edge,"[102, 574]",50,50,1,1,1.0,1,1,1,定着した成長経路
固定射影,3,20260804,学習文,今日は晴れて気持ちいい,edge,"[235, 362]",20,50,2,2,1.0,2,1,1,定着した成長経路
固定射影,3,20260804,学習文,今日は晴れて気持ちいい,edge,"[169, 545]",0,50,6,6,1.0,6,1,1,中核経路
固定射影,3,20260804,学習文,今日は晴れて気持ちいい,edge,"[84, 492]",0,50,6,6,1.0,6,1,1,中核経路
固定射影,3,20260804,学習文,今日は晴れて気持ちいい,edge,"[298, 354]",50,50,1,1,1.0,1,1,1,定着した成長経路
固定射影,3,20260804,学習文,今日は晴れて気持ちいい,edge,"[164, 399]",0,50,6,6,1.0,6,1,1,中核経路
固定射影,3,20260804,学習文,今日は晴れて気持ちいい,edge,"[81, 511]",1,50,5,5,1.0,5,1,1,定着した成長経路
固定射影,3,20260804,学習文,今日は晴れて気持ちいい,edge,"[201, 235]",0,50,6,6,1.0,6,1,1,中核経路
固定射影,3,20260804,学習文,今日は晴れて気持ちいい,edge,"[461, 509]",20,50,2,2,1.0,2,1,1,定着した成長経路
固定射影,3,20260804,学習文,今日は晴れて気持ちいい,edge,"[349, 545]",0,50,6,6,1.0,6,1,1,中核経路
固定射影,3,20260804,学習文,今日は晴れて気持ちいい,edge,"[212, 509]",1,50,5,5,1.0,5,1,1,定着した成長経路
固定射影,3,20260804,学習文,今日は晴れて気持ちいい,edge,"[277, 492]",0,50,6,6,1.0,6,1,1,中核経路
固定射影,3,20260804,学習文,今日は晴れて気持ちいい,edge,"[550, 574]",5,50,4,4,1.0,4,1,1,定着した成長経路
固定射影,3,20260804,学習文,今日は晴れて気持ちいい,edge,"[148, 536]",0,50,6,6,1.0,6,1,1,中核経路
固定射影,3,20260804,学習文,今日は晴れて気持ちいい,edge,"[409, 422]",10,50,3,3,1.0,3,1,1,定着した成長経路
固定射影,3,20260804,学習文,今日は晴れて気持ちいい,edge,"[318, 511]",20,50,2,2,1.0,2,1,1,定着した成長経路
固定射影,3,20260804,学習文,今日は晴れて気持ちいい,edge,"[84, 277]",0,50,6,6,1.0,6,1,1,中核経路
固定射影,3,20260804,学習文,今日は晴れて気持ちいい,edge,"[144, 148]",10,50,3,3,1.0,3,1,1,定着した成長経路
固定射影,3,20260804,学習文,今日は晴れて気持ちいい,edge,"[241, 572]",20,50,2,2,1.0,2,1,1,定着した成長経路
固定射影,3,20260804,学習文,今日は晴れて気持ちいい,edge,"[369, 550]",0,50,6,6,1.0,6,1,1,中核経路
固定射影,3,20260804,学習文,今日は晴れて気持ちいい,edge,"[252, 422]",50,50,1,1,1.0,1,1,1,定着した成長経路
固定射影,3,20260804,学習文,今日は晴れて気持ちいい,edge,"[121, 381]",0,50,6,6,1.0,6,1,1,中核経路
固定射影,3,20260804,学習文,今日は晴れて気持ちいい,edge,"[212, 224]",0,50,6,6,1.0,6,1,1,中核経路
固定射影,3,20260804,学習文,今日は晴れて気持ちいい,edge,"[144, 355]",50,50,1,1,1.0,1,1,1,定着した成長経路
固定射影,3,20260804,類似文,今日の天気は最高だ,node,512,0,50,6,6,1.0,6,1,1,中核経路
固定射影,3,20260804,類似文,今日の天気は最高だ,node,1,0,50,6,6,1.0,6,1,1,中核経路
固定射影,3,20260804,類似文,今日の天気は最高だ,node,135,0,50,6,6,1.0,6,1,1,中核経路
固定射影,3,20260804,類似文,今日の天気は最高だ,node,393,10,50,3,3,1.0,3,1,1,定着した成長経路
固定射影,3,20260804,類似文,今日の天気は最高だ,node,271,50,50,1,1,1.0,1,1,1,定着した成長経路
固定射影,3,20260804,類似文,今日の天気は最高だ,node,144,20,50,2,2,1.0,2,1,1,定着した成長経路
固定射影,3,20260804,類似文,今日の天気は最高だ,node,148,0,50,6,6,1.0,6,1,1,中核経路
固定射影,3,20260804,類似文,今日の天気は最高だ,node,277,0,50,6,6,1.0,6,1,1,中核経路
固定射影,3,20260804,類似文,今日の天気は最高だ,node,22,0,50,6,6,1.0,6,1,1,中核経路
固定射影,3,20260804,類似文,今日の天気は最高だ,node,405,0,50,6,6,1.0,6,1,1,中核経路
固定射影,3,20260804,類似文,今日の天気は最高だ,node,536,0,50,6,6,1.0,6,1,1,中核経路
固定射影,3,20260804,類似文,今日の天気は最高だ,node,155,0,50,6,6,1.0,6,1,1,中核経路
固定射影,3,20260804,類似文,今日の天気は最高だ,node,545,0,50,6,6,1.0,6,1,1,中核経路
固定射影,3,20260804,類似文,今日の天気は最高だ,node,36,5,50,4,4,1.0,4,1,1,定着した成長経路
固定射影,3,20260804,類似文,今日の天気は最高だ,node,165,0,50,6,6,1.0,6,1,1,中核経路
固定射影,3,20260804,類似文,今日の天気は最高だ,node,169,0,50,6,6,1.0,6,1,1,中核経路
固定射影,3,20260804,類似文,今日の天気は最高だ,node,302,0,50,6,6,1.0,6,1,1,中核経路
固定射影,3,20260804,類似文,今日の天気は最高だ,node,51,0,50,6,6,1.0,6,1,1,中核経路
固定射影,3,20260804,類似文,今日の天気は最高だ,node,443,0,50,6,6,1.0,6,1,1,中核経路
固定射影,3,20260804,類似文,今日の天気は最高だ,node,187,0,50,6,6,1.0,6,1,1,中核経路
固定射影,3,20260804,類似文,今日の天気は最高だ,node,572,0,50,6,6,1.0,6,1,1,中核経路
固定射影,3,20260804,類似文,今日の天気は最高だ,node,194,0,0,1,6,0.16666667,1,0,0,一時経路
固定射影,3,20260804,類似文,今日の天気は最高だ,node,579,0,50,6,6,1.0,6,1,1,中核経路
固定射影,3,20260804,類似文,今日の天気は最高だ,node,66,20,50,2,2,1.0,2,1,1,定着した成長経路
固定射影,3,20260804,類似文,今日の天気は最高だ,node,201,0,50,6,6,1.0,6,1,1,中核経路
固定射影,3,20260804,類似文,今日の天気は最高だ,node,587,0,50,6,6,1.0,6,1,1,中核経路
固定射影,3,20260804,類似文,今日の天気は最高だ,node,461,0,50,6,6,1.0,6,1,1,中核経路
固定射影,3,20260804,類似文,今日の天気は最高だ,node,84,0,50,6,6,1.0,6,1,1,中核経路
固定射影,3,20260804,類似文,今日の天気は最高だ,node,212,0,50,6,6,1.0,6,1,1,中核経路
固定射影,3,20260804,類似文,今日の天気は最高だ,node,349,0,50,6,6,1.0,6,1,1,中核経路
固定射影,3,20260804,類似文,今日の天気は最高だ,node,224,0,50,6,6,1.0,6,1,1,中核経路
固定射影,3,20260804,類似文,今日の天気は最高だ,node,99,0,50,6,6,1.0,6,1,1,中核経路
固定射影,3,20260804,類似文,今日の天気は最高だ,node,483,50,50,1,1,1.0,1,1,1,定着した成長経路
固定射影,3,20260804,類似文,今日の天気は最高だ,node,489,0,50,6,6,1.0,6,1,1,中核経路
固定射影,3,20260804,類似文,今日の天気は最高だ,node,362,10,50,3,3,1.0,3,1,1,定着した成長経路
固定射影,3,20260804,類似文,今日の天気は最高だ,node,235,0,50,6,6,1.0,6,1,1,中核経路
固定射影,3,20260804,類似文,今日の天気は最高だ,node,492,0,50,6,6,1.0,6,1,1,中核経路
固定射影,3,20260804,類似文,今日の天気は最高だ,node,241,20,50,2,2,1.0,2,1,1,定着した成長経路
固定射影,3,20260804,類似文,今日の天気は最高だ,node,509,0,50,6,6,1.0,6,1,1,中核経路
固定射影,3,20260804,類似文,今日の天気は最高だ,edge,"[22, 536]",0,50,6,6,1.0,6,1,1,中核経路
固定射影,3,20260804,類似文,今日の天気は最高だ,edge,"[36, 349]",5,50,4,4,1.0,4,1,1,定着した成長経路
固定射影,3,20260804,類似文,今日の天気は最高だ,edge,"[99, 579]",0,50,6,6,1.0,6,1,1,中核経路
固定射影,3,20260804,類似文,今日の天気は最高だ,edge,"[22, 66]",20,50,2,2,1.0,2,1,1,定着した成長経路
固定射影,3,20260804,類似文,今日の天気は最高だ,edge,"[201, 572]",0,50,6,6,1.0,6,1,1,中核経路
固定射影,3,20260804,類似文,今日の天気は最高だ,edge,"[169, 393]",10,50,3,3,1.0,3,1,1,定着した成長経路
固定射影,3,20260804,類似文,今日の天気は最高だ,edge,"[201, 224]",0,50,6,6,1.0,6,1,1,中核経路
固定射影,3,20260804,類似文,今日の天気は最高だ,edge,"[194, 212]",0,0,1,6,0.16666667,1,0,0,一時経路
固定射影,3,20260804,類似文,今日の天気は最高だ,edge,"[235, 362]",10,50,3,3,1.0,3,1,1,定着した成長経路
固定射影,3,20260804,類似文,今日の天気は最高だ,edge,"[169, 545]",0,50,6,6,1.0,6,1,1,中核経路
固定射影,3,20260804,類似文,今日の天気は最高だ,edge,"[302, 461]",0,50,6,6,1.0,6,1,1,中核経路
固定射影,3,20260804,類似文,今日の天気は最高だ,edge,"[84, 492]",0,50,6,6,1.0,6,1,1,中核経路
固定射影,3,20260804,類似文,今日の天気は最高だ,edge,"[1, 512]",0,50,6,6,1.0,6,1,1,中核経路
固定射影,3,20260804,類似文,今日の天気は最高だ,edge,"[405, 587]",0,50,6,6,1.0,6,1,1,中核経路
固定射影,3,20260804,類似文,今日の天気は最高だ,edge,"[201, 235]",0,50,6,6,1.0,6,1,1,中核経路
固定射影,3,20260804,類似文,今日の天気は最高だ,edge,"[405, 489]",0,50,6,6,1.0,6,1,1,中核経路
固定射影,3,20260804,類似文,今日の天気は最高だ,edge,"[349, 545]",0,50,6,6,1.0,6,1,1,中核経路
固定射影,3,20260804,類似文,今日の天気は最高だ,edge,"[461, 509]",20,50,2,2,1.0,2,1,1,定着した成長経路
固定射影,3,20260804,類似文,今日の天気は最高だ,edge,"[212, 509]",0,50,6,6,1.0,6,1,1,中核経路
固定射影,3,20260804,類似文,今日の天気は最高だ,edge,"[135, 155]",0,50,6,6,1.0,6,1,1,中核経路
固定射影,3,20260804,類似文,今日の天気は最高だ,edge,"[277, 492]",0,50,6,6,1.0,6,1,1,中核経路
固定射影,3,20260804,類似文,今日の天気は最高だ,edge,"[302, 579]",0,50,6,6,1.0,6,1,1,中核経路
固定射影,3,20260804,類似文,今日の天気は最高だ,edge,"[51, 155]",0,50,6,6,1.0,6,1,1,中核経路
固定射影,3,20260804,類似文,今日の天気は最高だ,edge,"[148, 536]",0,50,6,6,1.0,6,1,1,中核経路
固定射影,3,20260804,類似文,今日の天気は最高だ,edge,"[84, 277]",0,50,6,6,1.0,6,1,1,中核経路
固定射影,3,20260804,類似文,今日の天気は最高だ,edge,"[99, 302]",0,20,5,6,0.83333333,5,0,0,一時経路
固定射影,3,20260804,類似文,今日の天気は最高だ,edge,"[144, 148]",20,50,2,2,1.0,2,1,1,定着した成長経路
固定射影,3,20260804,類似文,今日の天気は最高だ,edge,"[241, 572]",20,50,2,2,1.0,2,1,1,定着した成長経路
固定射影,3,20260804,類似文,今日の天気は最高だ,edge,"[271, 362]",50,50,1,1,1.0,1,1,1,定着した成長経路
固定射影,3,20260804,類似文,今日の天気は最高だ,edge,"[241, 483]",50,50,1,1,1.0,1,1,1,定着した成長経路
固定射影,3,20260804,類似文,今日の天気は最高だ,edge,"[212, 224]",0,50,6,6,1.0,6,1,1,中核経路
固定射影,3,20260804,類似文,今日の天気は最高だ,edge,"[1, 443]",0,50,6,6,1.0,6,1,1,中核経路
固定射影,3,20260804,無関係文,犬は公園を走っている,node,386,0,50,6,6,1.0,6,1,1,中核経路
固定射影,3,20260804,無関係文,犬は公園を走っている,node,134,0,50,6,6,1.0,6,1,1,中核経路
固定射影,3,20260804,無関係文,犬は公園を走っている,node,518,0,50,6,6,1.0,6,1,1,中核経路
固定射影,3,20260804,無関係文,犬は公園を走っている,node,395,0,50,6,6,1.0,6,1,1,中核経路
固定射影,3,20260804,無関係文,犬は公園を走っている,node,142,0,50,6,6,1.0,6,1,1,中核経路
固定射影,3,20260804,無関係文,犬は公園を走っている,node,400,0,50,6,6,1.0,6,1,1,中核経路
固定射影,3,20260804,無関係文,犬は公園を走っている,node,277,0,50,6,6,1.0,6,1,1,中核経路
固定射影,3,20260804,無関係文,犬は公園を走っている,node,27,0,50,6,6,1.0,6,1,1,中核経路
固定射影,3,20260804,無関係文,犬は公園を走っている,node,160,0,50,6,6,1.0,6,1,1,中核経路
固定射影,3,20260804,無関係文,犬は公園を走っている,node,295,0,50,6,6,1.0,6,1,1,中核経路
固定射影,3,20260804,無関係文,犬は公園を走っている,node,172,0,50,6,6,1.0,6,1,1,中核経路
固定射影,3,20260804,無関係文,犬は公園を走っている,node,301,0,50,6,6,1.0,6,1,1,中核経路
固定射影,3,20260804,無関係文,犬は公園を走っている,node,556,0,50,6,6,1.0,6,1,1,中核経路
固定射影,3,20260804,無関係文,犬は公園を走っている,node,304,0,50,6,6,1.0,6,1,1,中核経路
固定射影,3,20260804,無関係文,犬は公園を走っている,node,563,0,50,6,6,1.0,6,1,1,中核経路
固定射影,3,20260804,無関係文,犬は公園を走っている,node,184,0,50,6,6,1.0,6,1,1,中核経路
固定射影,3,20260804,無関係文,犬は公園を走っている,node,451,0,20,5,6,0.83333333,5,0,0,一時経路
固定射影,3,20260804,無関係文,犬は公園を走っている,node,200,0,50,6,6,1.0,6,1,1,中核経路
固定射影,3,20260804,無関係文,犬は公園を走っている,node,329,0,50,6,6,1.0,6,1,1,中核経路
固定射影,3,20260804,無関係文,犬は公園を走っている,node,335,0,50,6,6,1.0,6,1,1,中核経路
固定射影,3,20260804,無関係文,犬は公園を走っている,node,80,0,50,6,6,1.0,6,1,1,中核経路
固定射影,3,20260804,無関係文,犬は公園を走っている,node,209,0,50,6,6,1.0,6,1,1,中核経路
固定射影,3,20260804,無関係文,犬は公園を走っている,node,84,0,50,6,6,1.0,6,1,1,中核経路
固定射影,3,20260804,無関係文,犬は公園を走っている,node,341,0,50,6,6,1.0,6,1,1,中核経路
固定射影,3,20260804,無関係文,犬は公園を走っている,node,479,0,50,6,6,1.0,6,1,1,中核経路
固定射影,3,20260804,無関係文,犬は公園を走っている,node,225,0,50,6,6,1.0,6,1,1,中核経路
固定射影,3,20260804,無関係文,犬は公園を走っている,node,490,0,50,6,6,1.0,6,1,1,中核経路
固定射影,3,20260804,無関係文,犬は公園を走っている,node,492,0,50,6,6,1.0,6,1,1,中核経路
固定射影,3,20260804,無関係文,犬は公園を走っている,node,119,0,50,6,6,1.0,6,1,1,中核経路
固定射影,3,20260804,無関係文,犬は公園を走っている,node,382,0,50,6,6,1.0,6,1,1,中核経路
固定射影,3,20260804,無関係文,犬は公園を走っている,edge,"[295, 335]",0,50,6,6,1.0,6,1,1,中核経路
固定射影,3,20260804,無関係文,犬は公園を走っている,edge,"[209, 329]",0,50,6,6,1.0,6,1,1,中核経路
固定射影,3,20260804,無関係文,犬は公園を走っている,edge,"[400, 479]",0,50,6,6,1.0,6,1,1,中核経路
固定射影,3,20260804,無関係文,犬は公園を走っている,edge,"[84, 492]",0,50,6,6,1.0,6,1,1,中核経路
固定射影,3,20260804,無関係文,犬は公園を走っている,edge,"[395, 479]",0,50,6,6,1.0,6,1,1,中核経路
固定射影,3,20260804,無関係文,犬は公園を走っている,edge,"[160, 225]",0,50,6,6,1.0,6,1,1,中核経路
固定射影,3,20260804,無関係文,犬は公園を走っている,edge,"[172, 382]",0,50,6,6,1.0,6,1,1,中核経路
固定射影,3,20260804,無関係文,犬は公園を走っている,edge,"[304, 382]",0,20,5,6,0.83333333,5,0,0,一時経路
固定射影,3,20260804,無関係文,犬は公園を走っている,edge,"[142, 335]",0,50,6,6,1.0,6,1,1,中核経路
固定射影,3,20260804,無関係文,犬は公園を走っている,edge,"[160, 490]",0,50,6,6,1.0,6,1,1,中核経路
固定射影,3,20260804,無関係文,犬は公園を走っている,edge,"[386, 518]",0,50,6,6,1.0,6,1,1,中核経路
固定射影,3,20260804,無関係文,犬は公園を走っている,edge,"[277, 492]",0,50,6,6,1.0,6,1,1,中核経路
固定射影,3,20260804,無関係文,犬は公園を走っている,edge,"[341, 556]",0,50,6,6,1.0,6,1,1,中核経路
固定射影,3,20260804,無関係文,犬は公園を走っている,edge,"[200, 382]",0,50,6,6,1.0,6,1,1,中核経路
固定射影,3,20260804,無関係文,犬は公園を走っている,edge,"[184, 490]",0,50,6,6,1.0,6,1,1,中核経路
固定射影,3,20260804,無関係文,犬は公園を走っている,edge,"[225, 451]",0,20,5,6,0.83333333,5,0,0,一時経路
固定射影,3,20260804,無関係文,犬は公園を走っている,edge,"[329, 563]",0,50,6,6,1.0,6,1,1,中核経路
固定射影,3,20260804,無関係文,犬は公園を走っている,edge,"[84, 277]",0,50,6,6,1.0,6,1,1,中核経路
固定射影,3,20260804,無関係文,犬は公園を走っている,edge,"[301, 382]",0,50,6,6,1.0,6,1,1,中核経路
固定射影,3,20260804,無関係文,犬は公園を走っている,edge,"[119, 341]",0,50,6,6,1.0,6,1,1,中核経路
固定射影,3,20260804,無関係文,犬は公園を走っている,edge,"[27, 386]",0,50,6,6,1.0,6,1,1,中核経路
固定射影,3,20260804,無関係文,犬は公園を走っている,edge,"[172, 304]",0,50,6,6,1.0,6,1,1,中核経路
固定射影,4,20260804,学習文,今日は晴れて気持ちいい,node,277,0,50,6,6,1.0,6,1,1,中核経路
固定射影,4,20260804,学習文,今日は晴れて気持ちいい,node,22,0,50,6,6,1.0,6,1,1,中核経路
固定射影,4,20260804,学習文,今日は晴れて気持ちいい,node,536,0,50,6,6,1.0,6,1,1,中核経路
固定射影,4,20260804,学習文,今日は晴れて気持ちいい,node,33,0,50,6,6,1.0,6,1,1,中核経路
固定射影,4,20260804,学習文,今日は晴れて気持ちいい,node,545,0,50,6,6,1.0,6,1,1,中核経路
固定射影,4,20260804,学習文,今日は晴れて気持ちいい,node,550,0,50,6,6,1.0,6,1,1,中核経路
固定射影,4,20260804,学習文,今日は晴れて気持ちいい,node,298,50,50,1,1,1.0,1,1,1,定着した成長経路
固定射影,4,20260804,学習文,今日は晴れて気持ちいい,node,45,0,50,6,6,1.0,6,1,1,中核経路
固定射影,4,20260804,学習文,今日は晴れて気持ちいい,node,312,0,50,6,6,1.0,6,1,1,中核経路
固定射影,4,20260804,学習文,今日は晴れて気持ちいい,node,572,0,50,6,6,1.0,6,1,1,中核経路
固定射影,4,20260804,学習文,今日は晴れて気持ちいい,node,574,5,50,4,4,1.0,4,1,1,定着した成長経路
固定射影,4,20260804,学習文,今日は晴れて気持ちいい,node,63,0,50,6,6,1.0,6,1,1,中核経路
固定射影,4,20260804,学習文,今日は晴れて気持ちいい,node,318,20,50,2,2,1.0,2,1,1,定着した成長経路
固定射影,4,20260804,学習文,今日は晴れて気持ちいい,node,66,20,50,2,2,1.0,2,1,1,定着した成長経路
固定射影,4,20260804,学習文,今日は晴れて気持ちいい,node,81,0,50,6,6,1.0,6,1,1,中核経路
固定射影,4,20260804,学習文,今日は晴れて気持ちいい,node,84,0,50,6,6,1.0,6,1,1,中核経路
固定射影,4,20260804,学習文,今日は晴れて気持ちいい,node,349,0,50,6,6,1.0,6,1,1,中核経路
固定射影,4,20260804,学習文,今日は晴れて気持ちいい,node,354,5,50,4,4,1.0,4,1,1,定着した成長経路
固定射影,4,20260804,学習文,今日は晴れて気持ちいい,node,355,50,50,1,1,1.0,1,1,1,定着した成長経路
固定射影,4,20260804,学習文,今日は晴れて気持ちいい,node,102,50,50,1,1,1.0,1,1,1,定着した成長経路
固定射影,4,20260804,学習文,今日は晴れて気持ちいい,node,362,20,50,2,2,1.0,2,1,1,定着した成長経路
固定射影,4,20260804,学習文,今日は晴れて気持ちいい,node,369,0,50,6,6,1.0,6,1,1,中核経路
固定射影,4,20260804,学習文,今日は晴れて気持ちいい,node,372,0,50,6,6,1.0,6,1,1,中核経路
固定射影,4,20260804,学習文,今日は晴れて気持ちいい,node,121,0,50,6,6,1.0,6,1,1,中核経路
固定射影,4,20260804,学習文,今日は晴れて気持ちいい,node,381,0,50,6,6,1.0,6,1,1,中核経路
固定射影,4,20260804,学習文,今日は晴れて気持ちいい,node,399,0,50,6,6,1.0,6,1,1,中核経路
固定射影,4,20260804,学習文,今日は晴れて気持ちいい,node,144,10,50,3,3,1.0,3,1,1,定着した成長経路
固定射影,4,20260804,学習文,今日は晴れて気持ちいい,node,148,0,50,6,6,1.0,6,1,1,中核経路
固定射影,4,20260804,学習文,今日は晴れて気持ちいい,node,409,0,50,6,6,1.0,6,1,1,中核経路
固定射影,4,20260804,学習文,今日は晴れて気持ちいい,node,164,0,50,6,6,1.0,6,1,1,中核経路
固定射影,4,20260804,学習文,今日は晴れて気持ちいい,node,422,10,50,3,3,1.0,3,1,1,定着した成長経路
固定射影,4,20260804,学習文,今日は晴れて気持ちいい,node,168,0,50,6,6,1.0,6,1,1,中核経路
固定射影,4,20260804,学習文,今日は晴れて気持ちいい,node,169,0,50,6,6,1.0,6,1,1,中核経路
固定射影,4,20260804,学習文,今日は晴れて気持ちいい,node,201,0,50,6,6,1.0,6,1,1,中核経路
固定射影,4,20260804,学習文,今日は晴れて気持ちいい,node,461,20,50,2,2,1.0,2,1,1,定着した成長経路
固定射影,4,20260804,学習文,今日は晴れて気持ちいい,node,463,20,50,2,2,1.0,2,1,1,定着した成長経路
固定射影,4,20260804,学習文,今日は晴れて気持ちいい,node,212,0,50,6,6,1.0,6,1,1,中核経路
固定射影,4,20260804,学習文,今日は晴れて気持ちいい,node,224,0,50,6,6,1.0,6,1,1,中核経路
固定射影,4,20260804,学習文,今日は晴れて気持ちいい,node,235,0,50,6,6,1.0,6,1,1,中核経路
固定射影,4,20260804,学習文,今日は晴れて気持ちいい,node,492,0,50,6,6,1.0,6,1,1,中核経路
固定射影,4,20260804,学習文,今日は晴れて気持ちいい,node,241,20,50,2,2,1.0,2,1,1,定着した成長経路
固定射影,4,20260804,学習文,今日は晴れて気持ちいい,node,502,20,50,2,2,1.0,2,1,1,定着した成長経路
固定射影,4,20260804,学習文,今日は晴れて気持ちいい,node,252,50,50,1,1,1.0,1,1,1,定着した成長経路
固定射影,4,20260804,学習文,今日は晴れて気持ちいい,node,509,1,50,5,5,1.0,5,1,1,定着した成長経路
固定射影,4,20260804,学習文,今日は晴れて気持ちいい,node,511,1,50,5,5,1.0,5,1,1,定着した成長経路
固定射影,4,20260804,学習文,今日は晴れて気持ちいい,edge,"[22, 536]",0,50,6,6,1.0,6,1,1,中核経路
固定射影,4,20260804,学習文,今日は晴れて気持ちいい,edge,"[369, 409]",0,50,6,6,1.0,6,1,1,中核経路
固定射影,4,20260804,学習文,今日は晴れて気持ちいい,edge,"[22, 66]",20,50,2,2,1.0,2,1,1,定着した成長経路
固定射影,4,20260804,学習文,今日は晴れて気持ちいい,edge,"[201, 572]",0,50,6,6,1.0,6,1,1,中核経路
固定射影,4,20260804,学習文,今日は晴れて気持ちいい,edge,"[45, 312]",0,50,6,6,1.0,6,1,1,中核経路
固定射影,4,20260804,学習文,今日は晴れて気持ちいい,edge,"[33, 463]",20,50,2,2,1.0,2,1,1,定着した成長経路
固定射影,4,20260804,学習文,今日は晴れて気持ちいい,edge,"[381, 502]",20,50,2,2,1.0,2,1,1,定着した成長経路
固定射影,4,20260804,学習文,今日は晴れて気持ちいい,edge,"[81, 399]",0,50,6,6,1.0,6,1,1,中核経路
固定射影,4,20260804,学習文,今日は晴れて気持ちいい,edge,"[201, 224]",0,50,6,6,1.0,6,1,1,中核経路
固定射影,4,20260804,学習文,今日は晴れて気持ちいい,edge,"[168, 312]",0,50,6,6,1.0,6,1,1,中核経路
固定射影,4,20260804,学習文,今日は晴れて気持ちいい,edge,"[164, 354]",5,50,4,4,1.0,4,1,1,定着した成長経路
固定射影,4,20260804,学習文,今日は晴れて気持ちいい,edge,"[33, 121]",0,50,6,6,1.0,6,1,1,中核経路
固定射影,4,20260804,学習文,今日は晴れて気持ちいい,edge,"[102, 574]",50,50,1,1,1.0,1,1,1,定着した成長経路
固定射影,4,20260804,学習文,今日は晴れて気持ちいい,edge,"[235, 362]",20,50,2,2,1.0,2,1,1,定着した成長経路
固定射影,4,20260804,学習文,今日は晴れて気持ちいい,edge,"[169, 545]",0,50,6,6,1.0,6,1,1,中核経路
固定射影,4,20260804,学習文,今日は晴れて気持ちいい,edge,"[84, 492]",0,50,6,6,1.0,6,1,1,中核経路
固定射影,4,20260804,学習文,今日は晴れて気持ちいい,edge,"[298, 354]",50,50,1,1,1.0,1,1,1,定着した成長経路
固定射影,4,20260804,学習文,今日は晴れて気持ちいい,edge,"[164, 399]",0,50,6,6,1.0,6,1,1,中核経路
固定射影,4,20260804,学習文,今日は晴れて気持ちいい,edge,"[81, 511]",1,50,5,5,1.0,5,1,1,定着した成長経路
固定射影,4,20260804,学習文,今日は晴れて気持ちいい,edge,"[201, 235]",0,50,6,6,1.0,6,1,1,中核経路
固定射影,4,20260804,学習文,今日は晴れて気持ちいい,edge,"[461, 509]",20,50,2,2,1.0,2,1,1,定着した成長経路
固定射影,4,20260804,学習文,今日は晴れて気持ちいい,edge,"[349, 545]",0,50,6,6,1.0,6,1,1,中核経路
固定射影,4,20260804,学習文,今日は晴れて気持ちいい,edge,"[212, 509]",1,50,5,5,1.0,5,1,1,定着した成長経路
固定射影,4,20260804,学習文,今日は晴れて気持ちいい,edge,"[277, 492]",0,50,6,6,1.0,6,1,1,中核経路
固定射影,4,20260804,学習文,今日は晴れて気持ちいい,edge,"[550, 574]",5,50,4,4,1.0,4,1,1,定着した成長経路
固定射影,4,20260804,学習文,今日は晴れて気持ちいい,edge,"[148, 536]",0,50,6,6,1.0,6,1,1,中核経路
固定射影,4,20260804,学習文,今日は晴れて気持ちいい,edge,"[409, 422]",10,50,3,3,1.0,3,1,1,定着した成長経路
固定射影,4,20260804,学習文,今日は晴れて気持ちいい,edge,"[318, 511]",20,50,2,2,1.0,2,1,1,定着した成長経路
固定射影,4,20260804,学習文,今日は晴れて気持ちいい,edge,"[84, 277]",0,50,6,6,1.0,6,1,1,中核経路
固定射影,4,20260804,学習文,今日は晴れて気持ちいい,edge,"[144, 148]",10,50,3,3,1.0,3,1,1,定着した成長経路
固定射影,4,20260804,学習文,今日は晴れて気持ちいい,edge,"[241, 572]",20,50,2,2,1.0,2,1,1,定着した成長経路
固定射影,4,20260804,学習文,今日は晴れて気持ちいい,edge,"[369, 550]",0,50,6,6,1.0,6,1,1,中核経路
固定射影,4,20260804,学習文,今日は晴れて気持ちいい,edge,"[252, 422]",50,50,1,1,1.0,1,1,1,定着した成長経路
固定射影,4,20260804,学習文,今日は晴れて気持ちいい,edge,"[121, 381]",0,50,6,6,1.0,6,1,1,中核経路
固定射影,4,20260804,学習文,今日は晴れて気持ちいい,edge,"[212, 224]",0,50,6,6,1.0,6,1,1,中核経路
固定射影,4,20260804,学習文,今日は晴れて気持ちいい,edge,"[144, 355]",50,50,1,1,1.0,1,1,1,定着した成長経路
固定射影,4,20260804,類似文,今日の天気は最高だ,node,512,0,50,6,6,1.0,6,1,1,中核経路
固定射影,4,20260804,類似文,今日の天気は最高だ,node,1,0,50,6,6,1.0,6,1,1,中核経路
固定射影,4,20260804,類似文,今日の天気は最高だ,node,135,0,50,6,6,1.0,6,1,1,中核経路
固定射影,4,20260804,類似文,今日の天気は最高だ,node,393,10,50,3,3,1.0,3,1,1,定着した成長経路
固定射影,4,20260804,類似文,今日の天気は最高だ,node,271,50,50,1,1,1.0,1,1,1,定着した成長経路
固定射影,4,20260804,類似文,今日の天気は最高だ,node,144,20,50,2,2,1.0,2,1,1,定着した成長経路
固定射影,4,20260804,類似文,今日の天気は最高だ,node,148,0,50,6,6,1.0,6,1,1,中核経路
固定射影,4,20260804,類似文,今日の天気は最高だ,node,277,0,50,6,6,1.0,6,1,1,中核経路
固定射影,4,20260804,類似文,今日の天気は最高だ,node,22,0,50,6,6,1.0,6,1,1,中核経路
固定射影,4,20260804,類似文,今日の天気は最高だ,node,405,0,50,6,6,1.0,6,1,1,中核経路
固定射影,4,20260804,類似文,今日の天気は最高だ,node,536,0,50,6,6,1.0,6,1,1,中核経路
固定射影,4,20260804,類似文,今日の天気は最高だ,node,155,0,50,6,6,1.0,6,1,1,中核経路
固定射影,4,20260804,類似文,今日の天気は最高だ,node,545,0,50,6,6,1.0,6,1,1,中核経路
固定射影,4,20260804,類似文,今日の天気は最高だ,node,36,5,50,4,4,1.0,4,1,1,定着した成長経路
固定射影,4,20260804,類似文,今日の天気は最高だ,node,165,0,50,6,6,1.0,6,1,1,中核経路
固定射影,4,20260804,類似文,今日の天気は最高だ,node,169,0,50,6,6,1.0,6,1,1,中核経路
固定射影,4,20260804,類似文,今日の天気は最高だ,node,302,0,50,6,6,1.0,6,1,1,中核経路
固定射影,4,20260804,類似文,今日の天気は最高だ,node,51,0,50,6,6,1.0,6,1,1,中核経路
固定射影,4,20260804,類似文,今日の天気は最高だ,node,443,0,50,6,6,1.0,6,1,1,中核経路
固定射影,4,20260804,類似文,今日の天気は最高だ,node,187,0,50,6,6,1.0,6,1,1,中核経路
固定射影,4,20260804,類似文,今日の天気は最高だ,node,572,0,50,6,6,1.0,6,1,1,中核経路
固定射影,4,20260804,類似文,今日の天気は最高だ,node,194,0,0,1,6,0.16666667,1,0,0,一時経路
固定射影,4,20260804,類似文,今日の天気は最高だ,node,579,0,50,6,6,1.0,6,1,1,中核経路
固定射影,4,20260804,類似文,今日の天気は最高だ,node,66,20,50,2,2,1.0,2,1,1,定着した成長経路
固定射影,4,20260804,類似文,今日の天気は最高だ,node,201,0,50,6,6,1.0,6,1,1,中核経路
固定射影,4,20260804,類似文,今日の天気は最高だ,node,587,0,50,6,6,1.0,6,1,1,中核経路
固定射影,4,20260804,類似文,今日の天気は最高だ,node,461,0,50,6,6,1.0,6,1,1,中核経路
固定射影,4,20260804,類似文,今日の天気は最高だ,node,84,0,50,6,6,1.0,6,1,1,中核経路
固定射影,4,20260804,類似文,今日の天気は最高だ,node,212,0,50,6,6,1.0,6,1,1,中核経路
固定射影,4,20260804,類似文,今日の天気は最高だ,node,349,0,50,6,6,1.0,6,1,1,中核経路
固定射影,4,20260804,類似文,今日の天気は最高だ,node,224,0,50,6,6,1.0,6,1,1,中核経路
固定射影,4,20260804,類似文,今日の天気は最高だ,node,99,0,50,6,6,1.0,6,1,1,中核経路
固定射影,4,20260804,類似文,今日の天気は最高だ,node,483,50,50,1,1,1.0,1,1,1,定着した成長経路
固定射影,4,20260804,類似文,今日の天気は最高だ,node,489,0,50,6,6,1.0,6,1,1,中核経路
固定射影,4,20260804,類似文,今日の天気は最高だ,node,362,10,50,3,3,1.0,3,1,1,定着した成長経路
固定射影,4,20260804,類似文,今日の天気は最高だ,node,235,0,50,6,6,1.0,6,1,1,中核経路
固定射影,4,20260804,類似文,今日の天気は最高だ,node,492,0,50,6,6,1.0,6,1,1,中核経路
固定射影,4,20260804,類似文,今日の天気は最高だ,node,241,20,50,2,2,1.0,2,1,1,定着した成長経路
固定射影,4,20260804,類似文,今日の天気は最高だ,node,509,0,50,6,6,1.0,6,1,1,中核経路
固定射影,4,20260804,類似文,今日の天気は最高だ,edge,"[22, 536]",0,50,6,6,1.0,6,1,1,中核経路
固定射影,4,20260804,類似文,今日の天気は最高だ,edge,"[36, 349]",5,50,4,4,1.0,4,1,1,定着した成長経路
固定射影,4,20260804,類似文,今日の天気は最高だ,edge,"[99, 579]",0,50,6,6,1.0,6,1,1,中核経路
固定射影,4,20260804,類似文,今日の天気は最高だ,edge,"[22, 66]",20,50,2,2,1.0,2,1,1,定着した成長経路
固定射影,4,20260804,類似文,今日の天気は最高だ,edge,"[201, 572]",0,50,6,6,1.0,6,1,1,中核経路
固定射影,4,20260804,類似文,今日の天気は最高だ,edge,"[169, 393]",10,50,3,3,1.0,3,1,1,定着した成長経路
固定射影,4,20260804,類似文,今日の天気は最高だ,edge,"[201, 224]",0,50,6,6,1.0,6,1,1,中核経路
固定射影,4,20260804,類似文,今日の天気は最高だ,edge,"[194, 212]",0,0,1,6,0.16666667,1,0,0,一時経路
固定射影,4,20260804,類似文,今日の天気は最高だ,edge,"[235, 362]",10,50,3,3,1.0,3,1,1,定着した成長経路
固定射影,4,20260804,類似文,今日の天気は最高だ,edge,"[169, 545]",0,50,6,6,1.0,6,1,1,中核経路
固定射影,4,20260804,類似文,今日の天気は最高だ,edge,"[302, 461]",0,50,6,6,1.0,6,1,1,中核経路
固定射影,4,20260804,類似文,今日の天気は最高だ,edge,"[84, 492]",0,50,6,6,1.0,6,1,1,中核経路
固定射影,4,20260804,類似文,今日の天気は最高だ,edge,"[1, 512]",0,50,6,6,1.0,6,1,1,中核経路
固定射影,4,20260804,類似文,今日の天気は最高だ,edge,"[405, 587]",0,50,6,6,1.0,6,1,1,中核経路
固定射影,4,20260804,類似文,今日の天気は最高だ,edge,"[201, 235]",0,50,6,6,1.0,6,1,1,中核経路
固定射影,4,20260804,類似文,今日の天気は最高だ,edge,"[405, 489]",0,50,6,6,1.0,6,1,1,中核経路
固定射影,4,20260804,類似文,今日の天気は最高だ,edge,"[349, 545]",0,50,6,6,1.0,6,1,1,中核経路
固定射影,4,20260804,類似文,今日の天気は最高だ,edge,"[461, 509]",20,50,2,2,1.0,2,1,1,定着した成長経路
固定射影,4,20260804,類似文,今日の天気は最高だ,edge,"[212, 509]",0,50,6,6,1.0,6,1,1,中核経路
固定射影,4,20260804,類似文,今日の天気は最高だ,edge,"[135, 155]",0,50,6,6,1.0,6,1,1,中核経路
固定射影,4,20260804,類似文,今日の天気は最高だ,edge,"[277, 492]",0,50,6,6,1.0,6,1,1,中核経路
固定射影,4,20260804,類似文,今日の天気は最高だ,edge,"[302, 579]",0,50,6,6,1.0,6,1,1,中核経路
固定射影,4,20260804,類似文,今日の天気は最高だ,edge,"[51, 155]",0,50,6,6,1.0,6,1,1,中核経路
固定射影,4,20260804,類似文,今日の天気は最高だ,edge,"[148, 536]",0,50,6,6,1.0,6,1,1,中核経路
固定射影,4,20260804,類似文,今日の天気は最高だ,edge,"[84, 277]",0,50,6,6,1.0,6,1,1,中核経路
固定射影,4,20260804,類似文,今日の天気は最高だ,edge,"[99, 302]",0,20,5,6,0.83333333,5,0,0,一時経路
固定射影,4,20260804,類似文,今日の天気は最高だ,edge,"[144, 148]",20,50,2,2,1.0,2,1,1,定着した成長経路
固定射影,4,20260804,類似文,今日の天気は最高だ,edge,"[241, 572]",20,50,2,2,1.0,2,1,1,定着した成長経路
固定射影,4,20260804,類似文,今日の天気は最高だ,edge,"[271, 362]",50,50,1,1,1.0,1,1,1,定着した成長経路
固定射影,4,20260804,類似文,今日の天気は最高だ,edge,"[241, 483]",50,50,1,1,1.0,1,1,1,定着した成長経路
固定射影,4,20260804,類似文,今日の天気は最高だ,edge,"[212, 224]",0,50,6,6,1.0,6,1,1,中核経路
固定射影,4,20260804,類似文,今日の天気は最高だ,edge,"[1, 443]",0,50,6,6,1.0,6,1,1,中核経路
固定射影,4,20260804,無関係文,犬は公園を走っている,node,386,0,50,6,6,1.0,6,1,1,中核経路
固定射影,4,20260804,無関係文,犬は公園を走っている,node,134,0,50,6,6,1.0,6,1,1,中核経路
固定射影,4,20260804,無関係文,犬は公園を走っている,node,518,0,50,6,6,1.0,6,1,1,中核経路
固定射影,4,20260804,無関係文,犬は公園を走っている,node,395,0,50,6,6,1.0,6,1,1,中核経路
固定射影,4,20260804,無関係文,犬は公園を走っている,node,142,0,50,6,6,1.0,6,1,1,中核経路
固定射影,4,20260804,無関係文,犬は公園を走っている,node,400,0,50,6,6,1.0,6,1,1,中核経路
固定射影,4,20260804,無関係文,犬は公園を走っている,node,277,0,50,6,6,1.0,6,1,1,中核経路
固定射影,4,20260804,無関係文,犬は公園を走っている,node,27,0,50,6,6,1.0,6,1,1,中核経路
固定射影,4,20260804,無関係文,犬は公園を走っている,node,160,0,50,6,6,1.0,6,1,1,中核経路
固定射影,4,20260804,無関係文,犬は公園を走っている,node,295,0,50,6,6,1.0,6,1,1,中核経路
固定射影,4,20260804,無関係文,犬は公園を走っている,node,172,0,50,6,6,1.0,6,1,1,中核経路
固定射影,4,20260804,無関係文,犬は公園を走っている,node,301,0,50,6,6,1.0,6,1,1,中核経路
固定射影,4,20260804,無関係文,犬は公園を走っている,node,556,0,50,6,6,1.0,6,1,1,中核経路
固定射影,4,20260804,無関係文,犬は公園を走っている,node,304,0,50,6,6,1.0,6,1,1,中核経路
固定射影,4,20260804,無関係文,犬は公園を走っている,node,563,0,50,6,6,1.0,6,1,1,中核経路
固定射影,4,20260804,無関係文,犬は公園を走っている,node,184,0,50,6,6,1.0,6,1,1,中核経路
固定射影,4,20260804,無関係文,犬は公園を走っている,node,451,0,20,5,6,0.83333333,5,0,0,一時経路
固定射影,4,20260804,無関係文,犬は公園を走っている,node,200,0,50,6,6,1.0,6,1,1,中核経路
固定射影,4,20260804,無関係文,犬は公園を走っている,node,329,0,50,6,6,1.0,6,1,1,中核経路
固定射影,4,20260804,無関係文,犬は公園を走っている,node,335,0,50,6,6,1.0,6,1,1,中核経路
固定射影,4,20260804,無関係文,犬は公園を走っている,node,80,0,50,6,6,1.0,6,1,1,中核経路
固定射影,4,20260804,無関係文,犬は公園を走っている,node,209,0,50,6,6,1.0,6,1,1,中核経路
固定射影,4,20260804,無関係文,犬は公園を走っている,node,84,0,50,6,6,1.0,6,1,1,中核経路
固定射影,4,20260804,無関係文,犬は公園を走っている,node,341,0,50,6,6,1.0,6,1,1,中核経路
固定射影,4,20260804,無関係文,犬は公園を走っている,node,479,0,50,6,6,1.0,6,1,1,中核経路
固定射影,4,20260804,無関係文,犬は公園を走っている,node,225,0,50,6,6,1.0,6,1,1,中核経路
固定射影,4,20260804,無関係文,犬は公園を走っている,node,490,0,50,6,6,1.0,6,1,1,中核経路
固定射影,4,20260804,無関係文,犬は公園を走っている,node,492,0,50,6,6,1.0,6,1,1,中核経路
固定射影,4,20260804,無関係文,犬は公園を走っている,node,119,0,50,6,6,1.0,6,1,1,中核経路
固定射影,4,20260804,無関係文,犬は公園を走っている,node,382,0,50,6,6,1.0,6,1,1,中核経路
固定射影,4,20260804,無関係文,犬は公園を走っている,edge,"[295, 335]",0,50,6,6,1.0,6,1,1,中核経路
固定射影,4,20260804,無関係文,犬は公園を走っている,edge,"[209, 329]",0,50,6,6,1.0,6,1,1,中核経路
固定射影,4,20260804,無関係文,犬は公園を走っている,edge,"[400, 479]",0,50,6,6,1.0,6,1,1,中核経路
固定射影,4,20260804,無関係文,犬は公園を走っている,edge,"[84, 492]",0,50,6,6,1.0,6,1,1,中核経路
固定射影,4,20260804,無関係文,犬は公園を走っている,edge,"[395, 479]",0,50,6,6,1.0,6,1,1,中核経路
固定射影,4,20260804,無関係文,犬は公園を走っている,edge,"[160, 225]",0,50,6,6,1.0,6,1,1,中核経路
固定射影,4,20260804,無関係文,犬は公園を走っている,edge,"[172, 382]",0,50,6,6,1.0,6,1,1,中核経路
固定射影,4,20260804,無関係文,犬は公園を走っている,edge,"[304, 382]",0,20,5,6,0.83333333,5,0,0,一時経路
固定射影,4,20260804,無関係文,犬は公園を走っている,edge,"[142, 335]",0,50,6,6,1.0,6,1,1,中核経路
固定射影,4,20260804,無関係文,犬は公園を走っている,edge,"[160, 490]",0,50,6,6,1.0,6,1,1,中核経路
固定射影,4,20260804,無関係文,犬は公園を走っている,edge,"[386, 518]",0,50,6,6,1.0,6,1,1,中核経路
固定射影,4,20260804,無関係文,犬は公園を走っている,edge,"[277, 492]",0,50,6,6,1.0,6,1,1,中核経路
固定射影,4,20260804,無関係文,犬は公園を走っている,edge,"[341, 556]",0,50,6,6,1.0,6,1,1,中核経路
固定射影,4,20260804,無関係文,犬は公園を走っている,edge,"[200, 382]",0,50,6,6,1.0,6,1,1,中核経路
固定射影,4,20260804,無関係文,犬は公園を走っている,edge,"[184, 490]",0,50,6,6,1.0,6,1,1,中核経路
固定射影,4,20260804,無関係文,犬は公園を走っている,edge,"[225, 451]",0,20,5,6,0.83333333,5,0,0,一時経路
固定射影,4,20260804,無関係文,犬は公園を走っている,edge,"[329, 563]",0,50,6,6,1.0,6,1,1,中核経路
固定射影,4,20260804,無関係文,犬は公園を走っている,edge,"[84, 277]",0,50,6,6,1.0,6,1,1,中核経路
固定射影,4,20260804,無関係文,犬は公園を走っている,edge,"[301, 382]",0,50,6,6,1.0,6,1,1,中核経路
固定射影,4,20260804,無関係文,犬は公園を走っている,edge,"[119, 341]",0,50,6,6,1.0,6,1,1,中核経路
固定射影,4,20260804,無関係文,犬は公園を走っている,edge,"[27, 386]",0,50,6,6,1.0,6,1,1,中核経路
固定射影,4,20260804,無関係文,犬は公園を走っている,edge,"[172, 304]",0,50,6,6,1.0,6,1,1,中核経路
固定射影,5,20260804,学習文,今日は晴れて気持ちいい,node,277,0,50,6,6,1.0,6,1,1,中核経路
固定射影,5,20260804,学習文,今日は晴れて気持ちいい,node,22,0,50,6,6,1.0,6,1,1,中核経路
固定射影,5,20260804,学習文,今日は晴れて気持ちいい,node,536,0,50,6,6,1.0,6,1,1,中核経路
固定射影,5,20260804,学習文,今日は晴れて気持ちいい,node,33,0,50,6,6,1.0,6,1,1,中核経路
固定射影,5,20260804,学習文,今日は晴れて気持ちいい,node,545,0,50,6,6,1.0,6,1,1,中核経路
固定射影,5,20260804,学習文,今日は晴れて気持ちいい,node,550,0,50,6,6,1.0,6,1,1,中核経路
固定射影,5,20260804,学習文,今日は晴れて気持ちいい,node,298,50,50,1,1,1.0,1,1,1,定着した成長経路
固定射影,5,20260804,学習文,今日は晴れて気持ちいい,node,45,0,50,6,6,1.0,6,1,1,中核経路
固定射影,5,20260804,学習文,今日は晴れて気持ちいい,node,312,0,50,6,6,1.0,6,1,1,中核経路
固定射影,5,20260804,学習文,今日は晴れて気持ちいい,node,572,0,50,6,6,1.0,6,1,1,中核経路
固定射影,5,20260804,学習文,今日は晴れて気持ちいい,node,574,5,50,4,4,1.0,4,1,1,定着した成長経路
固定射影,5,20260804,学習文,今日は晴れて気持ちいい,node,63,0,50,6,6,1.0,6,1,1,中核経路
固定射影,5,20260804,学習文,今日は晴れて気持ちいい,node,318,20,50,2,2,1.0,2,1,1,定着した成長経路
固定射影,5,20260804,学習文,今日は晴れて気持ちいい,node,66,20,50,2,2,1.0,2,1,1,定着した成長経路
固定射影,5,20260804,学習文,今日は晴れて気持ちいい,node,81,0,50,6,6,1.0,6,1,1,中核経路
固定射影,5,20260804,学習文,今日は晴れて気持ちいい,node,84,0,50,6,6,1.0,6,1,1,中核経路
固定射影,5,20260804,学習文,今日は晴れて気持ちいい,node,349,0,50,6,6,1.0,6,1,1,中核経路
固定射影,5,20260804,学習文,今日は晴れて気持ちいい,node,354,5,50,4,4,1.0,4,1,1,定着した成長経路
固定射影,5,20260804,学習文,今日は晴れて気持ちいい,node,355,50,50,1,1,1.0,1,1,1,定着した成長経路
固定射影,5,20260804,学習文,今日は晴れて気持ちいい,node,102,50,50,1,1,1.0,1,1,1,定着した成長経路
固定射影,5,20260804,学習文,今日は晴れて気持ちいい,node,362,20,50,2,2,1.0,2,1,1,定着した成長経路
固定射影,5,20260804,学習文,今日は晴れて気持ちいい,node,369,0,50,6,6,1.0,6,1,1,中核経路
固定射影,5,20260804,学習文,今日は晴れて気持ちいい,node,372,0,50,6,6,1.0,6,1,1,中核経路
固定射影,5,20260804,学習文,今日は晴れて気持ちいい,node,121,0,50,6,6,1.0,6,1,1,中核経路
固定射影,5,20260804,学習文,今日は晴れて気持ちいい,node,381,0,50,6,6,1.0,6,1,1,中核経路
固定射影,5,20260804,学習文,今日は晴れて気持ちいい,node,399,0,50,6,6,1.0,6,1,1,中核経路
固定射影,5,20260804,学習文,今日は晴れて気持ちいい,node,144,10,50,3,3,1.0,3,1,1,定着した成長経路
固定射影,5,20260804,学習文,今日は晴れて気持ちいい,node,148,0,50,6,6,1.0,6,1,1,中核経路
固定射影,5,20260804,学習文,今日は晴れて気持ちいい,node,409,0,50,6,6,1.0,6,1,1,中核経路
固定射影,5,20260804,学習文,今日は晴れて気持ちいい,node,164,0,50,6,6,1.0,6,1,1,中核経路
固定射影,5,20260804,学習文,今日は晴れて気持ちいい,node,422,10,50,3,3,1.0,3,1,1,定着した成長経路
固定射影,5,20260804,学習文,今日は晴れて気持ちいい,node,168,0,50,6,6,1.0,6,1,1,中核経路
固定射影,5,20260804,学習文,今日は晴れて気持ちいい,node,169,0,50,6,6,1.0,6,1,1,中核経路
固定射影,5,20260804,学習文,今日は晴れて気持ちいい,node,201,0,50,6,6,1.0,6,1,1,中核経路
固定射影,5,20260804,学習文,今日は晴れて気持ちいい,node,461,20,50,2,2,1.0,2,1,1,定着した成長経路
固定射影,5,20260804,学習文,今日は晴れて気持ちいい,node,463,20,50,2,2,1.0,2,1,1,定着した成長経路
固定射影,5,20260804,学習文,今日は晴れて気持ちいい,node,212,0,50,6,6,1.0,6,1,1,中核経路
固定射影,5,20260804,学習文,今日は晴れて気持ちいい,node,224,0,50,6,6,1.0,6,1,1,中核経路
固定射影,5,20260804,学習文,今日は晴れて気持ちいい,node,235,0,50,6,6,1.0,6,1,1,中核経路
固定射影,5,20260804,学習文,今日は晴れて気持ちいい,node,492,0,50,6,6,1.0,6,1,1,中核経路
固定射影,5,20260804,学習文,今日は晴れて気持ちいい,node,241,20,50,2,2,1.0,2,1,1,定着した成長経路
固定射影,5,20260804,学習文,今日は晴れて気持ちいい,node,502,20,50,2,2,1.0,2,1,1,定着した成長経路
固定射影,5,20260804,学習文,今日は晴れて気持ちいい,node,252,50,50,1,1,1.0,1,1,1,定着した成長経路
固定射影,5,20260804,学習文,今日は晴れて気持ちいい,node,509,1,50,5,5,1.0,5,1,1,定着した成長経路
固定射影,5,20260804,学習文,今日は晴れて気持ちいい,node,511,1,50,5,5,1.0,5,1,1,定着した成長経路
固定射影,5,20260804,学習文,今日は晴れて気持ちいい,edge,"[22, 536]",0,50,6,6,1.0,6,1,1,中核経路
固定射影,5,20260804,学習文,今日は晴れて気持ちいい,edge,"[369, 409]",0,50,6,6,1.0,6,1,1,中核経路
固定射影,5,20260804,学習文,今日は晴れて気持ちいい,edge,"[22, 66]",20,50,2,2,1.0,2,1,1,定着した成長経路
固定射影,5,20260804,学習文,今日は晴れて気持ちいい,edge,"[201, 572]",0,50,6,6,1.0,6,1,1,中核経路
固定射影,5,20260804,学習文,今日は晴れて気持ちいい,edge,"[45, 312]",0,50,6,6,1.0,6,1,1,中核経路
固定射影,5,20260804,学習文,今日は晴れて気持ちいい,edge,"[33, 463]",20,50,2,2,1.0,2,1,1,定着した成長経路
固定射影,5,20260804,学習文,今日は晴れて気持ちいい,edge,"[381, 502]",20,50,2,2,1.0,2,1,1,定着した成長経路
固定射影,5,20260804,学習文,今日は晴れて気持ちいい,edge,"[81, 399]",0,50,6,6,1.0,6,1,1,中核経路
固定射影,5,20260804,学習文,今日は晴れて気持ちいい,edge,"[201, 224]",0,50,6,6,1.0,6,1,1,中核経路
固定射影,5,20260804,学習文,今日は晴れて気持ちいい,edge,"[168, 312]",0,50,6,6,1.0,6,1,1,中核経路
固定射影,5,20260804,学習文,今日は晴れて気持ちいい,edge,"[164, 354]",5,50,4,4,1.0,4,1,1,定着した成長経路
固定射影,5,20260804,学習文,今日は晴れて気持ちいい,edge,"[33, 121]",0,50,6,6,1.0,6,1,1,中核経路
固定射影,5,20260804,学習文,今日は晴れて気持ちいい,edge,"[102, 574]",50,50,1,1,1.0,1,1,1,定着した成長経路
固定射影,5,20260804,学習文,今日は晴れて気持ちいい,edge,"[235, 362]",20,50,2,2,1.0,2,1,1,定着した成長経路
固定射影,5,20260804,学習文,今日は晴れて気持ちいい,edge,"[169, 545]",0,50,6,6,1.0,6,1,1,中核経路
固定射影,5,20260804,学習文,今日は晴れて気持ちいい,edge,"[84, 492]",0,50,6,6,1.0,6,1,1,中核経路
固定射影,5,20260804,学習文,今日は晴れて気持ちいい,edge,"[298, 354]",50,50,1,1,1.0,1,1,1,定着した成長経路
固定射影,5,20260804,学習文,今日は晴れて気持ちいい,edge,"[164, 399]",0,50,6,6,1.0,6,1,1,中核経路
固定射影,5,20260804,学習文,今日は晴れて気持ちいい,edge,"[81, 511]",1,50,5,5,1.0,5,1,1,定着した成長経路
固定射影,5,20260804,学習文,今日は晴れて気持ちいい,edge,"[201, 235]",0,50,6,6,1.0,6,1,1,中核経路
固定射影,5,20260804,学習文,今日は晴れて気持ちいい,edge,"[461, 509]",20,50,2,2,1.0,2,1,1,定着した成長経路
固定射影,5,20260804,学習文,今日は晴れて気持ちいい,edge,"[349, 545]",0,50,6,6,1.0,6,1,1,中核経路
固定射影,5,20260804,学習文,今日は晴れて気持ちいい,edge,"[212, 509]",1,50,5,5,1.0,5,1,1,定着した成長経路
固定射影,5,20260804,学習文,今日は晴れて気持ちいい,edge,"[277, 492]",0,50,6,6,1.0,6,1,1,中核経路
固定射影,5,20260804,学習文,今日は晴れて気持ちいい,edge,"[550, 574]",5,50,4,4,1.0,4,1,1,定着した成長経路
固定射影,5,20260804,学習文,今日は晴れて気持ちいい,edge,"[148, 536]",0,50,6,6,1.0,6,1,1,中核経路
固定射影,5,20260804,学習文,今日は晴れて気持ちいい,edge,"[409, 422]",10,50,3,3,1.0,3,1,1,定着した成長経路
固定射影,5,20260804,学習文,今日は晴れて気持ちいい,edge,"[318, 511]",20,50,2,2,1.0,2,1,1,定着した成長経路
固定射影,5,20260804,学習文,今日は晴れて気持ちいい,edge,"[84, 277]",0,50,6,6,1.0,6,1,1,中核経路
固定射影,5,20260804,学習文,今日は晴れて気持ちいい,edge,"[144, 148]",10,50,3,3,1.0,3,1,1,定着した成長経路
固定射影,5,20260804,学習文,今日は晴れて気持ちいい,edge,"[241, 572]",20,50,2,2,1.0,2,1,1,定着した成長経路
固定射影,5,20260804,学習文,今日は晴れて気持ちいい,edge,"[369, 550]",0,50,6,6,1.0,6,1,1,中核経路
固定射影,5,20260804,学習文,今日は晴れて気持ちいい,edge,"[252, 422]",50,50,1,1,1.0,1,1,1,定着した成長経路
固定射影,5,20260804,学習文,今日は晴れて気持ちいい,edge,"[121, 381]",0,50,6,6,1.0,6,1,1,中核経路
固定射影,5,20260804,学習文,今日は晴れて気持ちいい,edge,"[212, 224]",0,50,6,6,1.0,6,1,1,中核経路
固定射影,5,20260804,学習文,今日は晴れて気持ちいい,edge,"[144, 355]",50,50,1,1,1.0,1,1,1,定着した成長経路
固定射影,5,20260804,類似文,今日の天気は最高だ,node,512,0,50,6,6,1.0,6,1,1,中核経路
固定射影,5,20260804,類似文,今日の天気は最高だ,node,1,0,50,6,6,1.0,6,1,1,中核経路
固定射影,5,20260804,類似文,今日の天気は最高だ,node,271,50,50,1,1,1.0,1,1,1,定着した成長経路
固定射影,5,20260804,類似文,今日の天気は最高だ,node,276,10,10,1,3,0.33333333,1,0,0,一時経路
固定射影,5,20260804,類似文,今日の天気は最高だ,node,277,0,50,6,6,1.0,6,1,1,中核経路
固定射影,5,20260804,類似文,今日の天気は最高だ,node,22,0,50,6,6,1.0,6,1,1,中核経路
固定射影,5,20260804,類似文,今日の天気は最高だ,node,536,0,50,6,6,1.0,6,1,1,中核経路
固定射影,5,20260804,類似文,今日の天気は最高だ,node,545,0,50,6,6,1.0,6,1,1,中核経路
固定射影,5,20260804,類似文,今日の天気は最高だ,node,36,5,50,4,4,1.0,4,1,1,定着した成長経路
固定射影,5,20260804,類似文,今日の天気は最高だ,node,302,0,50,6,6,1.0,6,1,1,中核経路
固定射影,5,20260804,類似文,今日の天気は最高だ,node,306,10,10,1,3,0.33333333,1,0,0,一時経路
固定射影,5,20260804,類似文,今日の天気は最高だ,node,51,0,50,6,6,1.0,6,1,1,中核経路
固定射影,5,20260804,類似文,今日の天気は最高だ,node,572,0,50,6,6,1.0,6,1,1,中核経路
固定射影,5,20260804,類似文,今日の天気は最高だ,node,66,20,50,2,2,1.0,2,1,1,定着した成長経路
固定射影,5,20260804,類似文,今日の天気は最高だ,node,579,0,50,6,6,1.0,6,1,1,中核経路
固定射影,5,20260804,類似文,今日の天気は最高だ,node,587,0,50,6,6,1.0,6,1,1,中核経路
固定射影,5,20260804,類似文,今日の天気は最高だ,node,84,0,50,6,6,1.0,6,1,1,中核経路
固定射影,5,20260804,類似文,今日の天気は最高だ,node,349,0,50,6,6,1.0,6,1,1,中核経路
固定射影,5,20260804,類似文,今日の天気は最高だ,node,99,0,50,6,6,1.0,6,1,1,中核経路
固定射影,5,20260804,類似文,今日の天気は最高だ,node,362,10,50,3,3,1.0,3,1,1,定着した成長経路
固定射影,5,20260804,類似文,今日の天気は最高だ,node,135,0,50,6,6,1.0,6,1,1,中核経路
固定射影,5,20260804,類似文,今日の天気は最高だ,node,393,10,50,3,3,1.0,3,1,1,定着した成長経路
固定射影,5,20260804,類似文,今日の天気は最高だ,node,144,20,50,2,2,1.0,2,1,1,定着した成長経路
固定射影,5,20260804,類似文,今日の天気は最高だ,node,148,0,50,6,6,1.0,6,1,1,中核経路
固定射影,5,20260804,類似文,今日の天気は最高だ,node,405,0,50,6,6,1.0,6,1,1,中核経路
固定射影,5,20260804,類似文,今日の天気は最高だ,node,155,0,50,6,6,1.0,6,1,1,中核経路
固定射影,5,20260804,類似文,今日の天気は最高だ,node,165,0,50,6,6,1.0,6,1,1,中核経路
固定射影,5,20260804,類似文,今日の天気は最高だ,node,169,0,50,6,6,1.0,6,1,1,中核経路
固定射影,5,20260804,類似文,今日の天気は最高だ,node,443,0,50,6,6,1.0,6,1,1,中核経路
固定射影,5,20260804,類似文,今日の天気は最高だ,node,187,0,50,6,6,1.0,6,1,1,中核経路
固定射影,5,20260804,類似文,今日の天気は最高だ,node,194,0,0,1,6,0.16666667,1,0,0,一時経路
固定射影,5,20260804,類似文,今日の天気は最高だ,node,201,0,50,6,6,1.0,6,1,1,中核経路
固定射影,5,20260804,類似文,今日の天気は最高だ,node,461,0,50,6,6,1.0,6,1,1,中核経路
固定射影,5,20260804,類似文,今日の天気は最高だ,node,212,0,50,6,6,1.0,6,1,1,中核経路
固定射影,5,20260804,類似文,今日の天気は最高だ,node,224,0,50,6,6,1.0,6,1,1,中核経路
固定射影,5,20260804,類似文,今日の天気は最高だ,node,483,50,50,1,1,1.0,1,1,1,定着した成長経路
固定射影,5,20260804,類似文,今日の天気は最高だ,node,489,0,50,6,6,1.0,6,1,1,中核経路
固定射影,5,20260804,類似文,今日の天気は最高だ,node,235,0,50,6,6,1.0,6,1,1,中核経路
固定射影,5,20260804,類似文,今日の天気は最高だ,node,492,0,50,6,6,1.0,6,1,1,中核経路
固定射影,5,20260804,類似文,今日の天気は最高だ,node,241,20,50,2,2,1.0,2,1,1,定着した成長経路
固定射影,5,20260804,類似文,今日の天気は最高だ,node,509,0,50,6,6,1.0,6,1,1,中核経路
固定射影,5,20260804,類似文,今日の天気は最高だ,edge,"[22, 536]",0,50,6,6,1.0,6,1,1,中核経路
固定射影,5,20260804,類似文,今日の天気は最高だ,edge,"[36, 349]",5,50,4,4,1.0,4,1,1,定着した成長経路
固定射影,5,20260804,類似文,今日の天気は最高だ,edge,"[99, 579]",0,50,6,6,1.0,6,1,1,中核経路
固定射影,5,20260804,類似文,今日の天気は最高だ,edge,"[22, 66]",20,50,2,2,1.0,2,1,1,定着した成長経路
固定射影,5,20260804,類似文,今日の天気は最高だ,edge,"[201, 572]",0,50,6,6,1.0,6,1,1,中核経路
固定射影,5,20260804,類似文,今日の天気は最高だ,edge,"[169, 393]",10,50,3,3,1.0,3,1,1,定着した成長経路
固定射影,5,20260804,類似文,今日の天気は最高だ,edge,"[201, 224]",0,50,6,6,1.0,6,1,1,中核経路
固定射影,5,20260804,類似文,今日の天気は最高だ,edge,"[194, 212]",0,0,1,6,0.16666667,1,0,0,一時経路
固定射影,5,20260804,類似文,今日の天気は最高だ,edge,"[235, 362]",10,50,3,3,1.0,3,1,1,定着した成長経路
固定射影,5,20260804,類似文,今日の天気は最高だ,edge,"[169, 545]",0,50,6,6,1.0,6,1,1,中核経路
固定射影,5,20260804,類似文,今日の天気は最高だ,edge,"[302, 461]",0,50,6,6,1.0,6,1,1,中核経路
固定射影,5,20260804,類似文,今日の天気は最高だ,edge,"[84, 492]",0,50,6,6,1.0,6,1,1,中核経路
固定射影,5,20260804,類似文,今日の天気は最高だ,edge,"[165, 276]",10,10,1,3,0.33333333,1,0,0,一時経路
固定射影,5,20260804,類似文,今日の天気は最高だ,edge,"[1, 512]",0,50,6,6,1.0,6,1,1,中核経路
固定射影,5,20260804,類似文,今日の天気は最高だ,edge,"[405, 587]",0,50,6,6,1.0,6,1,1,中核経路
固定射影,5,20260804,類似文,今日の天気は最高だ,edge,"[201, 235]",0,50,6,6,1.0,6,1,1,中核経路
固定射影,5,20260804,類似文,今日の天気は最高だ,edge,"[405, 489]",0,50,6,6,1.0,6,1,1,中核経路
固定射影,5,20260804,類似文,今日の天気は最高だ,edge,"[349, 545]",0,50,6,6,1.0,6,1,1,中核経路
固定射影,5,20260804,類似文,今日の天気は最高だ,edge,"[165, 306]",10,10,1,3,0.33333333,1,0,0,一時経路
固定射影,5,20260804,類似文,今日の天気は最高だ,edge,"[212, 509]",0,50,6,6,1.0,6,1,1,中核経路
固定射影,5,20260804,類似文,今日の天気は最高だ,edge,"[461, 509]",20,50,2,2,1.0,2,1,1,定着した成長経路
固定射影,5,20260804,類似文,今日の天気は最高だ,edge,"[135, 155]",0,50,6,6,1.0,6,1,1,中核経路
固定射影,5,20260804,類似文,今日の天気は最高だ,edge,"[277, 492]",0,50,6,6,1.0,6,1,1,中核経路
固定射影,5,20260804,類似文,今日の天気は最高だ,edge,"[302, 579]",0,50,6,6,1.0,6,1,1,中核経路
固定射影,5,20260804,類似文,今日の天気は最高だ,edge,"[51, 155]",0,50,6,6,1.0,6,1,1,中核経路
固定射影,5,20260804,類似文,今日の天気は最高だ,edge,"[148, 536]",0,50,6,6,1.0,6,1,1,中核経路
固定射影,5,20260804,類似文,今日の天気は最高だ,edge,"[84, 277]",0,50,6,6,1.0,6,1,1,中核経路
固定射影,5,20260804,類似文,今日の天気は最高だ,edge,"[99, 302]",0,20,5,6,0.83333333,5,0,0,一時経路
固定射影,5,20260804,類似文,今日の天気は最高だ,edge,"[144, 148]",20,50,2,2,1.0,2,1,1,定着した成長経路
固定射影,5,20260804,類似文,今日の天気は最高だ,edge,"[241, 572]",20,50,2,2,1.0,2,1,1,定着した成長経路
固定射影,5,20260804,類似文,今日の天気は最高だ,edge,"[271, 362]",50,50,1,1,1.0,1,1,1,定着した成長経路
固定射影,5,20260804,類似文,今日の天気は最高だ,edge,"[241, 483]",50,50,1,1,1.0,1,1,1,定着した成長経路
固定射影,5,20260804,類似文,今日の天気は最高だ,edge,"[212, 224]",0,50,6,6,1.0,6,1,1,中核経路
固定射影,5,20260804,類似文,今日の天気は最高だ,edge,"[1, 443]",0,50,6,6,1.0,6,1,1,中核経路
固定射影,5,20260804,無関係文,犬は公園を走っている,node,386,0,50,6,6,1.0,6,1,1,中核経路
固定射影,5,20260804,無関係文,犬は公園を走っている,node,134,0,50,6,6,1.0,6,1,1,中核経路
固定射影,5,20260804,無関係文,犬は公園を走っている,node,518,0,50,6,6,1.0,6,1,1,中核経路
固定射影,5,20260804,無関係文,犬は公園を走っている,node,395,0,50,6,6,1.0,6,1,1,中核経路
固定射影,5,20260804,無関係文,犬は公園を走っている,node,142,0,50,6,6,1.0,6,1,1,中核経路
固定射影,5,20260804,無関係文,犬は公園を走っている,node,400,0,50,6,6,1.0,6,1,1,中核経路
固定射影,5,20260804,無関係文,犬は公園を走っている,node,277,0,50,6,6,1.0,6,1,1,中核経路
固定射影,5,20260804,無関係文,犬は公園を走っている,node,27,0,50,6,6,1.0,6,1,1,中核経路
固定射影,5,20260804,無関係文,犬は公園を走っている,node,160,0,50,6,6,1.0,6,1,1,中核経路
固定射影,5,20260804,無関係文,犬は公園を走っている,node,295,0,50,6,6,1.0,6,1,1,中核経路
固定射影,5,20260804,無関係文,犬は公園を走っている,node,172,0,50,6,6,1.0,6,1,1,中核経路
固定射影,5,20260804,無関係文,犬は公園を走っている,node,301,0,50,6,6,1.0,6,1,1,中核経路
固定射影,5,20260804,無関係文,犬は公園を走っている,node,556,0,50,6,6,1.0,6,1,1,中核経路
固定射影,5,20260804,無関係文,犬は公園を走っている,node,304,0,50,6,6,1.0,6,1,1,中核経路
固定射影,5,20260804,無関係文,犬は公園を走っている,node,563,0,50,6,6,1.0,6,1,1,中核経路
固定射影,5,20260804,無関係文,犬は公園を走っている,node,184,0,50,6,6,1.0,6,1,1,中核経路
固定射影,5,20260804,無関係文,犬は公園を走っている,node,451,0,20,5,6,0.83333333,5,0,0,一時経路
固定射影,5,20260804,無関係文,犬は公園を走っている,node,200,0,50,6,6,1.0,6,1,1,中核経路
固定射影,5,20260804,無関係文,犬は公園を走っている,node,329,0,50,6,6,1.0,6,1,1,中核経路
固定射影,5,20260804,無関係文,犬は公園を走っている,node,335,0,50,6,6,1.0,6,1,1,中核経路
固定射影,5,20260804,無関係文,犬は公園を走っている,node,80,0,50,6,6,1.0,6,1,1,中核経路
固定射影,5,20260804,無関係文,犬は公園を走っている,node,209,0,50,6,6,1.0,6,1,1,中核経路
固定射影,5,20260804,無関係文,犬は公園を走っている,node,84,0,50,6,6,1.0,6,1,1,中核経路
固定射影,5,20260804,無関係文,犬は公園を走っている,node,341,0,50,6,6,1.0,6,1,1,中核経路
固定射影,5,20260804,無関係文,犬は公園を走っている,node,479,0,50,6,6,1.0,6,1,1,中核経路
固定射影,5,20260804,無関係文,犬は公園を走っている,node,225,0,50,6,6,1.0,6,1,1,中核経路
固定射影,5,20260804,無関係文,犬は公園を走っている,node,490,0,50,6,6,1.0,6,1,1,中核経路
固定射影,5,20260804,無関係文,犬は公園を走っている,node,492,0,50,6,6,1.0,6,1,1,中核経路
固定射影,5,20260804,無関係文,犬は公園を走っている,node,119,0,50,6,6,1.0,6,1,1,中核経路
固定射影,5,20260804,無関係文,犬は公園を走っている,node,382,0,50,6,6,1.0,6,1,1,中核経路
固定射影,5,20260804,無関係文,犬は公園を走っている,edge,"[295, 335]",0,50,6,6,1.0,6,1,1,中核経路
固定射影,5,20260804,無関係文,犬は公園を走っている,edge,"[209, 329]",0,50,6,6,1.0,6,1,1,中核経路
固定射影,5,20260804,無関係文,犬は公園を走っている,edge,"[400, 479]",0,50,6,6,1.0,6,1,1,中核経路
固定射影,5,20260804,無関係文,犬は公園を走っている,edge,"[84, 492]",0,50,6,6,1.0,6,1,1,中核経路
固定射影,5,20260804,無関係文,犬は公園を走っている,edge,"[395, 479]",0,50,6,6,1.0,6,1,1,中核経路
固定射影,5,20260804,無関係文,犬は公園を走っている,edge,"[160, 225]",0,50,6,6,1.0,6,1,1,中核経路
固定射影,5,20260804,無関係文,犬は公園を走っている,edge,"[172, 382]",0,50,6,6,1.0,6,1,1,中核経路
固定射影,5,20260804,無関係文,犬は公園を走っている,edge,"[304, 382]",0,20,5,6,0.83333333,5,0,0,一時経路
固定射影,5,20260804,無関係文,犬は公園を走っている,edge,"[142, 335]",0,50,6,6,1.0,6,1,1,中核経路
固定射影,5,20260804,無関係文,犬は公園を走っている,edge,"[160, 490]",0,50,6,6,1.0,6,1,1,中核経路
固定射影,5,20260804,無関係文,犬は公園を走っている,edge,"[386, 518]",0,50,6,6,1.0,6,1,1,中核経路
固定射影,5,20260804,無関係文,犬は公園を走っている,edge,"[277, 492]",0,50,6,6,1.0,6,1,1,中核経路
固定射影,5,20260804,無関係文,犬は公園を走っている,edge,"[341, 556]",0,50,6,6,1.0,6,1,1,中核経路
固定射影,5,20260804,無関係文,犬は公園を走っている,edge,"[200, 382]",0,50,6,6,1.0,6,1,1,中核経路
固定射影,5,20260804,無関係文,犬は公園を走っている,edge,"[184, 490]",0,50,6,6,1.0,6,1,1,中核経路
固定射影,5,20260804,無関係文,犬は公園を走っている,edge,"[225, 451]",0,20,5,6,0.83333333,5,0,0,一時経路
固定射影,5,20260804,無関係文,犬は公園を走っている,edge,"[329, 563]",0,50,6,6,1.0,6,1,1,中核経路
固定射影,5,20260804,無関係文,犬は公園を走っている,edge,"[84, 277]",0,50,6,6,1.0,6,1,1,中核経路
固定射影,5,20260804,無関係文,犬は公園を走っている,edge,"[301, 382]",0,50,6,6,1.0,6,1,1,中核経路
固定射影,5,20260804,無関係文,犬は公園を走っている,edge,"[119, 341]",0,50,6,6,1.0,6,1,1,中核経路
固定射影,5,20260804,無関係文,犬は公園を走っている,edge,"[27, 386]",0,50,6,6,1.0,6,1,1,中核経路
固定射影,5,20260804,無関係文,犬は公園を走っている,edge,"[172, 304]",0,50,6,6,1.0,6,1,1,中核経路
異なる射影,1,20261813,学習文,今日は晴れて気持ちいい,node,0,0,50,6,6,1.0,6,1,1,中核経路
異なる射影,1,20261813,学習文,今日は晴れて気持ちいい,node,261,50,50,1,1,1.0,1,1,1,定着した成長経路
異なる射影,1,20261813,学習文,今日は晴れて気持ちいい,node,26,5,50,4,4,1.0,4,1,1,定着した成長経路
異なる射影,1,20261813,学習文,今日は晴れて気持ちいい,node,290,0,50,6,6,1.0,6,1,1,中核経路
異なる射影,1,20261813,学習文,今日は晴れて気持ちいい,node,43,0,50,6,6,1.0,6,1,1,中核経路
異なる射影,1,20261813,学習文,今日は晴れて気持ちいい,node,560,0,50,6,6,1.0,6,1,1,中核経路
異なる射影,1,20261813,学習文,今日は晴れて気持ちいい,node,561,0,50,6,6,1.0,6,1,1,中核経路
異なる射影,1,20261813,学習文,今日は晴れて気持ちいい,node,53,0,50,6,6,1.0,6,1,1,中核経路
異なる射影,1,20261813,学習文,今日は晴れて気持ちいい,node,568,50,50,1,1,1.0,1,1,1,定着した成長経路
異なる射影,1,20261813,学習文,今日は晴れて気持ちいい,node,569,0,50,6,6,1.0,6,1,1,中核経路
異なる射影,1,20261813,学習文,今日は晴れて気持ちいい,node,319,10,50,3,3,1.0,3,1,1,定着した成長経路
異なる射影,1,20261813,学習文,今日は晴れて気持ちいい,node,69,0,50,6,6,1.0,6,1,1,中核経路
異なる射影,1,20261813,学習文,今日は晴れて気持ちいい,node,584,0,50,6,6,1.0,6,1,1,中核経路
異なる射影,1,20261813,学習文,今日は晴れて気持ちいい,node,586,0,50,6,6,1.0,6,1,1,中核経路
異なる射影,1,20261813,学習文,今日は晴れて気持ちいい,node,80,0,50,6,6,1.0,6,1,1,中核経路
異なる射影,1,20261813,学習文,今日は晴れて気持ちいい,node,592,50,50,1,1,1.0,1,1,1,定着した成長経路
異なる射影,1,20261813,学習文,今日は晴れて気持ちいい,node,348,0,50,6,6,1.0,6,1,1,中核経路
異なる射影,1,20261813,学習文,今日は晴れて気持ちいい,node,94,0,50,6,6,1.0,6,1,1,中核経路
異なる射影,1,20261813,学習文,今日は晴れて気持ちいい,node,357,0,50,6,6,1.0,6,1,1,中核経路
異なる射影,1,20261813,学習文,今日は晴れて気持ちいい,node,111,5,50,4,4,1.0,4,1,1,定着した成長経路
異なる射影,1,20261813,学習文,今日は晴れて気持ちいい,node,372,0,50,6,6,1.0,6,1,1,中核経路
異なる射影,1,20261813,学習文,今日は晴れて気持ちいい,node,374,0,50,6,6,1.0,6,1,1,中核経路
異なる射影,1,20261813,学習文,今日は晴れて気持ちいい,node,126,0,50,6,6,1.0,6,1,1,中核経路
異なる射影,1,20261813,学習文,今日は晴れて気持ちいい,node,384,0,50,6,6,1.0,6,1,1,中核経路
異なる射影,1,20261813,学習文,今日は晴れて気持ちいい,node,393,0,50,6,6,1.0,6,1,1,中核経路
異なる射影,1,20261813,学習文,今日は晴れて気持ちいい,node,141,0,50,6,6,1.0,6,1,1,中核経路
異なる射影,1,20261813,学習文,今日は晴れて気持ちいい,node,145,0,50,6,6,1.0,6,1,1,中核経路
異なる射影,1,20261813,学習文,今日は晴れて気持ちいい,node,413,0,50,6,6,1.0,6,1,1,中核経路
異なる射影,1,20261813,学習文,今日は晴れて気持ちいい,node,414,20,50,2,2,1.0,2,1,1,定着した成長経路
異なる射影,1,20261813,学習文,今日は晴れて気持ちいい,node,160,5,50,4,4,1.0,4,1,1,定着した成長経路
異なる射影,1,20261813,学習文,今日は晴れて気持ちいい,node,425,0,50,6,6,1.0,6,1,1,中核経路
異なる射影,1,20261813,学習文,今日は晴れて気持ちいい,node,182,10,50,3,3,1.0,3,1,1,定着した成長経路
異なる射影,1,20261813,学習文,今日は晴れて気持ちいい,node,439,50,50,1,1,1.0,1,1,1,定着した成長経路
異なる射影,1,20261813,学習文,今日は晴れて気持ちいい,node,184,0,50,6,6,1.0,6,1,1,中核経路
異なる射影,1,20261813,学習文,今日は晴れて気持ちいい,node,452,0,50,6,6,1.0,6,1,1,中核経路
異なる射影,1,20261813,学習文,今日は晴れて気持ちいい,node,455,0,50,6,6,1.0,6,1,1,中核経路
異なる射影,1,20261813,学習文,今日は晴れて気持ちいい,node,218,0,50,6,6,1.0,6,1,1,中核経路
異なる射影,1,20261813,学習文,今日は晴れて気持ちいい,node,219,5,50,4,4,1.0,4,1,1,定着した成長経路
異なる射影,1,20261813,学習文,今日は晴れて気持ちいい,node,225,50,50,1,1,1.0,1,1,1,定着した成長経路
異なる射影,1,20261813,学習文,今日は晴れて気持ちいい,node,490,0,50,6,6,1.0,6,1,1,中核経路
異なる射影,1,20261813,学習文,今日は晴れて気持ちいい,node,496,20,50,2,2,1.0,2,1,1,定着した成長経路
異なる射影,1,20261813,学習文,今日は晴れて気持ちいい,edge,"[26, 561]",5,50,4,4,1.0,4,1,1,定着した成長経路
異なる射影,1,20261813,学習文,今日は晴れて気持ちいい,edge,"[141, 374]",0,50,6,6,1.0,6,1,1,中核経路
異なる射影,1,20261813,学習文,今日は晴れて気持ちいい,edge,"[141, 560]",0,50,6,6,1.0,6,1,1,中核経路
異なる射影,1,20261813,学習文,今日は晴れて気持ちいい,edge,"[218, 496]",20,50,2,2,1.0,2,1,1,定着した成長経路
異なる射影,1,20261813,学習文,今日は晴れて気持ちいい,edge,"[43, 357]",0,50,6,6,1.0,6,1,1,中核経路
異なる射影,1,20261813,学習文,今日は晴れて気持ちいい,edge,"[69, 141]",0,50,6,6,1.0,6,1,1,中核経路
異なる射影,1,20261813,学習文,今日は晴れて気持ちいい,edge,"[26, 414]",20,50,2,2,1.0,2,1,1,定着した成長経路
異なる射影,1,20261813,学習文,今日は晴れて気持ちいい,edge,"[182, 439]",50,50,1,1,1.0,1,1,1,定着した成長経路
異なる射影,1,20261813,学習文,今日は晴れて気持ちいい,edge,"[384, 455]",0,50,6,6,1.0,6,1,1,中核経路
異なる射影,1,20261813,学習文,今日は晴れて気持ちいい,edge,"[111, 586]",5,50,4,4,1.0,4,1,1,定着した成長経路
異なる射影,1,20261813,学習文,今日は晴れて気持ちいい,edge,"[374, 560]",0,50,6,6,1.0,6,1,1,中核経路
異なる射影,1,20261813,学習文,今日は晴れて気持ちいい,edge,"[182, 393]",10,50,3,3,1.0,3,1,1,定着した成長経路
異なる射影,1,20261813,学習文,今日は晴れて気持ちいい,edge,"[111, 592]",50,50,1,1,1.0,1,1,1,定着した成長経路
異なる射影,1,20261813,学習文,今日は晴れて気持ちいい,edge,"[160, 225]",50,50,1,1,1.0,1,1,1,定着した成長経路
異なる射影,1,20261813,学習文,今日は晴れて気持ちいい,edge,"[126, 372]",0,50,6,6,1.0,6,1,1,中核経路
異なる射影,1,20261813,学習文,今日は晴れて気持ちいい,edge,"[348, 452]",0,50,6,6,1.0,6,1,1,中核経路
異なる射影,1,20261813,学習文,今日は晴れて気持ちいい,edge,"[357, 586]",0,50,6,6,1.0,6,1,1,中核経路
異なる射影,1,20261813,学習文,今日は晴れて気持ちいい,edge,"[53, 452]",0,50,6,6,1.0,6,1,1,中核経路
異なる射影,1,20261813,学習文,今日は晴れて気持ちいい,edge,"[160, 490]",5,50,4,4,1.0,4,1,1,定着した成長経路
異なる射影,1,20261813,学習文,今日は晴れて気持ちいい,edge,"[261, 319]",50,50,1,1,1.0,1,1,1,定着した成長経路
異なる射影,1,20261813,学習文,今日は晴れて気持ちいい,edge,"[53, 348]",10,50,3,3,1.0,3,1,1,定着した成長経路
異なる射影,1,20261813,学習文,今日は晴れて気持ちいい,edge,"[94, 218]",0,50,6,6,1.0,6,1,1,中核経路
異なる射影,1,20261813,学習文,今日は晴れて気持ちいい,edge,"[219, 569]",5,50,4,4,1.0,4,1,1,定着した成長経路
異なる射影,1,20261813,学習文,今日は晴れて気持ちいい,edge,"[0, 455]",0,50,6,6,1.0,6,1,1,中核経路
異なる射影,1,20261813,学習文,今日は晴れて気持ちいい,edge,"[94, 413]",0,50,6,6,1.0,6,1,1,中核経路
異なる射影,1,20261813,学習文,今日は晴れて気持ちいい,edge,"[184, 490]",0,50,6,6,1.0,6,1,1,中核経路
異なる射影,1,20261813,学習文,今日は晴れて気持ちいい,edge,"[184, 569]",0,50,6,6,1.0,6,1,1,中核経路
異なる射影,1,20261813,学習文,今日は晴れて気持ちいい,edge,"[0, 290]",0,50,6,6,1.0,6,1,1,中核経路
異なる射影,1,20261813,学習文,今日は晴れて気持ちいい,edge,"[126, 319]",10,50,3,3,1.0,3,1,1,定着した成長経路
異なる射影,1,20261813,学習文,今日は晴れて気持ちいい,edge,"[80, 145]",0,50,6,6,1.0,6,1,1,中核経路
異なる射影,1,20261813,学習文,今日は晴れて気持ちいい,edge,"[372, 561]",0,50,6,6,1.0,6,1,1,中核経路
異なる射影,1,20261813,学習文,今日は晴れて気持ちいい,edge,"[0, 384]",0,50,6,6,1.0,6,1,1,中核経路
異なる射影,1,20261813,学習文,今日は晴れて気持ちいい,edge,"[219, 568]",50,50,1,1,1.0,1,1,1,定着した成長経路
異なる射影,1,20261813,学習文,今日は晴れて気持ちいい,edge,"[0, 393]",0,50,6,6,1.0,6,1,1,中核経路
異なる射影,1,20261813,類似文,今日の天気は最高だ,node,4,0,50,6,6,1.0,6,1,1,中核経路
異なる射影,1,20261813,類似文,今日の天気は最高だ,node,138,0,50,6,6,1.0,6,1,1,中核経路
異なる射影,1,20261813,類似文,今日の天気は最高だ,node,139,0,50,6,6,1.0,6,1,1,中核経路
異なる射影,1,20261813,類似文,今日の天気は最高だ,node,396,0,50,6,6,1.0,6,1,1,中核経路
異なる射影,1,20261813,類似文,今日の天気は最高だ,node,141,5,50,4,4,1.0,4,1,1,定着した成長経路
異なる射影,1,20261813,類似文,今日の天気は最高だ,node,148,0,50,6,6,1.0,6,1,1,中核経路
異なる射影,1,20261813,類似文,今日の天気は最高だ,node,22,0,50,6,6,1.0,6,1,1,中核経路
異なる射影,1,20261813,類似文,今日の天気は最高だ,node,280,0,50,6,6,1.0,6,1,1,中核経路
異なる射影,1,20261813,類似文,今日の天気は最高だ,node,281,0,50,6,6,1.0,6,1,1,中核経路
異なる射影,1,20261813,類似文,今日の天気は最高だ,node,536,0,50,6,6,1.0,6,1,1,中核経路
異なる射影,1,20261813,類似文,今日の天気は最高だ,node,544,0,10,4,6,0.66666667,4,0,0,一時経路
異なる射影,1,20261813,類似文,今日の天気は最高だ,node,160,20,50,2,2,1.0,2,1,1,定着した成長経路
異なる射影,1,20261813,類似文,今日の天気は最高だ,node,425,0,50,6,6,1.0,6,1,1,中核経路
異なる射影,1,20261813,類似文,今日の天気は最高だ,node,426,0,50,6,6,1.0,6,1,1,中核経路
異なる射影,1,20261813,類似文,今日の天気は最高だ,node,301,0,50,6,6,1.0,6,1,1,中核経路
異なる射影,1,20261813,類似文,今日の天気は最高だ,node,174,0,50,6,6,1.0,6,1,1,中核経路
異なる射影,1,20261813,類似文,今日の天気は最高だ,node,560,5,50,4,4,1.0,4,1,1,定着した成長経路
異なる射影,1,20261813,類似文,今日の天気は最高だ,node,53,0,50,6,6,1.0,6,1,1,中核経路
異なる射影,1,20261813,類似文,今日の天気は最高だ,node,565,0,50,6,6,1.0,6,1,1,中核経路
異なる射影,1,20261813,類似文,今日の天気は最高だ,node,184,0,50,6,6,1.0,6,1,1,中核経路
異なる射影,1,20261813,類似文,今日の天気は最高だ,node,569,0,50,6,6,1.0,6,1,1,中核経路
異なる射影,1,20261813,類似文,今日の天気は最高だ,node,568,50,50,1,1,1.0,1,1,1,定着した成長経路
異なる射影,1,20261813,類似文,今日の天気は最高だ,node,452,0,50,6,6,1.0,6,1,1,中核経路
異なる射影,1,20261813,類似文,今日の天気は最高だ,node,69,50,50,1,1,1.0,1,1,1,定着した成長経路
異なる射影,1,20261813,類似文,今日の天気は最高だ,node,200,0,50,6,6,1.0,6,1,1,中核経路
異なる射影,1,20261813,類似文,今日の天気は最高だ,node,77,0,50,6,6,1.0,6,1,1,中核経路
異なる射影,1,20261813,類似文,今日の天気は最高だ,node,469,0,50,6,6,1.0,6,1,1,中核経路
異なる射影,1,20261813,類似文,今日の天気は最高だ,node,219,20,50,2,2,1.0,2,1,1,定着した成長経路
異なる射影,1,20261813,類似文,今日の天気は最高だ,node,348,0,50,6,6,1.0,6,1,1,中核経路
異なる射影,1,20261813,類似文,今日の天気は最高だ,node,226,0,50,6,6,1.0,6,1,1,中核経路
異なる射影,1,20261813,類似文,今日の天気は最高だ,node,484,0,50,6,6,1.0,6,1,1,中核経路
異なる射影,1,20261813,類似文,今日の天気は最高だ,node,230,0,50,6,6,1.0,6,1,1,中核経路
異なる射影,1,20261813,類似文,今日の天気は最高だ,node,490,0,50,6,6,1.0,6,1,1,中核経路
異なる射影,1,20261813,類似文,今日の天気は最高だ,node,374,0,50,6,6,1.0,6,1,1,中核経路
異なる射影,1,20261813,類似文,今日の天気は最高だ,node,382,0,50,6,6,1.0,6,1,1,中核経路
異なる射影,1,20261813,類似文,今日の天気は最高だ,edge,"[22, 536]",0,50,6,6,1.0,6,1,1,中核経路
異なる射影,1,20261813,類似文,今日の天気は最高だ,edge,"[141, 374]",5,50,4,4,1.0,4,1,1,定着した成長経路
異なる射影,1,20261813,類似文,今日の天気は最高だ,edge,"[141, 560]",50,50,1,1,1.0,1,1,1,定着した成長経路
異なる射影,1,20261813,類似文,今日の天気は最高だ,edge,"[69, 141]",50,50,1,1,1.0,1,1,1,定着した成長経路
異なる射影,1,20261813,類似文,今日の天気は最高だ,edge,"[301, 396]",0,50,6,6,1.0,6,1,1,中核経路
異なる射影,1,20261813,類似文,今日の天気は最高だ,edge,"[374, 560]",5,50,4,4,1.0,4,1,1,定着した成長経路
異なる射影,1,20261813,類似文,今日の天気は最高だ,edge,"[77, 138]",0,50,6,6,1.0,6,1,1,中核経路
異なる射影,1,20261813,類似文,今日の天気は最高だ,edge,"[425, 565]",0,50,6,6,1.0,6,1,1,中核経路
異なる射影,1,20261813,類似文,今日の天気は最高だ,edge,"[348, 452]",0,50,6,6,1.0,6,1,1,中核経路
異なる射影,1,20261813,類似文,今日の天気は最高だ,edge,"[53, 452]",0,50,6,6,1.0,6,1,1,中核経路
異なる射影,1,20261813,類似文,今日の天気は最高だ,edge,"[160, 490]",20,50,2,2,1.0,2,1,1,定着した成長経路
異なる射影,1,20261813,類似文,今日の天気は最高だ,edge,"[396, 544]",0,10,4,6,0.66666667,4,0,0,一時経路
異なる射影,1,20261813,類似文,今日の天気は最高だ,edge,"[139, 174]",0,50,6,6,1.0,6,1,1,中核経路
異なる射影,1,20261813,類似文,今日の天気は最高だ,edge,"[53, 348]",0,50,6,6,1.0,6,1,1,中核経路
異なる射影,1,20261813,類似文,今日の天気は最高だ,edge,"[200, 382]",0,50,6,6,1.0,6,1,1,中核経路
異なる射影,1,20261813,類似文,今日の天気は最高だ,edge,"[219, 569]",20,50,2,2,1.0,2,1,1,定着した成長経路
異なる射影,1,20261813,類似文,今日の天気は最高だ,edge,"[184, 490]",0,50,6,6,1.0,6,1,1,中核経路
異なる射影,1,20261813,類似文,今日の天気は最高だ,edge,"[226, 230]",0,50,6,6,1.0,6,1,1,中核経路
異なる射影,1,20261813,類似文,今日の天気は最高だ,edge,"[230, 426]",0,50,6,6,1.0,6,1,1,中核経路
異なる射影,1,20261813,類似文,今日の天気は最高だ,edge,"[148, 536]",0,50,6,6,1.0,6,1,1,中核経路
異なる射影,1,20261813,類似文,今日の天気は最高だ,edge,"[184, 569]",0,50,6,6,1.0,6,1,1,中核経路
異なる射影,1,20261813,類似文,今日の天気は最高だ,edge,"[139, 280]",0,20,5,6,0.83333333,5,0,0,一時経路
異なる射影,1,20261813,類似文,今日の天気は最高だ,edge,"[280, 469]",0,50,6,6,1.0,6,1,1,中核経路
異なる射影,1,20261813,類似文,今日の天気は最高だ,edge,"[174, 280]",0,50,6,6,1.0,6,1,1,中核経路
異なる射影,1,20261813,類似文,今日の天気は最高だ,edge,"[301, 382]",0,50,6,6,1.0,6,1,1,中核経路
異なる射影,1,20261813,類似文,今日の天気は最高だ,edge,"[219, 568]",50,50,1,1,1.0,1,1,1,定着した成長経路
異なる射影,1,20261813,類似文,今日の天気は最高だ,edge,"[425, 484]",0,50,6,6,1.0,6,1,1,中核経路
異なる射影,1,20261813,類似文,今日の天気は最高だ,edge,"[138, 281]",0,50,6,6,1.0,6,1,1,中核経路
異なる射影,1,20261813,無関係文,犬は公園を走っている,node,516,50,50,1,1,1.0,1,1,1,定着した成長経路
異なる射影,1,20261813,無関係文,犬は公園を走っている,node,519,0,50,6,6,1.0,6,1,1,中核経路
異なる射影,1,20261813,無関係文,犬は公園を走っている,node,268,0,50,6,6,1.0,6,1,1,中核経路
異なる射影,1,20261813,無関係文,犬は公園を走っている,node,15,0,50,6,6,1.0,6,1,1,中核経路
異なる射影,1,20261813,無関係文,犬は公園を走っている,node,145,0,50,6,6,1.0,6,1,1,中核経路
異なる射影,1,20261813,無関係文,犬は公園を走っている,node,404,0,50,6,6,1.0,6,1,1,中核経路
異なる射影,1,20261813,無関係文,犬は公園を走っている,node,536,0,50,6,6,1.0,6,1,1,中核経路
異なる射影,1,20261813,無関係文,犬は公園を走っている,node,283,0,50,6,6,1.0,6,1,1,中核経路
異なる射影,1,20261813,無関係文,犬は公園を走っている,node,413,0,50,6,6,1.0,6,1,1,中核経路
異なる射影,1,20261813,無関係文,犬は公園を走っている,node,295,0,50,6,6,1.0,6,1,1,中核経路
異なる射影,1,20261813,無関係文,犬は公園を走っている,node,551,0,50,6,6,1.0,6,1,1,中核経路
異なる射影,1,20261813,無関係文,犬は公園を走っている,node,304,0,50,6,6,1.0,6,1,1,中核経路
異なる射影,1,20261813,無関係文,犬は公園を走っている,node,573,0,50,6,6,1.0,6,1,1,中核経路
異なる射影,1,20261813,無関係文,犬は公園を走っている,node,63,0,50,6,6,1.0,6,1,1,中核経路
異なる射影,1,20261813,無関係文,犬は公園を走っている,node,65,0,50,6,6,1.0,6,1,1,中核経路
異なる射影,1,20261813,無関係文,犬は公園を走っている,node,451,0,50,6,6,1.0,6,1,1,中核経路
異なる射影,1,20261813,無関係文,犬は公園を走っている,node,581,0,50,6,6,1.0,6,1,1,中核経路
異なる射影,1,20261813,無関係文,犬は公園を走っている,node,80,0,50,6,6,1.0,6,1,1,中核経路
異なる射影,1,20261813,無関係文,犬は公園を走っている,node,466,0,50,6,6,1.0,6,1,1,中核経路
異なる射影,1,20261813,無関係文,犬は公園を走っている,node,213,0,50,6,6,1.0,6,1,1,中核経路
異なる射影,1,20261813,無関係文,犬は公園を走っている,node,218,0,50,6,6,1.0,6,1,1,中核経路
異なる射影,1,20261813,無関係文,犬は公園を走っている,node,348,0,50,6,6,1.0,6,1,1,中核経路
異なる射影,1,20261813,無関係文,犬は公園を走っている,node,476,0,50,6,6,1.0,6,1,1,中核経路
異なる射影,1,20261813,無関係文,犬は公園を走っている,node,94,0,50,6,6,1.0,6,1,1,中核経路
異なる射影,1,20261813,無関係文,犬は公園を走っている,node,352,0,50,6,6,1.0,6,1,1,中核経路
異なる射影,1,20261813,無関係文,犬は公園を走っている,node,225,0,50,6,6,1.0,6,1,1,中核経路
異なる射影,1,20261813,無関係文,犬は公園を走っている,node,488,0,50,6,6,1.0,6,1,1,中核経路
異なる射影,1,20261813,無関係文,犬は公園を走っている,node,364,0,0,1,6,0.16666667,1,0,0,一時経路
異なる射影,1,20261813,無関係文,犬は公園を走っている,node,496,0,50,6,6,1.0,6,1,1,中核経路
異なる射影,1,20261813,無関係文,犬は公園を走っている,node,370,0,50,6,6,1.0,6,1,1,中核経路
異なる射影,1,20261813,無関係文,犬は公園を走っている,node,250,0,50,6,6,1.0,6,1,1,中核経路
異なる射影,1,20261813,無関係文,犬は公園を走っている,edge,"[218, 496]",0,50,6,6,1.0,6,1,1,中核経路
異なる射影,1,20261813,無関係文,犬は公園を走っている,edge,"[15, 451]",0,50,6,6,1.0,6,1,1,中核経路
異なる射影,1,20261813,無関係文,犬は公園を走っている,edge,"[413, 476]",0,50,6,6,1.0,6,1,1,中核経路
異なる射影,1,20261813,無関係文,犬は公園を走っている,edge,"[63, 519]",0,50,6,6,1.0,6,1,1,中核経路
異なる射影,1,20261813,無関係文,犬は公園を走っている,edge,"[496, 516]",50,50,1,1,1.0,1,1,1,定着した成長経路
異なる射影,1,20261813,無関係文,犬は公園を走っている,edge,"[213, 466]",0,50,6,6,1.0,6,1,1,中核経路
異なる射影,1,20261813,無関係文,犬は公園を走っている,edge,"[65, 573]",0,50,6,6,1.0,6,1,1,中核経路
異なる射影,1,20261813,無関係文,犬は公園を走っている,edge,"[218, 364]",0,0,1,6,0.16666667,1,0,0,一時経路
異なる射影,1,20261813,無関係文,犬は公園を走っている,edge,"[63, 268]",0,50,6,6,1.0,6,1,1,中核経路
異なる射影,1,20261813,無関係文,犬は公園を走っている,edge,"[15, 352]",0,50,6,6,1.0,6,1,1,中核経路
異なる射影,1,20261813,無関係文,犬は公園を走っている,edge,"[94, 218]",0,50,6,6,1.0,6,1,1,中核経路
異なる射影,1,20261813,無関係文,犬は公園を走っている,edge,"[404, 551]",0,50,6,6,1.0,6,1,1,中核経路
異なる射影,1,20261813,無関係文,犬は公園を走っている,edge,"[370, 488]",0,50,6,6,1.0,6,1,1,中核経路
異なる射影,1,20261813,無関係文,犬は公園を走っている,edge,"[94, 413]",0,50,6,6,1.0,6,1,1,中核経路
異なる射影,1,20261813,無関係文,犬は公園を走っている,edge,"[65, 581]",0,50,6,6,1.0,6,1,1,中核経路
異なる射影,1,20261813,無関係文,犬は公園を走っている,edge,"[225, 451]",0,50,6,6,1.0,6,1,1,中核経路
異なる射影,1,20261813,無関係文,犬は公園を走っている,edge,"[145, 348]",0,50,6,6,1.0,6,1,1,中核経路
異なる射影,1,20261813,無関係文,犬は公園を走っている,edge,"[304, 466]",0,50,6,6,1.0,6,1,1,中核経路
異なる射影,1,20261813,無関係文,犬は公園を走っている,edge,"[250, 404]",0,50,6,6,1.0,6,1,1,中核経路
異なる射影,1,20261813,無関係文,犬は公園を走っている,edge,"[80, 145]",0,50,6,6,1.0,6,1,1,中核経路
異なる射影,1,20261813,無関係文,犬は公園を走っている,edge,"[283, 370]",0,50,6,6,1.0,6,1,1,中核経路
異なる射影,1,20261813,無関係文,犬は公園を走っている,edge,"[352, 451]",0,50,6,6,1.0,6,1,1,中核経路
異なる射影,2,20262822,学習文,今日は晴れて気持ちいい,node,258,0,50,6,6,1.0,6,1,1,中核経路
異なる射影,2,20262822,学習文,今日は晴れて気持ちいい,node,266,0,50,6,6,1.0,6,1,1,中核経路
異なる射影,2,20262822,学習文,今日は晴れて気持ちいい,node,522,0,50,6,6,1.0,6,1,1,中核経路
異なる射影,2,20262822,学習文,今日は晴れて気持ちいい,node,526,0,50,6,6,1.0,6,1,1,中核経路
異なる射影,2,20262822,学習文,今日は晴れて気持ちいい,node,532,50,50,1,1,1.0,1,1,1,定着した成長経路
異なる射影,2,20262822,学習文,今日は晴れて気持ちいい,node,280,0,50,6,6,1.0,6,1,1,中核経路
異なる射影,2,20262822,学習文,今日は晴れて気持ちいい,node,281,0,50,6,6,1.0,6,1,1,中核経路
異なる射影,2,20262822,学習文,今日は晴れて気持ちいい,node,283,0,50,6,6,1.0,6,1,1,中核経路
異なる射影,2,20262822,学習文,今日は晴れて気持ちいい,node,285,50,50,1,1,1.0,1,1,1,定着した成長経路
異なる射影,2,20262822,学習文,今日は晴れて気持ちいい,node,30,20,50,2,2,1.0,2,1,1,定着した成長経路
異なる射影,2,20262822,学習文,今日は晴れて気持ちいい,node,543,0,50,6,6,1.0,6,1,1,中核経路
異なる射影,2,20262822,学習文,今日は晴れて気持ちいい,node,549,0,50,6,6,1.0,6,1,1,中核経路
異なる射影,2,20262822,学習文,今日は晴れて気持ちいい,node,293,50,50,1,1,1.0,1,1,1,定着した成長経路
異なる射影,2,20262822,学習文,今日は晴れて気持ちいい,node,58,50,50,1,1,1.0,1,1,1,定着した成長経路
異なる射影,2,20262822,学習文,今日は晴れて気持ちいい,node,320,0,50,6,6,1.0,6,1,1,中核経路
異なる射影,2,20262822,学習文,今日は晴れて気持ちいい,node,326,50,50,1,1,1.0,1,1,1,定着した成長経路
異なる射影,2,20262822,学習文,今日は晴れて気持ちいい,node,327,0,50,6,6,1.0,6,1,1,中核経路
異なる射影,2,20262822,学習文,今日は晴れて気持ちいい,node,584,0,50,6,6,1.0,6,1,1,中核経路
異なる射影,2,20262822,学習文,今日は晴れて気持ちいい,node,583,5,50,4,4,1.0,4,1,1,定着した成長経路
異なる射影,2,20262822,学習文,今日は晴れて気持ちいい,node,77,0,50,6,6,1.0,6,1,1,中核経路
異なる射影,2,20262822,学習文,今日は晴れて気持ちいい,node,333,0,50,6,6,1.0,6,1,1,中核経路
異なる射影,2,20262822,学習文,今日は晴れて気持ちいい,node,358,10,50,3,3,1.0,3,1,1,定着した成長経路
異なる射影,2,20262822,学習文,今日は晴れて気持ちいい,node,364,20,50,2,2,1.0,2,1,1,定着した成長経路
異なる射影,2,20262822,学習文,今日は晴れて気持ちいい,node,114,0,50,6,6,1.0,6,1,1,中核経路
異なる射影,2,20262822,学習文,今日は晴れて気持ちいい,node,370,0,50,6,6,1.0,6,1,1,中核経路
異なる射影,2,20262822,学習文,今日は晴れて気持ちいい,node,125,0,50,6,6,1.0,6,1,1,中核経路
異なる射影,2,20262822,学習文,今日は晴れて気持ちいい,node,127,0,50,6,6,1.0,6,1,1,中核経路
異なる射影,2,20262822,学習文,今日は晴れて気持ちいい,node,392,10,50,3,3,1.0,3,1,1,定着した成長経路
異なる射影,2,20262822,学習文,今日は晴れて気持ちいい,node,138,0,50,6,6,1.0,6,1,1,中核経路
異なる射影,2,20262822,学習文,今日は晴れて気持ちいい,node,139,0,50,6,6,1.0,6,1,1,中核経路
異なる射影,2,20262822,学習文,今日は晴れて気持ちいい,node,144,0,50,6,6,1.0,6,1,1,中核経路
異なる射影,2,20262822,学習文,今日は晴れて気持ちいい,node,147,0,50,6,6,1.0,6,1,1,中核経路
異なる射影,2,20262822,学習文,今日は晴れて気持ちいい,node,153,0,50,6,6,1.0,6,1,1,中核経路
異なる射影,2,20262822,学習文,今日は晴れて気持ちいい,node,428,0,50,6,6,1.0,6,1,1,中核経路
異なる射影,2,20262822,学習文,今日は晴れて気持ちいい,node,174,0,50,6,6,1.0,6,1,1,中核経路
異なる射影,2,20262822,学習文,今日は晴れて気持ちいい,node,431,0,50,6,6,1.0,6,1,1,中核経路
異なる射影,2,20262822,学習文,今日は晴れて気持ちいい,node,192,50,50,1,1,1.0,1,1,1,定着した成長経路
異なる射影,2,20262822,学習文,今日は晴れて気持ちいい,node,459,0,50,6,6,1.0,6,1,1,中核経路
異なる射影,2,20262822,学習文,今日は晴れて気持ちいい,node,208,0,50,6,6,1.0,6,1,1,中核経路
異なる射影,2,20262822,学習文,今日は晴れて気持ちいい,node,214,1,50,5,5,1.0,5,1,1,定着した成長経路
異なる射影,2,20262822,学習文,今日は晴れて気持ちいい,node,215,10,50,3,3,1.0,3,1,1,定着した成長経路
異なる射影,2,20262822,学習文,今日は晴れて気持ちいい,node,218,20,50,2,2,1.0,2,1,1,定着した成長経路
異なる射影,2,20262822,学習文,今日は晴れて気持ちいい,node,488,0,50,6,6,1.0,6,1,1,中核経路
異なる射影,2,20262822,学習文,今日は晴れて気持ちいい,node,496,5,50,4,4,1.0,4,1,1,定着した成長経路
異なる射影,2,20262822,学習文,今日は晴れて気持ちいい,node,248,10,50,3,3,1.0,3,1,1,定着した成長経路
異なる射影,2,20262822,学習文,今日は晴れて気持ちいい,edge,"[327, 522]",0,50,6,6,1.0,6,1,1,中核経路
異なる射影,2,20262822,学習文,今日は晴れて気持ちいい,edge,"[248, 281]",10,50,3,3,1.0,3,1,1,定着した成長経路
異なる射影,2,20262822,学習文,今日は晴れて気持ちいい,edge,"[320, 364]",20,50,2,2,1.0,2,1,1,定着した成長経路
異なる射影,2,20262822,学習文,今日は晴れて気持ちいい,edge,"[58, 358]",50,50,1,1,1.0,1,1,1,定着した成長経路
異なる射影,2,20262822,学習文,今日は晴れて気持ちいい,edge,"[127, 543]",0,50,6,6,1.0,6,1,1,中核経路
異なる射影,2,20262822,学習文,今日は晴れて気持ちいい,edge,"[218, 496]",20,50,2,2,1.0,2,1,1,定着した成長経路
異なる射影,2,20262822,学習文,今日は晴れて気持ちいい,edge,"[30, 549]",20,50,2,2,1.0,2,1,1,定着した成長経路
異なる射影,2,20262822,学習文,今日は晴れて気持ちいい,edge,"[522, 526]",0,50,6,6,1.0,6,1,1,中核経路
異なる射影,2,20262822,学習文,今日は晴れて気持ちいい,edge,"[320, 333]",0,50,6,6,1.0,6,1,1,中核経路
異なる射影,2,20262822,学習文,今日は晴れて気持ちいい,edge,"[208, 583]",5,50,4,4,1.0,4,1,1,定着した成長経路
異なる射影,2,20262822,学習文,今日は晴れて気持ちいい,edge,"[392, 526]",10,50,3,3,1.0,3,1,1,定着した成長経路
異なる射影,2,20262822,学習文,今日は晴れて気持ちいい,edge,"[326, 392]",50,50,1,1,1.0,1,1,1,定着した成長経路
異なる射影,2,20262822,学習文,今日は晴れて気持ちいい,edge,"[258, 428]",0,50,6,6,1.0,6,1,1,中核経路
異なる射影,2,20262822,学習文,今日は晴れて気持ちいい,edge,"[77, 358]",10,50,3,3,1.0,3,1,1,定着した成長経路
異なる射影,2,20262822,学習文,今日は晴れて気持ちいい,edge,"[218, 364]",50,50,1,1,1.0,1,1,1,定着した成長経路
異なる射影,2,20262822,学習文,今日は晴れて気持ちいい,edge,"[77, 138]",0,50,6,6,1.0,6,1,1,中核経路
異なる射影,2,20262822,学習文,今日は晴れて気持ちいい,edge,"[192, 214]",50,50,1,1,1.0,1,1,1,定着した成長経路
異なる射影,2,20262822,学習文,今日は晴れて気持ちいい,edge,"[147, 459]",0,50,6,6,1.0,6,1,1,中核経路
異なる射影,2,20262822,学習文,今日は晴れて気持ちいい,edge,"[488, 496]",5,50,4,4,1.0,4,1,1,定着した成長経路
異なる射影,2,20262822,学習文,今日は晴れて気持ちいい,edge,"[139, 174]",0,50,6,6,1.0,6,1,1,中核経路
異なる射影,2,20262822,学習文,今日は晴れて気持ちいい,edge,"[370, 488]",0,50,6,6,1.0,6,1,1,中核経路
異なる射影,2,20262822,学習文,今日は晴れて気持ちいい,edge,"[214, 283]",1,50,5,5,1.0,5,1,1,定着した成長経路
異なる射影,2,20262822,学習文,今日は晴れて気持ちいい,edge,"[248, 285]",50,50,1,1,1.0,1,1,1,定着した成長経路
異なる射影,2,20262822,学習文,今日は晴れて気持ちいい,edge,"[114, 147]",0,50,6,6,1.0,6,1,1,中核経路
異なる射影,2,20262822,学習文,今日は晴れて気持ちいい,edge,"[153, 258]",0,50,6,6,1.0,6,1,1,中核経路
異なる射影,2,20262822,学習文,今日は晴れて気持ちいい,edge,"[431, 522]",0,50,6,6,1.0,6,1,1,中核経路
異なる射影,2,20262822,学習文,今日は晴れて気持ちいい,edge,"[125, 266]",0,50,6,6,1.0,6,1,1,中核経路
異なる射影,2,20262822,学習文,今日は晴れて気持ちいい,edge,"[153, 215]",10,50,3,3,1.0,3,1,1,定着した成長経路
異なる射影,2,20262822,学習文,今日は晴れて気持ちいい,edge,"[174, 280]",0,50,6,6,1.0,6,1,1,中核経路
異なる射影,2,20262822,学習文,今日は晴れて気持ちいい,edge,"[283, 370]",0,50,6,6,1.0,6,1,1,中核経路
異なる射影,2,20262822,学習文,今日は晴れて気持ちいい,edge,"[327, 431]",0,50,6,6,1.0,6,1,1,中核経路
異なる射影,2,20262822,学習文,今日は晴れて気持ちいい,edge,"[114, 293]",50,50,1,1,1.0,1,1,1,定着した成長経路
異なる射影,2,20262822,学習文,今日は晴れて気持ちいい,edge,"[125, 333]",0,50,6,6,1.0,6,1,1,中核経路
異なる射影,2,20262822,学習文,今日は晴れて気持ちいい,edge,"[266, 549]",0,50,6,6,1.0,6,1,1,中核経路
異なる射影,2,20262822,学習文,今日は晴れて気持ちいい,edge,"[127, 208]",0,50,6,6,1.0,6,1,1,中核経路
異なる射影,2,20262822,学習文,今日は晴れて気持ちいい,edge,"[459, 532]",50,50,1,1,1.0,1,1,1,定着した成長経路
異なる射影,2,20262822,学習文,今日は晴れて気持ちいい,edge,"[138, 281]",0,50,6,6,1.0,6,1,1,中核経路
異なる射影,2,20262822,類似文,今日の天気は最高だ,node,136,0,20,5,6,0.83333333,5,0,0,一時経路
異なる射影,2,20262822,類似文,今日の天気は最高だ,node,392,20,50,2,2,1.0,2,1,1,定着した成長経路
異なる射影,2,20262822,類似文,今日の天気は最高だ,node,138,0,20,4,6,0.66666667,3,0,0,一時経路
異なる射影,2,20262822,類似文,今日の天気は最高だ,node,266,0,50,6,6,1.0,6,1,1,中核経路
異なる射影,2,20262822,類似文,今日の天気は最高だ,node,522,0,50,6,6,1.0,6,1,1,中核経路
異なる射影,2,20262822,類似文,今日の天気は最高だ,node,526,0,50,6,6,1.0,6,1,1,中核経路
異なる射影,2,20262822,類似文,今日の天気は最高だ,node,149,0,50,6,6,1.0,6,1,1,中核経路
異なる射影,2,20262822,類似文,今日の天気は最高だ,node,405,0,50,6,6,1.0,6,1,1,中核経路
異なる射影,2,20262822,類似文,今日の天気は最高だ,node,281,20,20,1,2,0.5,1,0,0,一時経路
異なる射影,2,20262822,類似文,今日の天気は最高だ,node,30,0,50,6,6,1.0,6,1,1,中核経路
異なる射影,2,20262822,類似文,今日の天気は最高だ,node,549,0,50,6,6,1.0,6,1,1,中核経路
異なる射影,2,20262822,類似文,今日の天気は最高だ,node,550,0,50,6,6,1.0,6,1,1,中核経路
異なる射影,2,20262822,類似文,今日の天気は最高だ,node,171,0,50,6,6,1.0,6,1,1,中核経路
異なる射影,2,20262822,類似文,今日の天気は最高だ,node,46,0,50,6,6,1.0,6,1,1,中核経路
異なる射影,2,20262822,類似文,今日の天気は最高だ,node,431,0,50,6,6,1.0,6,1,1,中核経路
異なる射影,2,20262822,類似文,今日の天気は最高だ,node,305,0,50,6,6,1.0,6,1,1,中核経路
異なる射影,2,20262822,類似文,今日の天気は最高だ,node,316,0,50,6,6,1.0,6,1,1,中核経路
異なる射影,2,20262822,類似文,今日の天気は最高だ,node,446,50,50,1,1,1.0,1,1,1,定着した成長経路
異なる射影,2,20262822,類似文,今日の天気は最高だ,node,320,20,50,2,2,1.0,2,1,1,定着した成長経路
異なる射影,2,20262822,類似文,今日の天気は最高だ,node,193,0,50,6,6,1.0,6,1,1,中核経路
異なる射影,2,20262822,類似文,今日の天気は最高だ,node,323,0,50,6,6,1.0,6,1,1,中核経路
異なる射影,2,20262822,類似文,今日の天気は最高だ,node,580,0,50,6,6,1.0,6,1,1,中核経路
異なる射影,2,20262822,類似文,今日の天気は最高だ,node,326,50,50,1,1,1.0,1,1,1,定着した成長経路
異なる射影,2,20262822,類似文,今日の天気は最高だ,node,327,0,50,6,6,1.0,6,1,1,中核経路
異なる射影,2,20262822,類似文,今日の天気は最高だ,node,74,0,50,6,6,1.0,6,1,1,中核経路
異なる射影,2,20262822,類似文,今日の天気は最高だ,node,587,0,50,6,6,1.0,6,1,1,中核経路
異なる射影,2,20262822,類似文,今日の天気は最高だ,node,333,0,50,6,6,1.0,6,1,1,中核経路
異なる射影,2,20262822,類似文,今日の天気は最高だ,node,78,0,50,6,6,1.0,6,1,1,中核経路
異なる射影,2,20262822,類似文,今日の天気は最高だ,node,77,20,20,1,2,0.5,1,0,0,一時経路
異なる射影,2,20262822,類似文,今日の天気は最高だ,node,467,0,50,6,6,1.0,6,1,1,中核経路
異なる射影,2,20262822,類似文,今日の天気は最高だ,node,477,0,50,6,6,1.0,6,1,1,中核経路
異なる射影,2,20262822,類似文,今日の天気は最高だ,node,102,0,50,6,6,1.0,6,1,1,中核経路
異なる射影,2,20262822,類似文,今日の天気は最高だ,node,489,0,50,6,6,1.0,6,1,1,中核経路
異なる射影,2,20262822,類似文,今日の天気は最高だ,node,107,0,20,5,6,0.83333333,5,0,0,一時経路
異なる射影,2,20262822,類似文,今日の天気は最高だ,node,364,50,50,1,1,1.0,1,1,1,定着した成長経路
異なる射影,2,20262822,類似文,今日の天気は最高だ,node,365,0,50,6,6,1.0,6,1,1,中核経路
異なる射影,2,20262822,類似文,今日の天気は最高だ,node,500,10,50,2,3,0.66666667,1,1,0,再出現・可変経路
異なる射影,2,20262822,類似文,今日の天気は最高だ,node,125,0,50,6,6,1.0,6,1,1,中核経路
異なる射影,2,20262822,類似文,今日の天気は最高だ,edge,"[327, 522]",0,50,6,6,1.0,6,1,1,中核経路
異なる射影,2,20262822,類似文,今日の天気は最高だ,edge,"[149, 171]",0,50,6,6,1.0,6,1,1,中核経路
異なる射影,2,20262822,類似文,今日の天気は最高だ,edge,"[320, 364]",50,50,1,1,1.0,1,1,1,定着した成長経路
異なる射影,2,20262822,類似文,今日の天気は最高だ,edge,"[102, 550]",0,50,6,6,1.0,6,1,1,中核経路
異なる射影,2,20262822,類似文,今日の天気は最高だ,edge,"[193, 323]",0,50,6,6,1.0,6,1,1,中核経路
異なる射影,2,20262822,類似文,今日の天気は最高だ,edge,"[30, 549]",0,50,6,6,1.0,6,1,1,中核経路
異なる射影,2,20262822,類似文,今日の天気は最高だ,edge,"[522, 526]",0,50,6,6,1.0,6,1,1,中核経路
異なる射影,2,20262822,類似文,今日の天気は最高だ,edge,"[320, 333]",20,50,2,2,1.0,2,1,1,定着した成長経路
異なる射影,2,20262822,類似文,今日の天気は最高だ,edge,"[46, 365]",0,50,6,6,1.0,6,1,1,中核経路
異なる射影,2,20262822,類似文,今日の天気は最高だ,edge,"[467, 477]",0,50,6,6,1.0,6,1,1,中核経路
異なる射影,2,20262822,類似文,今日の天気は最高だ,edge,"[392, 526]",20,50,2,2,1.0,2,1,1,定着した成長経路
異なる射影,2,20262822,類似文,今日の天気は最高だ,edge,"[102, 580]",0,50,6,6,1.0,6,1,1,中核経路
異なる射影,2,20262822,類似文,今日の天気は最高だ,edge,"[78, 467]",0,50,6,6,1.0,6,1,1,中核経路
異なる射影,2,20262822,類似文,今日の天気は最高だ,edge,"[316, 323]",0,50,6,6,1.0,6,1,1,中核経路
異なる射影,2,20262822,類似文,今日の天気は最高だ,edge,"[326, 392]",50,50,1,1,1.0,1,1,1,定着した成長経路
異なる射影,2,20262822,類似文,今日の天気は最高だ,edge,"[102, 107]",0,20,5,6,0.83333333,5,0,0,一時経路
異なる射影,2,20262822,類似文,今日の天気は最高だ,edge,"[405, 587]",0,50,6,6,1.0,6,1,1,中核経路
異なる射影,2,20262822,類似文,今日の天気は最高だ,edge,"[77, 138]",20,20,1,2,0.5,1,0,0,一時経路
異なる射影,2,20262822,類似文,今日の天気は最高だ,edge,"[477, 587]",0,20,5,6,0.83333333,5,0,0,一時経路
異なる射影,2,20262822,類似文,今日の天気は最高だ,edge,"[405, 489]",0,50,6,6,1.0,6,1,1,中核経路
異なる射影,2,20262822,類似文,今日の天気は最高だ,edge,"[136, 489]",0,20,5,6,0.83333333,5,0,0,一時経路
異なる射影,2,20262822,類似文,今日の天気は最高だ,edge,"[305, 365]",0,50,6,6,1.0,6,1,1,中核経路
異なる射影,2,20262822,類似文,今日の天気は最高だ,edge,"[431, 522]",0,50,6,6,1.0,6,1,1,中核経路
異なる射影,2,20262822,類似文,今日の天気は最高だ,edge,"[125, 266]",5,50,4,4,1.0,4,1,1,定着した成長経路
異なる射影,2,20262822,類似文,今日の天気は最高だ,edge,"[327, 431]",0,50,6,6,1.0,6,1,1,中核経路
異なる射影,2,20262822,類似文,今日の天気は最高だ,edge,"[125, 333]",0,50,6,6,1.0,6,1,1,中核経路
異なる射影,2,20262822,類似文,今日の天気は最高だ,edge,"[266, 549]",0,50,6,6,1.0,6,1,1,中核経路
異なる射影,2,20262822,類似文,今日の天気は最高だ,edge,"[30, 446]",50,50,1,1,1.0,1,1,1,定着した成長経路
異なる射影,2,20262822,類似文,今日の天気は最高だ,edge,"[138, 281]",20,20,1,2,0.5,1,0,0,一時経路
異なる射影,2,20262822,類似文,今日の天気は最高だ,edge,"[149, 580]",0,50,6,6,1.0,6,1,1,中核経路
異なる射影,2,20262822,無関係文,犬は公園を走っている,node,264,0,50,6,6,1.0,6,1,1,中核経路
異なる射影,2,20262822,無関係文,犬は公園を走っている,node,392,50,50,1,1,1.0,1,1,1,定着した成長経路
異なる射影,2,20262822,無関係文,犬は公園を走っている,node,522,0,50,6,6,1.0,6,1,1,中核経路
異なる射影,2,20262822,無関係文,犬は公園を走っている,node,526,20,50,2,2,1.0,2,1,1,定着した成長経路
異なる射影,2,20262822,無関係文,犬は公園を走っている,node,144,0,0,1,6,0.16666667,1,0,0,一時経路
異なる射影,2,20262822,無関係文,犬は公園を走っている,node,148,0,50,6,6,1.0,6,1,1,中核経路
異なる射影,2,20262822,無関係文,犬は公園を走っている,node,405,0,50,6,6,1.0,6,1,1,中核経路
異なる射影,2,20262822,無関係文,犬は公園を走っている,node,22,0,50,6,6,1.0,6,1,1,中核経路
異なる射影,2,20262822,無関係文,犬は公園を走っている,node,536,0,50,6,6,1.0,6,1,1,中核経路
異なる射影,2,20262822,無関係文,犬は公園を走っている,node,409,0,50,6,6,1.0,6,1,1,中核経路
異なる射影,2,20262822,無関係文,犬は公園を走っている,node,543,5,50,4,4,1.0,4,1,1,定着した成長経路
異なる射影,2,20262822,無関係文,犬は公園を走っている,node,160,0,50,6,6,1.0,6,1,1,中核経路
異なる射影,2,20262822,無関係文,犬は公園を走っている,node,419,0,50,6,6,1.0,6,1,1,中核経路
異なる射影,2,20262822,無関係文,犬は公園を走っている,node,550,0,50,6,6,1.0,6,1,1,中核経路
異なる射影,2,20262822,無関係文,犬は公園を走っている,node,295,0,50,6,6,1.0,6,1,1,中核経路
異なる射影,2,20262822,無関係文,犬は公園を走っている,node,431,0,50,6,6,1.0,6,1,1,中核経路
異なる射影,2,20262822,無関係文,犬は公園を走っている,node,184,0,50,6,6,1.0,6,1,1,中核経路
異なる射影,2,20262822,無関係文,犬は公園を走っている,node,187,0,50,6,6,1.0,6,1,1,中核経路
異なる射影,2,20262822,無関係文,犬は公園を走っている,node,327,0,50,6,6,1.0,6,1,1,中核経路
異なる射影,2,20262822,無関係文,犬は公園を走っている,node,583,50,50,1,1,1.0,1,1,1,定着した成長経路
異なる射影,2,20262822,無関係文,犬は公園を走っている,node,201,0,50,6,6,1.0,6,1,1,中核経路
異なる射影,2,20262822,無関係文,犬は公園を走っている,node,457,0,50,6,6,1.0,6,1,1,中核経路
異なる射影,2,20262822,無関係文,犬は公園を走っている,node,587,0,50,6,6,1.0,6,1,1,中核経路
異なる射影,2,20262822,無関係文,犬は公園を走っている,node,335,0,50,6,6,1.0,6,1,1,中核経路
異なる射影,2,20262822,無関係文,犬は公園を走っている,node,208,1,50,5,5,1.0,5,1,1,定着した成長経路
異なる射影,2,20262822,無関係文,犬は公園を走っている,node,212,0,50,6,6,1.0,6,1,1,中核経路
異なる射影,2,20262822,無関係文,犬は公園を走っている,node,213,0,50,6,6,1.0,6,1,1,中核経路
異なる射影,2,20262822,無関係文,犬は公園を走っている,node,224,0,50,6,6,1.0,6,1,1,中核経路
異なる射影,2,20262822,無関係文,犬は公園を走っている,node,485,0,50,6,6,1.0,6,1,1,中核経路
異なる射影,2,20262822,無関係文,犬は公園を走っている,node,233,0,50,6,6,1.0,6,1,1,中核経路
異なる射影,2,20262822,無関係文,犬は公園を走っている,node,489,0,50,6,6,1.0,6,1,1,中核経路
異なる射影,2,20262822,無関係文,犬は公園を走っている,node,490,0,50,6,6,1.0,6,1,1,中核経路
異なる射影,2,20262822,無関係文,犬は公園を走っている,node,369,0,50,6,6,1.0,6,1,1,中核経路
異なる射影,2,20262822,無関係文,犬は公園を走っている,node,375,0,50,6,6,1.0,6,1,1,中核経路
異なる射影,2,20262822,無関係文,犬は公園を走っている,node,127,0,50,6,6,1.0,6,1,1,中核経路
異なる射影,2,20262822,無関係文,犬は公園を走っている,edge,"[22, 536]",0,50,6,6,1.0,6,1,1,中核経路
異なる射影,2,20262822,無関係文,犬は公園を走っている,edge,"[295, 335]",0,50,6,6,1.0,6,1,1,中核経路
異なる射影,2,20262822,無関係文,犬は公園を走っている,edge,"[327, 522]",0,50,6,6,1.0,6,1,1,中核経路
異なる射影,2,20262822,無関係文,犬は公園を走っている,edge,"[369, 409]",0,50,6,6,1.0,6,1,1,中核経路
異なる射影,2,20262822,無関係文,犬は公園を走っている,edge,"[187, 457]",0,50,6,6,1.0,6,1,1,中核経路
異なる射影,2,20262822,無関係文,犬は公園を走っている,edge,"[127, 543]",5,50,4,4,1.0,4,1,1,定着した成長経路
異なる射影,2,20262822,無関係文,犬は公園を走っている,edge,"[201, 224]",0,50,6,6,1.0,6,1,1,中核経路
異なる射影,2,20262822,無関係文,犬は公園を走っている,edge,"[522, 526]",20,50,2,2,1.0,2,1,1,定着した成長経路
異なる射影,2,20262822,無関係文,犬は公園を走っている,edge,"[208, 583]",50,50,1,1,1.0,1,1,1,定着した成長経路
異なる射影,2,20262822,無関係文,犬は公園を走っている,edge,"[392, 526]",50,50,1,1,1.0,1,1,1,定着した成長経路
異なる射影,2,20262822,無関係文,犬は公園を走っている,edge,"[187, 264]",0,50,6,6,1.0,6,1,1,中核経路
異なる射影,2,20262822,無関係文,犬は公園を走っている,edge,"[375, 485]",0,50,6,6,1.0,6,1,1,中核経路
異なる射影,2,20262822,無関係文,犬は公園を走っている,edge,"[405, 587]",0,50,6,6,1.0,6,1,1,中核経路
異なる射影,2,20262822,無関係文,犬は公園を走っている,edge,"[295, 419]",0,50,6,6,1.0,6,1,1,中核経路
異なる射影,2,20262822,無関係文,犬は公園を走っている,edge,"[160, 490]",0,50,6,6,1.0,6,1,1,中核経路
異なる射影,2,20262822,無関係文,犬は公園を走っている,edge,"[405, 489]",0,50,6,6,1.0,6,1,1,中核経路
異なる射影,2,20262822,無関係文,犬は公園を走っている,edge,"[184, 490]",0,50,6,6,1.0,6,1,1,中核経路
異なる射影,2,20262822,無関係文,犬は公園を走っている,edge,"[148, 536]",0,50,6,6,1.0,6,1,1,中核経路
異なる射影,2,20262822,無関係文,犬は公園を走っている,edge,"[431, 522]",20,50,2,2,1.0,2,1,1,定着した成長経路
異なる射影,2,20262822,無関係文,犬は公園を走っている,edge,"[144, 148]",0,0,1,6,0.16666667,1,0,0,一時経路
異なる射影,2,20262822,無関係文,犬は公園を走っている,edge,"[369, 550]",0,50,6,6,1.0,6,1,1,中核経路
異なる射影,2,20262822,無関係文,犬は公園を走っている,edge,"[327, 431]",0,50,6,6,1.0,6,1,1,中核経路
異なる射影,2,20262822,無関係文,犬は公園を走っている,edge,"[127, 208]",1,50,5,5,1.0,5,1,1,定着した成長経路
異なる射影,2,20262822,無関係文,犬は公園を走っている,edge,"[485, 490]",0,50,6,6,1.0,6,1,1,中核経路
異なる射影,2,20262822,無関係文,犬は公園を走っている,edge,"[233, 375]",0,50,6,6,1.0,6,1,1,中核経路
異なる射影,2,20262822,無関係文,犬は公園を走っている,edge,"[212, 224]",0,50,6,6,1.0,6,1,1,中核経路
異なる射影,3,20263831,学習文,今日は晴れて気持ちいい,node,512,0,50,6,6,1.0,6,1,1,中核経路
異なる射影,3,20263831,学習文,今日は晴れて気持ちいい,node,1,0,50,6,6,1.0,6,1,1,中核経路
異なる射影,3,20263831,学習文,今日は晴れて気持ちいい,node,386,0,50,6,6,1.0,6,1,1,中核経路
異なる射影,3,20263831,学習文,今日は晴れて気持ちいい,node,515,0,50,6,6,1.0,6,1,1,中核経路
異なる射影,3,20263831,学習文,今日は晴れて気持ちいい,node,518,0,50,6,6,1.0,6,1,1,中核経路
異なる射影,3,20263831,学習文,今日は晴れて気持ちいい,node,522,0,50,6,6,1.0,6,1,1,中核経路
異なる射影,3,20263831,学習文,今日は晴れて気持ちいい,node,270,0,50,6,6,1.0,6,1,1,中核経路
異なる射影,3,20263831,学習文,今日は晴れて気持ちいい,node,529,0,50,6,6,1.0,6,1,1,中核経路
異なる射影,3,20263831,学習文,今日は晴れて気持ちいい,node,277,0,50,6,6,1.0,6,1,1,中核経路
異なる射影,3,20263831,学習文,今日は晴れて気持ちいい,node,27,0,50,6,6,1.0,6,1,1,中核経路
異なる射影,3,20263831,学習文,今日は晴れて気持ちいい,node,292,0,50,6,6,1.0,6,1,1,中核経路
異なる射影,3,20263831,学習文,今日は晴れて気持ちいい,node,39,10,50,3,3,1.0,3,1,1,定着した成長経路
異なる射影,3,20263831,学習文,今日は晴れて気持ちいい,node,42,0,50,6,6,1.0,6,1,1,中核経路
異なる射影,3,20263831,学習文,今日は晴れて気持ちいい,node,431,0,50,6,6,1.0,6,1,1,中核経路
異なる射影,3,20263831,学習文,今日は晴れて気持ちいい,node,49,0,50,6,6,1.0,6,1,1,中核経路
異なる射影,3,20263831,学習文,今日は晴れて気持ちいい,node,57,0,50,6,6,1.0,6,1,1,中核経路
異なる射影,3,20263831,学習文,今日は晴れて気持ちいい,node,443,0,50,6,6,1.0,6,1,1,中核経路
異なる射影,3,20263831,学習文,今日は晴れて気持ちいい,node,195,0,50,6,6,1.0,6,1,1,中核経路
異なる射影,3,20263831,学習文,今日は晴れて気持ちいい,node,324,0,50,6,6,1.0,6,1,1,中核経路
異なる射影,3,20263831,学習文,今日は晴れて気持ちいい,node,327,0,50,6,6,1.0,6,1,1,中核経路
異なる射影,3,20263831,学習文,今日は晴れて気持ちいい,node,207,0,50,6,6,1.0,6,1,1,中核経路
異なる射影,3,20263831,学習文,今日は晴れて気持ちいい,node,84,0,50,6,6,1.0,6,1,1,中核経路
異なる射影,3,20263831,学習文,今日は晴れて気持ちいい,node,375,0,50,6,6,1.0,6,1,1,中核経路
異なる射影,3,20263831,学習文,今日は晴れて気持ちいい,node,97,0,50,6,6,1.0,6,1,1,中核経路
異なる射影,3,20263831,学習文,今日は晴れて気持ちいい,node,233,10,50,3,3,1.0,3,1,1,定着した成長経路
異なる射影,3,20263831,学習文,今日は晴れて気持ちいい,node,492,0,50,6,6,1.0,6,1,1,中核経路
異なる射影,3,20263831,学習文,今日は晴れて気持ちいい,node,109,0,50,6,6,1.0,6,1,1,中核経路
異なる射影,3,20263831,学習文,今日は晴れて気持ちいい,node,239,5,50,4,4,1.0,4,1,1,定着した成長経路
異なる射影,3,20263831,学習文,今日は晴れて気持ちいい,node,242,50,50,1,1,1.0,1,1,1,定着した成長経路
異なる射影,3,20263831,学習文,今日は晴れて気持ちいい,node,247,0,50,6,6,1.0,6,1,1,中核経路
異なる射影,3,20263831,学習文,今日は晴れて気持ちいい,node,249,0,50,6,6,1.0,6,1,1,中核経路
異なる射影,3,20263831,学習文,今日は晴れて気持ちいい,node,378,0,50,6,6,1.0,6,1,1,中核経路
異なる射影,3,20263831,学習文,今日は晴れて気持ちいい,edge,"[327, 522]",0,50,6,6,1.0,6,1,1,中核経路
異なる射影,3,20263831,学習文,今日は晴れて気持ちいい,edge,"[39, 378]",10,50,3,3,1.0,3,1,1,定着した成長経路
異なる射影,3,20263831,学習文,今日は晴れて気持ちいい,edge,"[57, 249]",0,50,6,6,1.0,6,1,1,中核経路
異なる射影,3,20263831,学習文,今日は晴れて気持ちいい,edge,"[292, 515]",0,50,6,6,1.0,6,1,1,中核経路
異なる射影,3,20263831,学習文,今日は晴れて気持ちいい,edge,"[84, 492]",0,50,6,6,1.0,6,1,1,中核経路
異なる射影,3,20263831,学習文,今日は晴れて気持ちいい,edge,"[1, 512]",0,50,6,6,1.0,6,1,1,中核経路
異なる射影,3,20263831,学習文,今日は晴れて気持ちいい,edge,"[42, 529]",0,50,6,6,1.0,6,1,1,中核経路
異なる射影,3,20263831,学習文,今日は晴れて気持ちいい,edge,"[207, 324]",0,50,6,6,1.0,6,1,1,中核経路
異なる射影,3,20263831,学習文,今日は晴れて気持ちいい,edge,"[109, 515]",0,50,6,6,1.0,6,1,1,中核経路
異なる射影,3,20263831,学習文,今日は晴れて気持ちいい,edge,"[239, 249]",5,50,4,4,1.0,4,1,1,定着した成長経路
異なる射影,3,20263831,学習文,今日は晴れて気持ちいい,edge,"[386, 518]",0,50,6,6,1.0,6,1,1,中核経路
異なる射影,3,20263831,学習文,今日は晴れて気持ちいい,edge,"[277, 492]",0,50,6,6,1.0,6,1,1,中核経路
異なる射影,3,20263831,学習文,今日は晴れて気持ちいい,edge,"[27, 518]",0,50,6,6,1.0,6,1,1,中核経路
異なる射影,3,20263831,学習文,今日は晴れて気持ちいい,edge,"[109, 292]",0,50,6,6,1.0,6,1,1,中核経路
異なる射影,3,20263831,学習文,今日は晴れて気持ちいい,edge,"[49, 378]",0,50,6,6,1.0,6,1,1,中核経路
異なる射影,3,20263831,学習文,今日は晴れて気持ちいい,edge,"[49, 375]",0,50,6,6,1.0,6,1,1,中核経路
異なる射影,3,20263831,学習文,今日は晴れて気持ちいい,edge,"[242, 324]",50,50,1,1,1.0,1,1,1,定着した成長経路
異なる射影,3,20263831,学習文,今日は晴れて気持ちいい,edge,"[97, 207]",0,50,6,6,1.0,6,1,1,中核経路
異なる射影,3,20263831,学習文,今日は晴れて気持ちいい,edge,"[431, 522]",20,50,2,2,1.0,2,1,1,定着した成長経路
異なる射影,3,20263831,学習文,今日は晴れて気持ちいい,edge,"[84, 277]",20,50,2,2,1.0,2,1,1,定着した成長経路
異なる射影,3,20263831,学習文,今日は晴れて気持ちいい,edge,"[327, 431]",0,50,6,6,1.0,6,1,1,中核経路
異なる射影,3,20263831,学習文,今日は晴れて気持ちいい,edge,"[42, 195]",0,50,6,6,1.0,6,1,1,中核経路
異なる射影,3,20263831,学習文,今日は晴れて気持ちいい,edge,"[492, 529]",0,50,6,6,1.0,6,1,1,中核経路
異なる射影,3,20263831,学習文,今日は晴れて気持ちいい,edge,"[27, 386]",0,50,6,6,1.0,6,1,1,中核経路
異なる射影,3,20263831,学習文,今日は晴れて気持ちいい,edge,"[57, 247]",0,50,6,6,1.0,6,1,1,中核経路
異なる射影,3,20263831,学習文,今日は晴れて気持ちいい,edge,"[233, 375]",10,50,3,3,1.0,3,1,1,定着した成長経路
異なる射影,3,20263831,学習文,今日は晴れて気持ちいい,edge,"[1, 443]",0,50,6,6,1.0,6,1,1,中核経路
異なる射影,3,20263831,類似文,今日の天気は最高だ,node,259,0,50,6,6,1.0,6,1,1,中核経路
異なる射影,3,20263831,類似文,今日の天気は最高だ,node,265,0,50,6,6,1.0,6,1,1,中核経路
異なる射影,3,20263831,類似文,今日の天気は最高だ,node,524,0,50,6,6,1.0,6,1,1,中核経路
異なる射影,3,20263831,類似文,今日の天気は最高だ,node,152,0,50,6,6,1.0,6,1,1,中核経路
異なる射影,3,20263831,類似文,今日の天気は最高だ,node,284,0,50,6,6,1.0,6,1,1,中核経路
異なる射影,3,20263831,類似文,今日の天気は最高だ,node,156,0,50,6,6,1.0,6,1,1,中核経路
異なる射影,3,20263831,類似文,今日の天気は最高だ,node,412,0,50,6,6,1.0,6,1,1,中核経路
異なる射影,3,20263831,類似文,今日の天気は最高だ,node,425,0,50,6,6,1.0,6,1,1,中核経路
異なる射影,3,20263831,類似文,今日の天気は最高だ,node,44,0,50,6,6,1.0,6,1,1,中核経路
異なる射影,3,20263831,類似文,今日の天気は最高だ,node,48,0,50,6,6,1.0,6,1,1,中核経路
異なる射影,3,20263831,類似文,今日の天気は最高だ,node,563,0,50,6,6,1.0,6,1,1,中核経路
異なる射影,3,20263831,類似文,今日の天気は最高だ,node,308,0,50,6,6,1.0,6,1,1,中核経路
異なる射影,3,20263831,類似文,今日の天気は最高だ,node,437,0,50,6,6,1.0,6,1,1,中核経路
異なる射影,3,20263831,類似文,今日の天気は最高だ,node,54,0,50,6,6,1.0,6,1,1,中核経路
異なる射影,3,20263831,類似文,今日の天気は最高だ,node,565,0,50,6,6,1.0,6,1,1,中核経路
異なる射影,3,20263831,類似文,今日の天気は最高だ,node,56,0,50,6,6,1.0,6,1,1,中核経路
異なる射影,3,20263831,類似文,今日の天気は最高だ,node,573,0,50,6,6,1.0,6,1,1,中核経路
異なる射影,3,20263831,類似文,今日の天気は最高だ,node,65,0,50,6,6,1.0,6,1,1,中核経路
異なる射影,3,20263831,類似文,今日の天気は最高だ,node,70,0,50,6,6,1.0,6,1,1,中核経路
異なる射影,3,20263831,類似文,今日の天気は最高だ,node,203,0,50,6,6,1.0,6,1,1,中核経路
異なる射影,3,20263831,類似文,今日の天気は最高だ,node,460,0,50,6,6,1.0,6,1,1,中核経路
異なる射影,3,20263831,類似文,今日の天気は最高だ,node,206,0,50,6,6,1.0,6,1,1,中核経路
異なる射影,3,20263831,類似文,今日の天気は最高だ,node,462,0,50,6,6,1.0,6,1,1,中核経路
異なる射影,3,20263831,類似文,今日の天気は最高だ,node,80,0,50,6,6,1.0,6,1,1,中核経路
異なる射影,3,20263831,類似文,今日の天気は最高だ,node,209,0,50,6,6,1.0,6,1,1,中核経路
異なる射影,3,20263831,類似文,今日の天気は最高だ,node,221,0,50,6,6,1.0,6,1,1,中核経路
異なる射影,3,20263831,類似文,今日の天気は最高だ,node,351,0,50,6,6,1.0,6,1,1,中核経路
異なる射影,3,20263831,類似文,今日の天気は最高だ,node,484,0,50,6,6,1.0,6,1,1,中核経路
異なる射影,3,20263831,類似文,今日の天気は最高だ,node,508,0,50,6,6,1.0,6,1,1,中核経路
異なる射影,3,20263831,類似文,今日の天気は最高だ,edge,"[44, 524]",0,50,6,6,1.0,6,1,1,中核経路
異なる射影,3,20263831,類似文,今日の天気は最高だ,edge,"[56, 80]",0,50,6,6,1.0,6,1,1,中核経路
異なる射影,3,20263831,類似文,今日の天気は最高だ,edge,"[54, 284]",0,50,6,6,1.0,6,1,1,中核経路
異なる射影,3,20263831,類似文,今日の天気は最高だ,edge,"[44, 563]",0,50,6,6,1.0,6,1,1,中核経路
異なる射影,3,20263831,類似文,今日の天気は最高だ,edge,"[54, 351]",0,50,6,6,1.0,6,1,1,中核経路
異なる射影,3,20263831,類似文,今日の天気は最高だ,edge,"[70, 460]",0,50,6,6,1.0,6,1,1,中核経路
異なる射影,3,20263831,類似文,今日の天気は最高だ,edge,"[206, 573]",0,50,6,6,1.0,6,1,1,中核経路
異なる射影,3,20263831,類似文,今日の天気は最高だ,edge,"[265, 412]",0,50,6,6,1.0,6,1,1,中核経路
異なる射影,3,20263831,類似文,今日の天気は最高だ,edge,"[209, 563]",0,50,6,6,1.0,6,1,1,中核経路
異なる射影,3,20263831,類似文,今日の天気は最高だ,edge,"[259, 524]",0,50,6,6,1.0,6,1,1,中核経路
異なる射影,3,20263831,類似文,今日の天気は最高だ,edge,"[152, 437]",0,50,6,6,1.0,6,1,1,中核経路
異なる射影,3,20263831,類似文,今日の天気は最高だ,edge,"[156, 462]",0,50,6,6,1.0,6,1,1,中核経路
異なる射影,3,20263831,類似文,今日の天気は最高だ,edge,"[425, 565]",0,50,6,6,1.0,6,1,1,中核経路
異なる射影,3,20263831,類似文,今日の天気は最高だ,edge,"[70, 203]",0,50,6,6,1.0,6,1,1,中核経路
異なる射影,3,20263831,類似文,今日の天気は最高だ,edge,"[48, 56]",0,50,6,6,1.0,6,1,1,中核経路
異なる射影,3,20263831,類似文,今日の天気は最高だ,edge,"[152, 156]",0,50,6,6,1.0,6,1,1,中核経路
異なる射影,3,20263831,類似文,今日の天気は最高だ,edge,"[156, 437]",0,50,6,6,1.0,6,1,1,中核経路
異なる射影,3,20263831,類似文,今日の天気は最高だ,edge,"[65, 206]",0,50,6,6,1.0,6,1,1,中核経路
異なる射影,3,20263831,類似文,今日の天気は最高だ,edge,"[265, 508]",0,50,6,6,1.0,6,1,1,中核経路
異なる射影,3,20263831,類似文,今日の天気は最高だ,edge,"[425, 484]",0,50,6,6,1.0,6,1,1,中核経路
異なる射影,3,20263831,無関係文,犬は公園を走っている,node,256,0,50,6,6,1.0,6,1,1,中核経路
異なる射影,3,20263831,無関係文,犬は公園を走っている,node,258,0,50,6,6,1.0,6,1,1,中核経路
異なる射影,3,20263831,無関係文,犬は公園を走っている,node,131,0,50,6,6,1.0,6,1,1,中核経路
異なる射影,3,20263831,無関係文,犬は公園を走っている,node,15,0,50,6,6,1.0,6,1,1,中核経路
異なる射影,3,20263831,無関係文,犬は公園を走っている,node,529,0,50,6,6,1.0,6,1,1,中核経路
異なる射影,3,20263831,無関係文,犬は公園を走っている,node,19,0,50,6,6,1.0,6,1,1,中核経路
異なる射影,3,20263831,無関係文,犬は公園を走っている,node,277,0,50,6,6,1.0,6,1,1,中核経路
異なる射影,3,20263831,無関係文,犬は公園を走っている,node,407,0,50,6,6,1.0,6,1,1,中核経路
異なる射影,3,20263831,無関係文,犬は公園を走っている,node,153,0,50,6,6,1.0,6,1,1,中核経路
異なる射影,3,20263831,無関係文,犬は公園を走っている,node,538,0,50,6,6,1.0,6,1,1,中核経路
異なる射影,3,20263831,無関係文,犬は公園を走っている,node,411,0,50,6,6,1.0,6,1,1,中核経路
異なる射影,3,20263831,無関係文,犬は公園を走っている,node,545,0,50,6,6,1.0,6,1,1,中核経路
異なる射影,3,20263831,無関係文,犬は公園を走っている,node,42,0,50,6,6,1.0,6,1,1,中核経路
異なる射影,3,20263831,無関係文,犬は公園を走っている,node,428,0,50,6,6,1.0,6,1,1,中核経路
異なる射影,3,20263831,無関係文,犬は公園を走っている,node,305,0,50,6,6,1.0,6,1,1,中核経路
異なる射影,3,20263831,無関係文,犬は公園を走っている,node,444,0,50,6,6,1.0,6,1,1,中核経路
異なる射影,3,20263831,無関係文,犬は公園を走っている,node,195,0,50,6,6,1.0,6,1,1,中核経路
異なる射影,3,20263831,無関係文,犬は公園を走っている,node,451,0,50,6,6,1.0,6,1,1,中核経路
異なる射影,3,20263831,無関係文,犬は公園を走っている,node,453,0,50,6,6,1.0,6,1,1,中核経路
異なる射影,3,20263831,無関係文,犬は公園を走っている,node,70,0,50,6,6,1.0,6,1,1,中核経路
異なる射影,3,20263831,無関係文,犬は公園を走っている,node,200,0,50,6,6,1.0,6,1,1,中核経路
異なる射影,3,20263831,無関係文,犬は公園を走っている,node,203,0,50,6,6,1.0,6,1,1,中核経路
異なる射影,3,20263831,無関係文,犬は公園を走っている,node,460,0,50,6,6,1.0,6,1,1,中核経路
異なる射影,3,20263831,無関係文,犬は公園を走っている,node,78,0,50,6,6,1.0,6,1,1,中核経路
異なる射影,3,20263831,無関係文,犬は公園を走っている,node,84,0,50,6,6,1.0,6,1,1,中核経路
異なる射影,3,20263831,無関係文,犬は公園を走っている,node,215,0,50,6,6,1.0,6,1,1,中核経路
異なる射影,3,20263831,無関係文,犬は公園を走っている,node,352,0,50,6,6,1.0,6,1,1,中核経路
異なる射影,3,20263831,無関係文,犬は公園を走っている,node,100,0,50,6,6,1.0,6,1,1,中核経路
異なる射影,3,20263831,無関係文,犬は公園を走っている,node,486,0,50,6,6,1.0,6,1,1,中核経路
異なる射影,3,20263831,無関係文,犬は公園を走っている,node,492,0,50,6,6,1.0,6,1,1,中核経路
異なる射影,3,20263831,無関係文,犬は公園を走っている,node,365,0,50,6,6,1.0,6,1,1,中核経路
異なる射影,3,20263831,無関係文,犬は公園を走っている,edge,"[15, 451]",0,50,6,6,1.0,6,1,1,中核経路
異なる射影,3,20263831,無関係文,犬は公園を走っている,edge,"[131, 305]",0,50,6,6,1.0,6,1,1,中核経路
異なる射影,3,20263831,無関係文,犬は公園を走っている,edge,"[70, 460]",0,50,6,6,1.0,6,1,1,中核経路
異なる射影,3,20263831,無関係文,犬は公園を走っている,edge,"[258, 428]",0,50,6,6,1.0,6,1,1,中核経路
異なる射影,3,20263831,無関係文,犬は公園を走っている,edge,"[84, 492]",0,50,6,6,1.0,6,1,1,中核経路
異なる射影,3,20263831,無関係文,犬は公園を走っている,edge,"[19, 100]",0,50,6,6,1.0,6,1,1,中核経路
異なる射影,3,20263831,無関係文,犬は公園を走っている,edge,"[200, 453]",0,50,6,6,1.0,6,1,1,中核経路
異なる射影,3,20263831,無関係文,犬は公園を走っている,edge,"[42, 529]",0,50,6,6,1.0,6,1,1,中核経路
異なる射影,3,20263831,無関係文,犬は公園を走っている,edge,"[70, 203]",0,50,6,6,1.0,6,1,1,中核経路
異なる射影,3,20263831,無関係文,犬は公園を走っている,edge,"[15, 352]",0,50,6,6,1.0,6,1,1,中核経路
異なる射影,3,20263831,無関係文,犬は公園を走っている,edge,"[215, 258]",0,50,6,6,1.0,6,1,1,中核経路
異なる射影,3,20263831,無関係文,犬は公園を走っている,edge,"[407, 486]",0,50,6,6,1.0,6,1,1,中核経路
異なる射影,3,20263831,無関係文,犬は公園を走っている,edge,"[453, 538]",0,50,6,6,1.0,6,1,1,中核経路
異なる射影,3,20263831,無関係文,犬は公園を走っている,edge,"[153, 411]",0,50,6,6,1.0,6,1,1,中核経路
異なる射影,3,20263831,無関係文,犬は公園を走っている,edge,"[277, 492]",0,50,6,6,1.0,6,1,1,中核経路
異なる射影,3,20263831,無関係文,犬は公園を走っている,edge,"[444, 486]",0,50,6,6,1.0,6,1,1,中核経路
異なる射影,3,20263831,無関係文,犬は公園を走っている,edge,"[305, 365]",0,50,6,6,1.0,6,1,1,中核経路
異なる射影,3,20263831,無関係文,犬は公園を走っている,edge,"[100, 545]",0,50,6,6,1.0,6,1,1,中核経路
異なる射影,3,20263831,無関係文,犬は公園を走っている,edge,"[153, 258]",0,10,4,6,0.66666667,4,0,0,一時経路
異なる射影,3,20263831,無関係文,犬は公園を走っている,edge,"[84, 277]",20,50,2,2,1.0,2,1,1,定着した成長経路
異なる射影,3,20263831,無関係文,犬は公園を走っている,edge,"[153, 215]",0,50,6,6,1.0,6,1,1,中核経路
異なる射影,3,20263831,無関係文,犬は公園を走っている,edge,"[42, 195]",0,50,6,6,1.0,6,1,1,中核経路
異なる射影,3,20263831,無関係文,犬は公園を走っている,edge,"[492, 529]",0,50,6,6,1.0,6,1,1,中核経路
異なる射影,4,20264840,学習文,今日は晴れて気持ちいい,node,515,0,50,6,6,1.0,6,1,1,中核経路
異なる射影,4,20264840,学習文,今日は晴れて気持ちいい,node,516,0,50,6,6,1.0,6,1,1,中核経路
異なる射影,4,20264840,学習文,今日は晴れて気持ちいい,node,520,0,50,6,6,1.0,6,1,1,中核経路
異なる射影,4,20264840,学習文,今日は晴れて気持ちいい,node,521,50,50,1,1,1.0,1,1,1,定着した成長経路
異なる射影,4,20264840,学習文,今日は晴れて気持ちいい,node,22,0,50,6,6,1.0,6,1,1,中核経路
異なる射影,4,20264840,学習文,今日は晴れて気持ちいい,node,536,0,50,6,6,1.0,6,1,1,中核経路
異なる射影,4,20264840,学習文,今日は晴れて気持ちいい,node,285,0,50,6,6,1.0,6,1,1,中核経路
異なる射影,4,20264840,学習文,今日は晴れて気持ちいい,node,288,20,50,2,2,1.0,2,1,1,定着した成長経路
異なる射影,4,20264840,学習文,今日は晴れて気持ちいい,node,292,0,50,6,6,1.0,6,1,1,中核経路
異なる射影,4,20264840,学習文,今日は晴れて気持ちいい,node,551,0,50,6,6,1.0,6,1,1,中核経路
異なる射影,4,20264840,学習文,今日は晴れて気持ちいい,node,56,0,50,6,6,1.0,6,1,1,中核経路
異なる射影,4,20264840,学習文,今日は晴れて気持ちいい,node,314,1,50,5,5,1.0,5,1,1,定着した成長経路
異なる射影,4,20264840,学習文,今日は晴れて気持ちいい,node,66,20,50,2,2,1.0,2,1,1,定着した成長経路
異なる射影,4,20264840,学習文,今日は晴れて気持ちいい,node,75,0,50,6,6,1.0,6,1,1,中核経路
異なる射影,4,20264840,学習文,今日は晴れて気持ちいい,node,587,0,50,6,6,1.0,6,1,1,中核経路
異なる射影,4,20264840,学習文,今日は晴れて気持ちいい,node,87,0,50,6,6,1.0,6,1,1,中核経路
異なる射影,4,20264840,学習文,今日は晴れて気持ちいい,node,94,1,50,5,5,1.0,5,1,1,定着した成長経路
異なる射影,4,20264840,学習文,今日は晴れて気持ちいい,node,355,50,50,1,1,1.0,1,1,1,定着した成長経路
異なる射影,4,20264840,学習文,今日は晴れて気持ちいい,node,364,20,50,2,2,1.0,2,1,1,定着した成長経路
異なる射影,4,20264840,学習文,今日は晴れて気持ちいい,node,109,0,50,6,6,1.0,6,1,1,中核経路
異なる射影,4,20264840,学習文,今日は晴れて気持ちいい,node,136,5,50,4,4,1.0,4,1,1,定着した成長経路
異なる射影,4,20264840,学習文,今日は晴れて気持ちいい,node,144,10,50,3,3,1.0,3,1,1,定着した成長経路
異なる射影,4,20264840,学習文,今日は晴れて気持ちいい,node,148,0,50,6,6,1.0,6,1,1,中核経路
異なる射影,4,20264840,学習文,今日は晴れて気持ちいい,node,404,0,50,6,6,1.0,6,1,1,中核経路
異なる射影,4,20264840,学習文,今日は晴れて気持ちいい,node,405,0,50,6,6,1.0,6,1,1,中核経路
異なる射影,4,20264840,学習文,今日は晴れて気持ちいい,node,413,0,50,6,6,1.0,6,1,1,中核経路
異なる射影,4,20264840,学習文,今日は晴れて気持ちいい,node,424,0,50,6,6,1.0,6,1,1,中核経路
異なる射影,4,20264840,学習文,今日は晴れて気持ちいい,node,191,0,50,6,6,1.0,6,1,1,中核経路
異なる射影,4,20264840,学習文,今日は晴れて気持ちいい,node,192,0,50,6,6,1.0,6,1,1,中核経路
異なる射影,4,20264840,学習文,今日は晴れて気持ちいい,node,206,0,50,6,6,1.0,6,1,1,中核経路
異なる射影,4,20264840,学習文,今日は晴れて気持ちいい,node,467,50,50,1,1,1.0,1,1,1,定着した成長経路
異なる射影,4,20264840,学習文,今日は晴れて気持ちいい,node,218,0,50,6,6,1.0,6,1,1,中核経路
異なる射影,4,20264840,学習文,今日は晴れて気持ちいい,node,476,0,50,6,6,1.0,6,1,1,中核経路
異なる射影,4,20264840,学習文,今日は晴れて気持ちいい,node,477,5,50,4,4,1.0,4,1,1,定着した成長経路
異なる射影,4,20264840,学習文,今日は晴れて気持ちいい,node,478,20,50,2,2,1.0,2,1,1,定着した成長経路
異なる射影,4,20264840,学習文,今日は晴れて気持ちいい,node,480,0,50,6,6,1.0,6,1,1,中核経路
異なる射影,4,20264840,学習文,今日は晴れて気持ちいい,node,489,0,50,6,6,1.0,6,1,1,中核経路
異なる射影,4,20264840,学習文,今日は晴れて気持ちいい,node,496,0,50,6,6,1.0,6,1,1,中核経路
異なる射影,4,20264840,学習文,今日は晴れて気持ちいい,node,245,0,50,6,6,1.0,6,1,1,中核経路
異なる射影,4,20264840,学習文,今日は晴れて気持ちいい,node,250,0,50,6,6,1.0,6,1,1,中核経路
異なる射影,4,20264840,学習文,今日は晴れて気持ちいい,node,251,20,50,2,2,1.0,2,1,1,定着した成長経路
異なる射影,4,20264840,学習文,今日は晴れて気持ちいい,edge,"[22, 536]",0,50,6,6,1.0,6,1,1,中核経路
異なる射影,4,20264840,学習文,今日は晴れて気持ちいい,edge,"[288, 424]",20,50,2,2,1.0,2,1,1,定着した成長経路
異なる射影,4,20264840,学習文,今日は晴れて気持ちいい,edge,"[22, 66]",20,50,2,2,1.0,2,1,1,定着した成長経路
異なる射影,4,20264840,学習文,今日は晴れて気持ちいい,edge,"[218, 496]",0,50,6,6,1.0,6,1,1,中核経路
異なる射影,4,20264840,学習文,今日は晴れて気持ちいい,edge,"[413, 476]",0,50,6,6,1.0,6,1,1,中核経路
異なる射影,4,20264840,学習文,今日は晴れて気持ちいい,edge,"[136, 521]",50,50,1,1,1.0,1,1,1,定着した成長経路
異なる射影,4,20264840,学習文,今日は晴れて気持ちいい,edge,"[496, 516]",0,50,6,6,1.0,6,1,1,中核経路
異なる射影,4,20264840,学習文,今日は晴れて気持ちいい,edge,"[467, 477]",50,50,1,1,1.0,1,1,1,定着した成長経路
異なる射影,4,20264840,学習文,今日は晴れて気持ちいい,edge,"[292, 515]",0,50,6,6,1.0,6,1,1,中核経路
異なる射影,4,20264840,学習文,今日は晴れて気持ちいい,edge,"[480, 520]",0,50,6,6,1.0,6,1,1,中核経路
異なる射影,4,20264840,学習文,今日は晴れて気持ちいい,edge,"[87, 424]",0,50,6,6,1.0,6,1,1,中核経路
異なる射影,4,20264840,学習文,今日は晴れて気持ちいい,edge,"[218, 364]",20,50,2,2,1.0,2,1,1,定着した成長経路
異なる射影,4,20264840,学習文,今日は晴れて気持ちいい,edge,"[405, 587]",0,50,6,6,1.0,6,1,1,中核経路
異なる射影,4,20264840,学習文,今日は晴れて気持ちいい,edge,"[478, 516]",20,50,2,2,1.0,2,1,1,定着した成長経路
異なる射影,4,20264840,学習文,今日は晴れて気持ちいい,edge,"[109, 515]",0,50,6,6,1.0,6,1,1,中核経路
異なる射影,4,20264840,学習文,今日は晴れて気持ちいい,edge,"[477, 587]",5,50,4,4,1.0,4,1,1,定着した成長経路
異なる射影,4,20264840,学習文,今日は晴れて気持ちいい,edge,"[75, 245]",0,50,6,6,1.0,6,1,1,中核経路
異なる射影,4,20264840,学習文,今日は晴れて気持ちいい,edge,"[405, 489]",0,50,6,6,1.0,6,1,1,中核経路
異なる射影,4,20264840,学習文,今日は晴れて気持ちいい,edge,"[192, 476]",0,50,6,6,1.0,6,1,1,中核経路
異なる射影,4,20264840,学習文,今日は晴れて気持ちいい,edge,"[191, 520]",0,50,6,6,1.0,6,1,1,中核経路
異なる射影,4,20264840,学習文,今日は晴れて気持ちいい,edge,"[136, 489]",5,50,4,4,1.0,4,1,1,定着した成長経路
異なる射影,4,20264840,学習文,今日は晴れて気持ちいい,edge,"[109, 292]",0,50,6,6,1.0,6,1,1,中核経路
異なる射影,4,20264840,学習文,今日は晴れて気持ちいい,edge,"[192, 314]",1,50,5,5,1.0,5,1,1,定着した成長経路
異なる射影,4,20264840,学習文,今日は晴れて気持ちいい,edge,"[404, 551]",0,50,6,6,1.0,6,1,1,中核経路
異なる射影,4,20264840,学習文,今日は晴れて気持ちいい,edge,"[94, 413]",1,50,5,5,1.0,5,1,1,定着した成長経路
異なる射影,4,20264840,学習文,今日は晴れて気持ちいい,edge,"[148, 536]",0,50,6,6,1.0,6,1,1,中核経路
異なる射影,4,20264840,学習文,今日は晴れて気持ちいい,edge,"[191, 480]",20,50,2,2,1.0,2,1,1,定着した成長経路
異なる射影,4,20264840,学習文,今日は晴れて気持ちいい,edge,"[144, 148]",10,50,3,3,1.0,3,1,1,定着した成長経路
異なる射影,4,20264840,学習文,今日は晴れて気持ちいい,edge,"[250, 404]",0,50,6,6,1.0,6,1,1,中核経路
異なる射影,4,20264840,学習文,今日は晴れて気持ちいい,edge,"[251, 314]",20,50,2,2,1.0,2,1,1,定着した成長経路
異なる射影,4,20264840,学習文,今日は晴れて気持ちいい,edge,"[87, 480]",0,50,6,6,1.0,6,1,1,中核経路
異なる射影,4,20264840,学習文,今日は晴れて気持ちいい,edge,"[245, 285]",0,50,6,6,1.0,6,1,1,中核経路
異なる射影,4,20264840,学習文,今日は晴れて気持ちいい,edge,"[144, 355]",50,50,1,1,1.0,1,1,1,定着した成長経路
異なる射影,4,20264840,類似文,今日の天気は最高だ,node,516,0,50,6,6,1.0,6,1,1,中核経路
異なる射影,4,20264840,類似文,今日の天気は最高だ,node,520,5,50,4,4,1.0,4,1,1,定着した成長経路
異なる射影,4,20264840,類似文,今日の天気は最高だ,node,521,50,50,1,1,1.0,1,1,1,定着した成長経路
異なる射影,4,20264840,類似文,今日の天気は最高だ,node,522,0,50,6,6,1.0,6,1,1,中核経路
異なる射影,4,20264840,類似文,今日の天気は最高だ,node,292,0,5,3,6,0.5,3,0,0,一時経路
異なる射影,4,20264840,類似文,今日の天気は最高だ,node,550,0,50,6,6,1.0,6,1,1,中核経路
異なる射影,4,20264840,類似文,今日の天気は最高だ,node,298,0,50,6,6,1.0,6,1,1,中核経路
異なる射影,4,20264840,類似文,今日の天気は最高だ,node,51,0,50,6,6,1.0,6,1,1,中核経路
異なる射影,4,20264840,類似文,今日の天気は最高だ,node,314,0,50,6,6,1.0,6,1,1,中核経路
異なる射影,4,20264840,類似文,今日の天気は最高だ,node,316,0,50,6,6,1.0,6,1,1,中核経路
異なる射影,4,20264840,類似文,今日の天気は最高だ,node,64,0,50,6,6,1.0,6,1,1,中核経路
異なる射影,4,20264840,類似文,今日の天気は最高だ,node,320,50,50,1,1,1.0,1,1,1,定着した成長経路
異なる射影,4,20264840,類似文,今日の天気は最高だ,node,323,0,50,6,6,1.0,6,1,1,中核経路
異なる射影,4,20264840,類似文,今日の天気は最高だ,node,327,0,50,6,6,1.0,6,1,1,中核経路
異なる射影,4,20264840,類似文,今日の天気は最高だ,node,587,0,50,6,6,1.0,6,1,1,中核経路
異なる射影,4,20264840,類似文,今日の天気は最高だ,node,79,0,50,6,6,1.0,6,1,1,中核経路
異なる射影,4,20264840,類似文,今日の天気は最高だ,node,87,5,50,4,4,1.0,4,1,1,定着した成長経路
異なる射影,4,20264840,類似文,今日の天気は最高だ,node,94,0,50,6,6,1.0,6,1,1,中核経路
異なる射影,4,20264840,類似文,今日の天気は最高だ,node,364,0,50,6,6,1.0,6,1,1,中核経路
異なる射影,4,20264840,類似文,今日の天気は最高だ,node,369,0,50,6,6,1.0,6,1,1,中核経路
異なる射影,4,20264840,類似文,今日の天気は最高だ,node,136,5,50,4,4,1.0,4,1,1,定着した成長経路
異なる射影,4,20264840,類似文,今日の天気は最高だ,node,405,0,50,6,6,1.0,6,1,1,中核経路
異なる射影,4,20264840,類似文,今日の天気は最高だ,node,409,0,50,6,6,1.0,6,1,1,中核経路
異なる射影,4,20264840,類似文,今日の天気は最高だ,node,413,0,50,6,6,1.0,6,1,1,中核経路
異なる射影,4,20264840,類似文,今日の天気は最高だ,node,167,50,50,1,1,1.0,1,1,1,定着した成長経路
異なる射影,4,20264840,類似文,今日の天気は最高だ,node,424,50,50,1,1,1.0,1,1,1,定着した成長経路
異なる射影,4,20264840,類似文,今日の天気は最高だ,node,431,0,50,6,6,1.0,6,1,1,中核経路
異なる射影,4,20264840,類似文,今日の天気は最高だ,node,191,50,50,1,1,1.0,1,1,1,定着した成長経路
異なる射影,4,20264840,類似文,今日の天気は最高だ,node,192,0,50,6,6,1.0,6,1,1,中核経路
異なる射影,4,20264840,類似文,今日の天気は最高だ,node,193,0,50,6,6,1.0,6,1,1,中核経路
異なる射影,4,20264840,類似文,今日の天気は最高だ,node,448,0,50,6,6,1.0,6,1,1,中核経路
異なる射影,4,20264840,類似文,今日の天気は最高だ,node,196,0,50,6,6,1.0,6,1,1,中核経路
異なる射影,4,20264840,類似文,今日の天気は最高だ,node,467,50,50,1,1,1.0,1,1,1,定着した成長経路
異なる射影,4,20264840,類似文,今日の天気は最高だ,node,218,0,50,6,6,1.0,6,1,1,中核経路
異なる射影,4,20264840,類似文,今日の天気は最高だ,node,476,0,50,6,6,1.0,6,1,1,中核経路
異なる射影,4,20264840,類似文,今日の天気は最高だ,node,477,5,50,4,4,1.0,4,1,1,定着した成長経路
異なる射影,4,20264840,類似文,今日の天気は最高だ,node,478,1,50,5,5,1.0,5,1,1,定着した成長経路
異なる射影,4,20264840,類似文,今日の天気は最高だ,node,480,0,50,6,6,1.0,6,1,1,中核経路
異なる射影,4,20264840,類似文,今日の天気は最高だ,node,233,0,50,6,6,1.0,6,1,1,中核経路
異なる射影,4,20264840,類似文,今日の天気は最高だ,node,489,0,50,6,6,1.0,6,1,1,中核経路
異なる射影,4,20264840,類似文,今日の天気は最高だ,node,236,0,50,6,6,1.0,6,1,1,中核経路
異なる射影,4,20264840,類似文,今日の天気は最高だ,node,496,0,50,6,6,1.0,6,1,1,中核経路
異なる射影,4,20264840,類似文,今日の天気は最高だ,node,251,20,50,2,2,1.0,2,1,1,定着した成長経路
異なる射影,4,20264840,類似文,今日の天気は最高だ,edge,"[327, 522]",0,50,6,6,1.0,6,1,1,中核経路
異なる射影,4,20264840,類似文,今日の天気は最高だ,edge,"[369, 409]",0,50,6,6,1.0,6,1,1,中核経路
異なる射影,4,20264840,類似文,今日の天気は最高だ,edge,"[320, 364]",50,50,1,1,1.0,1,1,1,定着した成長経路
異なる射影,4,20264840,類似文,今日の天気は最高だ,edge,"[193, 323]",0,50,6,6,1.0,6,1,1,中核経路
異なる射影,4,20264840,類似文,今日の天気は最高だ,edge,"[218, 496]",0,50,6,6,1.0,6,1,1,中核経路
異なる射影,4,20264840,類似文,今日の天気は最高だ,edge,"[413, 476]",0,50,6,6,1.0,6,1,1,中核経路
異なる射影,4,20264840,類似文,今日の天気は最高だ,edge,"[87, 480]",5,50,4,4,1.0,4,1,1,定着した成長経路
異なる射影,4,20264840,類似文,今日の天気は最高だ,edge,"[136, 521]",50,50,1,1,1.0,1,1,1,定着した成長経路
異なる射影,4,20264840,類似文,今日の天気は最高だ,edge,"[496, 516]",0,50,6,6,1.0,6,1,1,中核経路
異なる射影,4,20264840,類似文,今日の天気は最高だ,edge,"[167, 478]",50,50,1,1,1.0,1,1,1,定着した成長経路
異なる射影,4,20264840,類似文,今日の天気は最高だ,edge,"[193, 292]",0,5,3,6,0.5,3,0,0,一時経路
異なる射影,4,20264840,類似文,今日の天気は最高だ,edge,"[467, 477]",50,50,1,1,1.0,1,1,1,定着した成長経路
異なる射影,4,20264840,類似文,今日の天気は最高だ,edge,"[79, 316]",0,50,6,6,1.0,6,1,1,中核経路
異なる射影,4,20264840,類似文,今日の天気は最高だ,edge,"[316, 323]",0,50,6,6,1.0,6,1,1,中核経路
異なる射影,4,20264840,類似文,今日の天気は最高だ,edge,"[480, 520]",5,50,4,4,1.0,4,1,1,定着した成長経路
異なる射影,4,20264840,類似文,今日の天気は最高だ,edge,"[87, 424]",50,50,1,1,1.0,1,1,1,定着した成長経路
異なる射影,4,20264840,類似文,今日の天気は最高だ,edge,"[218, 364]",0,50,6,6,1.0,6,1,1,中核経路
異なる射影,4,20264840,類似文,今日の天気は最高だ,edge,"[64, 196]",0,50,6,6,1.0,6,1,1,中核経路
異なる射影,4,20264840,類似文,今日の天気は最高だ,edge,"[405, 587]",0,50,6,6,1.0,6,1,1,中核経路
異なる射影,4,20264840,類似文,今日の天気は最高だ,edge,"[478, 516]",1,50,5,5,1.0,5,1,1,定着した成長経路
異なる射影,4,20264840,類似文,今日の天気は最高だ,edge,"[477, 587]",5,50,4,4,1.0,4,1,1,定着した成長経路
異なる射影,4,20264840,類似文,今日の天気は最高だ,edge,"[405, 489]",0,50,6,6,1.0,6,1,1,中核経路
異なる射影,4,20264840,類似文,今日の天気は最高だ,edge,"[233, 236]",0,50,6,6,1.0,6,1,1,中核経路
異なる射影,4,20264840,類似文,今日の天気は最高だ,edge,"[192, 476]",0,50,6,6,1.0,6,1,1,中核経路
異なる射影,4,20264840,類似文,今日の天気は最高だ,edge,"[191, 520]",50,50,1,1,1.0,1,1,1,定着した成長経路
異なる射影,4,20264840,類似文,今日の天気は最高だ,edge,"[136, 489]",5,50,4,4,1.0,4,1,1,定着した成長経路
異なる射影,4,20264840,類似文,今日の天気は最高だ,edge,"[192, 314]",0,50,6,6,1.0,6,1,1,中核経路
異なる射影,4,20264840,類似文,今日の天気は最高だ,edge,"[94, 413]",0,50,6,6,1.0,6,1,1,中核経路
異なる射影,4,20264840,類似文,今日の天気は最高だ,edge,"[236, 448]",0,50,6,6,1.0,6,1,1,中核経路
異なる射影,4,20264840,類似文,今日の天気は最高だ,edge,"[369, 550]",0,50,6,6,1.0,6,1,1,中核経路
異なる射影,4,20264840,類似文,今日の天気は最高だ,edge,"[327, 431]",0,50,6,6,1.0,6,1,1,中核経路
異なる射影,4,20264840,類似文,今日の天気は最高だ,edge,"[251, 314]",20,50,2,2,1.0,2,1,1,定着した成長経路
異なる射影,4,20264840,類似文,今日の天気は最高だ,edge,"[64, 298]",0,50,6,6,1.0,6,1,1,中核経路
異なる射影,4,20264840,無関係文,犬は公園を走っている,node,131,0,50,6,6,1.0,6,1,1,中核経路
異なる射影,4,20264840,無関係文,犬は公園を走っている,node,516,0,50,6,6,1.0,6,1,1,中核経路
異なる射影,4,20264840,無関係文,犬は公園を走っている,node,136,20,50,2,2,1.0,2,1,1,定着した成長経路
異なる射影,4,20264840,無関係文,犬は公園を走っている,node,521,50,50,1,1,1.0,1,1,1,定着した成長経路
異なる射影,4,20264840,無関係文,犬は公園を走っている,node,141,0,50,6,6,1.0,6,1,1,中核経路
異なる射影,4,20264840,無関係文,犬は公園を走っている,node,143,0,50,6,6,1.0,6,1,1,中核経路
異なる射影,4,20264840,無関係文,犬は公園を走っている,node,405,0,50,6,6,1.0,6,1,1,中核経路
異なる射影,4,20264840,無関係文,犬は公園を走っている,node,160,0,50,6,6,1.0,6,1,1,中核経路
異なる射影,4,20264840,無関係文,犬は公園を走っている,node,545,0,50,6,6,1.0,6,1,1,中核経路
異なる射影,4,20264840,無関係文,犬は公園を走っている,node,423,0,50,6,6,1.0,6,1,1,中核経路
異なる射影,4,20264840,無関係文,犬は公園を走っている,node,167,50,50,1,1,1.0,1,1,1,定着した成長経路
異なる射影,4,20264840,無関係文,犬は公園を走っている,node,560,0,50,6,6,1.0,6,1,1,中核経路
異なる射影,4,20264840,無関係文,犬は公園を走っている,node,572,0,50,6,6,1.0,6,1,1,中核経路
異なる射影,4,20264840,無関係文,犬は公園を走っている,node,320,0,50,6,6,1.0,6,1,1,中核経路
異なる射影,4,20264840,無関係文,犬は公園を走っている,node,580,0,50,6,6,1.0,6,1,1,中核経路
異なる射影,4,20264840,無関係文,犬は公園を走っている,node,201,0,50,6,6,1.0,6,1,1,中核経路
異なる射影,4,20264840,無関係文,犬は公園を走っている,node,74,0,50,6,6,1.0,6,1,1,中核経路
異なる射影,4,20264840,無関係文,犬は公園を走っている,node,330,0,50,6,6,1.0,6,1,1,中核経路
異なる射影,4,20264840,無関係文,犬は公園を走っている,node,587,0,50,6,6,1.0,6,1,1,中核経路
異なる射影,4,20264840,無関係文,犬は公園を走っている,node,78,0,50,6,6,1.0,6,1,1,中核経路
異なる射影,4,20264840,無関係文,犬は公園を走っている,node,467,0,50,6,6,1.0,6,1,1,中核経路
異なる射影,4,20264840,無関係文,犬は公園を走っている,node,343,0,50,6,6,1.0,6,1,1,中核経路
異なる射影,4,20264840,無関係文,犬は公園を走っている,node,218,0,50,6,6,1.0,6,1,1,中核経路
異なる射影,4,20264840,無関係文,犬は公園を走っている,node,349,0,50,6,6,1.0,6,1,1,中核経路
異なる射影,4,20264840,無関係文,犬は公園を走っている,node,477,0,50,6,6,1.0,6,1,1,中核経路
異なる射影,4,20264840,無関係文,犬は公園を走っている,node,478,20,50,2,2,1.0,2,1,1,定着した成長経路
異なる射影,4,20264840,無関係文,犬は公園を走っている,node,489,10,50,3,3,1.0,3,1,1,定着した成長経路
異なる射影,4,20264840,無関係文,犬は公園を走っている,node,235,0,10,4,6,0.66666667,4,0,0,一時経路
異なる射影,4,20264840,無関係文,犬は公園を走っている,node,364,0,50,6,6,1.0,6,1,1,中核経路
異なる射影,4,20264840,無関係文,犬は公園を走っている,node,366,0,50,6,6,1.0,6,1,1,中核経路
異なる射影,4,20264840,無関係文,犬は公園を走っている,node,496,0,50,6,6,1.0,6,1,1,中核経路
異なる射影,4,20264840,無関係文,犬は公園を走っている,node,113,0,50,6,6,1.0,6,1,1,中核経路
異なる射影,4,20264840,無関係文,犬は公園を走っている,node,241,0,50,6,6,1.0,6,1,1,中核経路
異なる射影,4,20264840,無関係文,犬は公園を走っている,node,374,0,50,6,6,1.0,6,1,1,中核経路
異なる射影,4,20264840,無関係文,犬は公園を走っている,node,379,0,50,6,6,1.0,6,1,1,中核経路
異なる射影,4,20264840,無関係文,犬は公園を走っている,node,254,0,50,6,6,1.0,6,1,1,中核経路
異なる射影,4,20264840,無関係文,犬は公園を走っている,edge,"[143, 545]",0,50,6,6,1.0,6,1,1,中核経路
異なる射影,4,20264840,無関係文,犬は公園を走っている,edge,"[320, 364]",0,50,6,6,1.0,6,1,1,中核経路
異なる射影,4,20264840,無関係文,犬は公園を走っている,edge,"[201, 572]",0,50,6,6,1.0,6,1,1,中核経路
異なる射影,4,20264840,無関係文,犬は公園を走っている,edge,"[74, 113]",0,50,6,6,1.0,6,1,1,中核経路
異なる射影,4,20264840,無関係文,犬は公園を走っている,edge,"[141, 374]",0,50,6,6,1.0,6,1,1,中核経路
異なる射影,4,20264840,無関係文,犬は公園を走っている,edge,"[218, 496]",0,50,6,6,1.0,6,1,1,中核経路
異なる射影,4,20264840,無関係文,犬は公園を走っている,edge,"[136, 521]",50,50,1,1,1.0,1,1,1,定着した成長経路
異なる射影,4,20264840,無関係文,犬は公園を走っている,edge,"[330, 423]",0,50,6,6,1.0,6,1,1,中核経路
異なる射影,4,20264840,無関係文,犬は公園を走っている,edge,"[496, 516]",0,50,6,6,1.0,6,1,1,中核経路
異なる射影,4,20264840,無関係文,犬は公園を走っている,edge,"[167, 478]",50,50,1,1,1.0,1,1,1,定着した成長経路
異なる射影,4,20264840,無関係文,犬は公園を走っている,edge,"[467, 477]",0,50,6,6,1.0,6,1,1,中核経路
異なる射影,4,20264840,無関係文,犬は公園を走っている,edge,"[374, 560]",0,50,6,6,1.0,6,1,1,中核経路
異なる射影,4,20264840,無関係文,犬は公園を走っている,edge,"[143, 349]",0,50,6,6,1.0,6,1,1,中核経路
異なる射影,4,20264840,無関係文,犬は公園を走っている,edge,"[78, 467]",0,50,6,6,1.0,6,1,1,中核経路
異なる射影,4,20264840,無関係文,犬は公園を走っている,edge,"[113, 379]",0,50,6,6,1.0,6,1,1,中核経路
異なる射影,4,20264840,無関係文,犬は公園を走っている,edge,"[218, 364]",0,50,6,6,1.0,6,1,1,中核経路
異なる射影,4,20264840,無関係文,犬は公園を走っている,edge,"[405, 587]",0,50,6,6,1.0,6,1,1,中核経路
異なる射影,4,20264840,無関係文,犬は公園を走っている,edge,"[478, 516]",20,50,2,2,1.0,2,1,1,定着した成長経路
異なる射影,4,20264840,無関係文,犬は公園を走っている,edge,"[477, 587]",0,50,6,6,1.0,6,1,1,中核経路
異なる射影,4,20264840,無関係文,犬は公園を走っている,edge,"[201, 235]",0,10,4,6,0.66666667,4,0,0,一時経路
異なる射影,4,20264840,無関係文,犬は公園を走っている,edge,"[405, 489]",10,50,3,3,1.0,3,1,1,定着した成長経路
異なる射影,4,20264840,無関係文,犬は公園を走っている,edge,"[136, 489]",20,50,2,2,1.0,2,1,1,定着した成長経路
異なる射影,4,20264840,無関係文,犬は公園を走っている,edge,"[131, 343]",0,50,6,6,1.0,6,1,1,中核経路
異なる射影,4,20264840,無関係文,犬は公園を走っている,edge,"[241, 572]",0,50,6,6,1.0,6,1,1,中核経路
異なる射影,4,20264840,無関係文,犬は公園を走っている,edge,"[330, 366]",0,50,6,6,1.0,6,1,1,中核経路
異なる射影,4,20264840,無関係文,犬は公園を走っている,edge,"[254, 343]",0,50,6,6,1.0,6,1,1,中核経路
異なる射影,5,20265849,学習文,今日は晴れて気持ちいい,node,2,0,50,6,6,1.0,6,1,1,中核経路
異なる射影,5,20265849,学習文,今日は晴れて気持ちいい,node,22,0,50,6,6,1.0,6,1,1,中核経路
異なる射影,5,20265849,学習文,今日は晴れて気持ちいい,node,544,0,50,6,6,1.0,6,1,1,中核経路
異なる射影,5,20265849,学習文,今日は晴れて気持ちいい,node,545,0,50,6,6,1.0,6,1,1,中核経路
異なる射影,5,20265849,学習文,今日は晴れて気持ちいい,node,36,10,50,3,3,1.0,3,1,1,定着した成長経路
異なる射影,5,20265849,学習文,今日は晴れて気持ちいい,node,293,0,50,6,6,1.0,6,1,1,中核経路
異なる射影,5,20265849,学習文,今日は晴れて気持ちいい,node,551,5,50,4,4,1.0,4,1,1,定着した成長経路
異なる射影,5,20265849,学習文,今日は晴れて気持ちいい,node,556,0,50,6,6,1.0,6,1,1,中核経路
異なる射影,5,20265849,学習文,今日は晴れて気持ちいい,node,301,0,50,6,6,1.0,6,1,1,中核経路
異なる射影,5,20265849,学習文,今日は晴れて気持ちいい,node,568,0,50,6,6,1.0,6,1,1,中核経路
異なる射影,5,20265849,学習文,今日は晴れて気持ちいい,node,569,20,50,2,2,1.0,2,1,1,定着した成長経路
異なる射影,5,20265849,学習文,今日は晴れて気持ちいい,node,66,0,50,6,6,1.0,6,1,1,中核経路
異なる射影,5,20265849,学習文,今日は晴れて気持ちいい,node,587,5,50,4,4,1.0,4,1,1,定着した成長経路
異なる射影,5,20265849,学習文,今日は晴れて気持ちいい,node,78,0,50,6,6,1.0,6,1,1,中核経路
異なる射影,5,20265849,学習文,今日は晴れて気持ちいい,node,341,0,50,6,6,1.0,6,1,1,中核経路
異なる射影,5,20265849,学習文,今日は晴れて気持ちいい,node,349,0,50,6,6,1.0,6,1,1,中核経路
異なる射影,5,20265849,学習文,今日は晴れて気持ちいい,node,100,0,50,6,6,1.0,6,1,1,中核経路
異なる射影,5,20265849,学習文,今日は晴れて気持ちいい,node,101,50,50,1,1,1.0,1,1,1,定着した成長経路
異なる射影,5,20265849,学習文,今日は晴れて気持ちいい,node,114,0,50,6,6,1.0,6,1,1,中核経路
異なる射影,5,20265849,学習文,今日は晴れて気持ちいい,node,375,0,50,6,6,1.0,6,1,1,中核経路
異なる射影,5,20265849,学習文,今日は晴れて気持ちいい,node,119,0,50,6,6,1.0,6,1,1,中核経路
異なる射影,5,20265849,学習文,今日は晴れて気持ちいい,node,377,0,50,6,6,1.0,6,1,1,中核経路
異なる射影,5,20265849,学習文,今日は晴れて気持ちいい,node,379,20,50,2,2,1.0,2,1,1,定着した成長経路
異なる射影,5,20265849,学習文,今日は晴れて気持ちいい,node,382,0,50,6,6,1.0,6,1,1,中核経路
異なる射影,5,20265849,学習文,今日は晴れて気持ちいい,node,393,20,50,2,2,1.0,2,1,1,定着した成長経路
異なる射影,5,20265849,学習文,今日は晴れて気持ちいい,node,396,0,50,6,6,1.0,6,1,1,中核経路
異なる射影,5,20265849,学習文,今日は晴れて気持ちいい,node,405,50,50,1,1,1.0,1,1,1,定着した成長経路
異なる射影,5,20265849,学習文,今日は晴れて気持ちいい,node,150,0,50,6,6,1.0,6,1,1,中核経路
異なる射影,5,20265849,学習文,今日は晴れて気持ちいい,node,160,1,50,5,5,1.0,5,1,1,定着した成長経路
異なる射影,5,20265849,学習文,今日は晴れて気持ちいい,node,419,0,50,6,6,1.0,6,1,1,中核経路
異なる射影,5,20265849,学習文,今日は晴れて気持ちいい,node,169,0,50,6,6,1.0,6,1,1,中核経路
異なる射影,5,20265849,学習文,今日は晴れて気持ちいい,node,182,50,50,1,1,1.0,1,1,1,定着した成長経路
異なる射影,5,20265849,学習文,今日は晴れて気持ちいい,node,184,0,50,6,6,1.0,6,1,1,中核経路
異なる射影,5,20265849,学習文,今日は晴れて気持ちいい,node,198,0,50,6,6,1.0,6,1,1,中核経路
異なる射影,5,20265849,学習文,今日は晴れて気持ちいい,node,200,0,50,6,6,1.0,6,1,1,中核経路
異なる射影,5,20265849,学習文,今日は晴れて気持ちいい,node,467,0,50,6,6,1.0,6,1,1,中核経路
異なる射影,5,20265849,学習文,今日は晴れて気持ちいい,node,219,0,50,6,6,1.0,6,1,1,中核経路
異なる射影,5,20265849,学習文,今日は晴れて気持ちいい,node,477,0,50,6,6,1.0,6,1,1,中核経路
異なる射影,5,20265849,学習文,今日は晴れて気持ちいい,node,225,20,50,2,2,1.0,2,1,1,定着した成長経路
異なる射影,5,20265849,学習文,今日は晴れて気持ちいい,node,485,0,50,6,6,1.0,6,1,1,中核経路
異なる射影,5,20265849,学習文,今日は晴れて気持ちいい,node,233,0,50,6,6,1.0,6,1,1,中核経路
異なる射影,5,20265849,学習文,今日は晴れて気持ちいい,node,490,0,50,6,6,1.0,6,1,1,中核経路
異なる射影,5,20265849,学習文,今日は晴れて気持ちいい,node,236,50,50,1,1,1.0,1,1,1,定着した成長経路
異なる射影,5,20265849,学習文,今日は晴れて気持ちいい,node,505,10,50,3,3,1.0,3,1,1,定着した成長経路
異なる射影,5,20265849,学習文,今日は晴れて気持ちいい,edge,"[36, 349]",10,50,3,3,1.0,3,1,1,定着した成長経路
異なる射影,5,20265849,学習文,今日は晴れて気持ちいい,edge,"[22, 66]",0,50,6,6,1.0,6,1,1,中核経路
異なる射影,5,20265849,学習文,今日は晴れて気持ちいい,edge,"[169, 393]",20,50,2,2,1.0,2,1,1,定着した成長経路
異なる射影,5,20265849,学習文,今日は晴れて気持ちいい,edge,"[22, 377]",0,50,6,6,1.0,6,1,1,中核経路
異なる射影,5,20265849,学習文,今日は晴れて気持ちいい,edge,"[419, 568]",0,50,6,6,1.0,6,1,1,中核経路
異なる射影,5,20265849,学習文,今日は晴れて気持ちいい,edge,"[467, 477]",0,50,6,6,1.0,6,1,1,中核経路
異なる射影,5,20265849,学習文,今日は晴れて気持ちいい,edge,"[169, 545]",0,50,6,6,1.0,6,1,1,中核経路
異なる射影,5,20265849,学習文,今日は晴れて気持ちいい,edge,"[101, 551]",50,50,1,1,1.0,1,1,1,定着した成長経路
異なる射影,5,20265849,学習文,今日は晴れて気持ちいい,edge,"[301, 396]",0,50,6,6,1.0,6,1,1,中核経路
異なる射影,5,20265849,学習文,今日は晴れて気持ちいい,edge,"[78, 467]",0,50,6,6,1.0,6,1,1,中核経路
異なる射影,5,20265849,学習文,今日は晴れて気持ちいい,edge,"[182, 393]",50,50,1,1,1.0,1,1,1,定着した成長経路
異なる射影,5,20265849,学習文,今日は晴れて気持ちいい,edge,"[200, 505]",10,50,3,3,1.0,3,1,1,定着した成長経路
異なる射影,5,20265849,学習文,今日は晴れて気持ちいい,edge,"[160, 225]",20,50,2,2,1.0,2,1,1,定着した成長経路
異なる射影,5,20265849,学習文,今日は晴れて気持ちいい,edge,"[375, 485]",0,50,6,6,1.0,6,1,1,中核経路
異なる射影,5,20265849,学習文,今日は晴れて気持ちいい,edge,"[119, 556]",0,50,6,6,1.0,6,1,1,中核経路
異なる射影,5,20265849,学習文,今日は晴れて気持ちいい,edge,"[405, 587]",50,50,1,1,1.0,1,1,1,定着した成長経路
異なる射影,5,20265849,学習文,今日は晴れて気持ちいい,edge,"[160, 490]",1,50,5,5,1.0,5,1,1,定着した成長経路
異なる射影,5,20265849,学習文,今日は晴れて気持ちいい,edge,"[477, 587]",5,50,4,4,1.0,4,1,1,定着した成長経路
異なる射影,5,20265849,学習文,今日は晴れて気持ちいい,edge,"[349, 545]",0,50,6,6,1.0,6,1,1,中核経路
異なる射影,5,20265849,学習文,今日は晴れて気持ちいい,edge,"[396, 544]",0,50,6,6,1.0,6,1,1,中核経路
異なる射影,5,20265849,学習文,今日は晴れて気持ちいい,edge,"[233, 236]",50,50,1,1,1.0,1,1,1,定着した成長経路
異なる射影,5,20265849,学習文,今日は晴れて気持ちいい,edge,"[150, 293]",0,50,6,6,1.0,6,1,1,中核経路
異なる射影,5,20265849,学習文,今日は晴れて気持ちいい,edge,"[341, 556]",0,50,6,6,1.0,6,1,1,中核経路
異なる射影,5,20265849,学習文,今日は晴れて気持ちいい,edge,"[2, 556]",0,50,6,6,1.0,6,1,1,中核経路
異なる射影,5,20265849,学習文,今日は晴れて気持ちいい,edge,"[2, 379]",20,50,2,2,1.0,2,1,1,定着した成長経路
異なる射影,5,20265849,学習文,今日は晴れて気持ちいい,edge,"[200, 382]",0,50,6,6,1.0,6,1,1,中核経路
異なる射影,5,20265849,学習文,今日は晴れて気持ちいい,edge,"[184, 490]",0,50,6,6,1.0,6,1,1,中核経路
異なる射影,5,20265849,学習文,今日は晴れて気持ちいい,edge,"[114, 150]",0,50,6,6,1.0,6,1,1,中核経路
異なる射影,5,20265849,学習文,今日は晴れて気持ちいい,edge,"[78, 551]",5,50,4,4,1.0,4,1,1,定着した成長経路
異なる射影,5,20265849,学習文,今日は晴れて気持ちいい,edge,"[301, 544]",20,50,2,2,1.0,2,1,1,定着した成長経路
異なる射影,5,20265849,学習文,今日は晴れて気持ちいい,edge,"[184, 569]",20,50,2,2,1.0,2,1,1,定着した成長経路
異なる射影,5,20265849,学習文,今日は晴れて気持ちいい,edge,"[301, 382]",0,50,6,6,1.0,6,1,1,中核経路
異なる射影,5,20265849,学習文,今日は晴れて気持ちいい,edge,"[114, 293]",10,50,3,3,1.0,3,1,1,定着した成長経路
異なる射影,5,20265849,学習文,今日は晴れて気持ちいい,edge,"[119, 341]",0,50,6,6,1.0,6,1,1,中核経路
異なる射影,5,20265849,学習文,今日は晴れて気持ちいい,edge,"[485, 490]",0,50,6,6,1.0,6,1,1,中核経路
異なる射影,5,20265849,学習文,今日は晴れて気持ちいい,edge,"[233, 375]",0,50,6,6,1.0,6,1,1,中核経路
異なる射影,5,20265849,学習文,今日は晴れて気持ちいい,edge,"[219, 568]",0,50,6,6,1.0,6,1,1,中核経路
異なる射影,5,20265849,類似文,今日の天気は最高だ,node,0,0,50,6,6,1.0,6,1,1,中核経路
異なる射影,5,20265849,類似文,今日の天気は最高だ,node,2,0,50,6,6,1.0,6,1,1,中核経路
異なる射影,5,20265849,類似文,今日の天気は最高だ,node,393,0,50,6,6,1.0,6,1,1,中核経路
異なる射影,5,20265849,類似文,今日の天気は最高だ,node,396,0,50,6,6,1.0,6,1,1,中核経路
異なる射影,5,20265849,類似文,今日の天気は最高だ,node,150,0,50,6,6,1.0,6,1,1,中核経路
異なる射影,5,20265849,類似文,今日の天気は最高だ,node,285,0,50,6,6,1.0,6,1,1,中核経路
異なる射影,5,20265849,類似文,今日の天気は最高だ,node,160,0,50,6,6,1.0,6,1,1,中核経路
異なる射影,5,20265849,類似文,今日の天気は最高だ,node,544,0,50,6,6,1.0,6,1,1,中核経路
異なる射影,5,20265849,類似文,今日の天気は最高だ,node,290,0,50,6,6,1.0,6,1,1,中核経路
異なる射影,5,20265849,類似文,今日の天気は最高だ,node,293,0,50,6,6,1.0,6,1,1,中核経路
異なる射影,5,20265849,類似文,今日の天気は最高だ,node,423,0,50,6,6,1.0,6,1,1,中核経路
異なる射影,5,20265849,類似文,今日の天気は最高だ,node,169,50,50,1,1,1.0,1,1,1,定着した成長経路
異なる射影,5,20265849,類似文,今日の天気は最高だ,node,556,0,50,6,6,1.0,6,1,1,中核経路
異なる射影,5,20265849,類似文,今日の天気は最高だ,node,301,0,50,6,6,1.0,6,1,1,中核経路
異なる射影,5,20265849,類似文,今日の天気は最高だ,node,182,50,50,1,1,1.0,1,1,1,定着した成長経路
異なる射影,5,20265849,類似文,今日の天気は最高だ,node,184,0,50,6,6,1.0,6,1,1,中核経路
異なる射影,5,20265849,類似文,今日の天気は最高だ,node,569,20,50,2,2,1.0,2,1,1,定着した成長経路
異なる射影,5,20265849,類似文,今日の天気は最高だ,node,200,0,50,6,6,1.0,6,1,1,中核経路
異なる射影,5,20265849,類似文,今日の天気は最高だ,node,584,0,50,6,6,1.0,6,1,1,中核経路
異なる射影,5,20265849,類似文,今日の天気は最高だ,node,74,0,50,6,6,1.0,6,1,1,中核経路
異なる射影,5,20265849,類似文,今日の天気は最高だ,node,330,0,50,6,6,1.0,6,1,1,中核経路
異なる射影,5,20265849,類似文,今日の天気は最高だ,node,341,0,50,6,6,1.0,6,1,1,中核経路
異なる射影,5,20265849,類似文,今日の天気は最高だ,node,375,0,50,6,6,1.0,6,1,1,中核経路
異なる射影,5,20265849,類似文,今日の天気は最高だ,node,248,0,50,6,6,1.0,6,1,1,中核経路
異なる射影,5,20265849,類似文,今日の天気は最高だ,node,225,20,50,2,2,1.0,2,1,1,定着した成長経路
異なる射影,5,20265849,類似文,今日の天気は最高だ,node,485,0,50,6,6,1.0,6,1,1,中核経路
異なる射影,5,20265849,類似文,今日の天気は最高だ,node,233,0,50,6,6,1.0,6,1,1,中核経路
異なる射影,5,20265849,類似文,今日の天気は最高だ,node,490,0,50,6,6,1.0,6,1,1,中核経路
異なる射影,5,20265849,類似文,今日の天気は最高だ,node,236,50,50,1,1,1.0,1,1,1,定着した成長経路
異なる射影,5,20265849,類似文,今日の天気は最高だ,node,366,0,50,6,6,1.0,6,1,1,中核経路
異なる射影,5,20265849,類似文,今日の天気は最高だ,node,113,0,50,6,6,1.0,6,1,1,中核経路
異なる射影,5,20265849,類似文,今日の天気は最高だ,node,114,0,50,6,6,1.0,6,1,1,中核経路
異なる射影,5,20265849,類似文,今日の天気は最高だ,node,119,0,50,6,6,1.0,6,1,1,中核経路
異なる射影,5,20265849,類似文,今日の天気は最高だ,node,120,0,50,6,6,1.0,6,1,1,中核経路
異なる射影,5,20265849,類似文,今日の天気は最高だ,node,505,10,50,3,3,1.0,3,1,1,定着した成長経路
異なる射影,5,20265849,類似文,今日の天気は最高だ,node,379,0,50,6,6,1.0,6,1,1,中核経路
異なる射影,5,20265849,類似文,今日の天気は最高だ,node,382,0,50,6,6,1.0,6,1,1,中核経路
異なる射影,5,20265849,類似文,今日の天気は最高だ,edge,"[120, 248]",0,50,6,6,1.0,6,1,1,中核経路
異なる射影,5,20265849,類似文,今日の天気は最高だ,edge,"[169, 393]",50,50,1,1,1.0,1,1,1,定着した成長経路
異なる射影,5,20265849,類似文,今日の天気は最高だ,edge,"[74, 113]",0,50,6,6,1.0,6,1,1,中核経路
異なる射影,5,20265849,類似文,今日の天気は最高だ,edge,"[330, 423]",0,50,6,6,1.0,6,1,1,中核経路
異なる射影,5,20265849,類似文,今日の天気は最高だ,edge,"[301, 396]",0,50,6,6,1.0,6,1,1,中核経路
異なる射影,5,20265849,類似文,今日の天気は最高だ,edge,"[182, 393]",50,50,1,1,1.0,1,1,1,定着した成長経路
異なる射影,5,20265849,類似文,今日の天気は最高だ,edge,"[113, 379]",0,50,6,6,1.0,6,1,1,中核経路
異なる射影,5,20265849,類似文,今日の天気は最高だ,edge,"[200, 505]",10,50,3,3,1.0,3,1,1,定着した成長経路
異なる射影,5,20265849,類似文,今日の天気は最高だ,edge,"[160, 225]",20,50,2,2,1.0,2,1,1,定着した成長経路
異なる射影,5,20265849,類似文,今日の天気は最高だ,edge,"[375, 485]",0,50,6,6,1.0,6,1,1,中核経路
異なる射影,5,20265849,類似文,今日の天気は最高だ,edge,"[119, 556]",0,50,6,6,1.0,6,1,1,中核経路
異なる射影,5,20265849,類似文,今日の天気は最高だ,edge,"[160, 490]",1,50,5,5,1.0,5,1,1,定着した成長経路
異なる射影,5,20265849,類似文,今日の天気は最高だ,edge,"[396, 544]",0,50,6,6,1.0,6,1,1,中核経路
異なる射影,5,20265849,類似文,今日の天気は最高だ,edge,"[233, 236]",50,50,1,1,1.0,1,1,1,定着した成長経路
異なる射影,5,20265849,類似文,今日の天気は最高だ,edge,"[150, 293]",0,50,6,6,1.0,6,1,1,中核経路
異なる射影,5,20265849,類似文,今日の天気は最高だ,edge,"[341, 556]",0,50,6,6,1.0,6,1,1,中核経路
異なる射影,5,20265849,類似文,今日の天気は最高だ,edge,"[2, 556]",0,50,6,6,1.0,6,1,1,中核経路
異なる射影,5,20265849,類似文,今日の天気は最高だ,edge,"[2, 379]",10,50,3,3,1.0,3,1,1,定着した成長経路
異なる射影,5,20265849,類似文,今日の天気は最高だ,edge,"[200, 382]",0,50,6,6,1.0,6,1,1,中核経路
異なる射影,5,20265849,類似文,今日の天気は最高だ,edge,"[184, 490]",0,50,6,6,1.0,6,1,1,中核経路
異なる射影,5,20265849,類似文,今日の天気は最高だ,edge,"[248, 285]",0,50,6,6,1.0,6,1,1,中核経路
異なる射影,5,20265849,類似文,今日の天気は最高だ,edge,"[114, 150]",0,50,6,6,1.0,6,1,1,中核経路
異なる射影,5,20265849,類似文,今日の天気は最高だ,edge,"[301, 544]",20,50,2,2,1.0,2,1,1,定着した成長経路
異なる射影,5,20265849,類似文,今日の天気は最高だ,edge,"[184, 569]",20,50,2,2,1.0,2,1,1,定着した成長経路
異なる射影,5,20265849,類似文,今日の天気は最高だ,edge,"[0, 290]",0,50,6,6,1.0,6,1,1,中核経路
異なる射影,5,20265849,類似文,今日の天気は最高だ,edge,"[330, 366]",0,50,6,6,1.0,6,1,1,中核経路
異なる射影,5,20265849,類似文,今日の天気は最高だ,edge,"[301, 382]",0,50,6,6,1.0,6,1,1,中核経路
異なる射影,5,20265849,類似文,今日の天気は最高だ,edge,"[114, 293]",20,50,2,2,1.0,2,1,1,定着した成長経路
異なる射影,5,20265849,類似文,今日の天気は最高だ,edge,"[119, 341]",0,50,6,6,1.0,6,1,1,中核経路
異なる射影,5,20265849,類似文,今日の天気は最高だ,edge,"[485, 490]",0,50,6,6,1.0,6,1,1,中核経路
異なる射影,5,20265849,類似文,今日の天気は最高だ,edge,"[233, 375]",0,50,6,6,1.0,6,1,1,中核経路
異なる射影,5,20265849,類似文,今日の天気は最高だ,edge,"[0, 393]",0,50,6,6,1.0,6,1,1,中核経路
異なる射影,5,20265849,無関係文,犬は公園を走っている,node,515,0,50,6,6,1.0,6,1,1,中核経路
異なる射影,5,20265849,無関係文,犬は公園を走っている,node,7,0,20,5,6,0.83333333,5,0,0,一時経路
異なる射影,5,20265849,無関係文,犬は公園を走っている,node,393,5,50,4,4,1.0,4,1,1,定着した成長経路
異なる射影,5,20265849,無関係文,犬は公園を走っている,node,269,0,50,6,6,1.0,6,1,1,中核経路
異なる射影,5,20265849,無関係文,犬は公園を走っている,node,15,0,50,6,6,1.0,6,1,1,中核経路
異なる射影,5,20265849,無関係文,犬は公園を走っている,node,399,0,50,6,6,1.0,6,1,1,中核経路
異なる射影,5,20265849,無関係文,犬は公園を走っている,node,536,0,50,6,6,1.0,6,1,1,中核経路
異なる射影,5,20265849,無関係文,犬は公園を走っている,node,545,0,50,6,6,1.0,6,1,1,中核経路
異なる射影,5,20265849,無関係文,犬は公園を走っている,node,36,0,50,6,6,1.0,6,1,1,中核経路
異なる射影,5,20265849,無関係文,犬は公園を走っている,node,164,0,50,6,6,1.0,6,1,1,中核経路
異なる射影,5,20265849,無関係文,犬は公園を走っている,node,292,0,50,6,6,1.0,6,1,1,中核経路
異なる射影,5,20265849,無関係文,犬は公園を走っている,node,169,0,50,6,6,1.0,6,1,1,中核経路
異なる射影,5,20265849,無関係文,犬は公園を走っている,node,43,0,50,6,6,1.0,6,1,1,中核経路
異なる射影,5,20265849,無関係文,犬は公園を走っている,node,302,0,50,6,6,1.0,6,1,1,中核経路
異なる射影,5,20265849,無関係文,犬は公園を走っている,node,177,0,50,6,6,1.0,6,1,1,中核経路
異なる射影,5,20265849,無関係文,犬は公園を走っている,node,182,50,50,1,1,1.0,1,1,1,定着した成長経路
異なる射影,5,20265849,無関係文,犬は公園を走っている,node,318,0,50,6,6,1.0,6,1,1,中核経路
異なる射影,5,20265849,無関係文,犬は公園を走っている,node,451,0,50,6,6,1.0,6,1,1,中核経路
異なる射影,5,20265849,無関係文,犬は公園を走っている,node,579,0,50,6,6,1.0,6,1,1,中核経路
異なる射影,5,20265849,無関係文,犬は公園を走っている,node,583,0,50,6,6,1.0,6,1,1,中核経路
異なる射影,5,20265849,無関係文,犬は公園を走っている,node,586,0,50,6,6,1.0,6,1,1,中核経路
異なる射影,5,20265849,無関係文,犬は公園を走っている,node,81,0,50,6,6,1.0,6,1,1,中核経路
異なる射影,5,20265849,無関係文,犬は公園を走っている,node,83,0,50,6,6,1.0,6,1,1,中核経路
異なる射影,5,20265849,無関係文,犬は公園を走っている,node,349,0,50,6,6,1.0,6,1,1,中核経路
異なる射影,5,20265849,無関係文,犬は公園を走っている,node,352,0,50,6,6,1.0,6,1,1,中核経路
異なる射影,5,20265849,無関係文,犬は公園を走っている,node,354,0,50,6,6,1.0,6,1,1,中核経路
異なる射影,5,20265849,無関係文,犬は公園を走っている,node,99,0,50,6,6,1.0,6,1,1,中核経路
異なる射影,5,20265849,無関係文,犬は公園を走っている,node,357,0,50,6,6,1.0,6,1,1,中核経路
異なる射影,5,20265849,無関係文,犬は公園を走っている,node,109,0,50,6,6,1.0,6,1,1,中核経路
異なる射影,5,20265849,無関係文,犬は公園を走っている,node,379,50,50,1,1,1.0,1,1,1,定着した成長経路
異なる射影,5,20265849,無関係文,犬は公園を走っている,node,511,0,50,6,6,1.0,6,1,1,中核経路
異なる射影,5,20265849,無関係文,犬は公園を走っている,edge,"[36, 349]",0,50,6,6,1.0,6,1,1,中核経路
異なる射影,5,20265849,無関係文,犬は公園を走っている,edge,"[99, 579]",0,50,6,6,1.0,6,1,1,中核経路
異なる射影,5,20265849,無関係文,犬は公園を走っている,edge,"[83, 177]",0,50,6,6,1.0,6,1,1,中核経路
異なる射影,5,20265849,無関係文,犬は公園を走っている,edge,"[169, 393]",5,50,4,4,1.0,4,1,1,定着した成長経路
異なる射影,5,20265849,無関係文,犬は公園を走っている,edge,"[15, 451]",0,50,6,6,1.0,6,1,1,中核経路
異なる射影,5,20265849,無関係文,犬は公園を走っている,edge,"[81, 399]",0,20,5,6,0.83333333,5,0,0,一時経路
異なる射影,5,20265849,無関係文,犬は公園を走っている,edge,"[43, 357]",0,50,6,6,1.0,6,1,1,中核経路
異なる射影,5,20265849,無関係文,犬は公園を走っている,edge,"[164, 354]",0,50,6,6,1.0,6,1,1,中核経路
異なる射影,5,20265849,無関係文,犬は公園を走っている,edge,"[36, 379]",50,50,1,1,1.0,1,1,1,定着した成長経路
異なる射影,5,20265849,無関係文,犬は公園を走っている,edge,"[177, 269]",0,50,6,6,1.0,6,1,1,中核経路
異なる射影,5,20265849,無関係文,犬は公園を走っている,edge,"[169, 545]",0,50,6,6,1.0,6,1,1,中核経路
異なる射影,5,20265849,無関係文,犬は公園を走っている,edge,"[182, 393]",50,50,1,1,1.0,1,1,1,定着した成長経路
異なる射影,5,20265849,無関係文,犬は公園を走っている,edge,"[292, 515]",0,50,6,6,1.0,6,1,1,中核経路
異なる射影,5,20265849,無関係文,犬は公園を走っている,edge,"[7, 318]",0,20,5,6,0.83333333,5,0,0,一時経路
異なる射影,5,20265849,無関係文,犬は公園を走っている,edge,"[164, 399]",0,50,6,6,1.0,6,1,1,中核経路
異なる射影,5,20265849,無関係文,犬は公園を走っている,edge,"[81, 511]",0,50,6,6,1.0,6,1,1,中核経路
異なる射影,5,20265849,無関係文,犬は公園を走っている,edge,"[357, 586]",0,50,6,6,1.0,6,1,1,中核経路
異なる射影,5,20265849,無関係文,犬は公園を走っている,edge,"[15, 352]",0,50,6,6,1.0,6,1,1,中核経路
異なる射影,5,20265849,無関係文,犬は公園を走っている,edge,"[349, 545]",0,50,6,6,1.0,6,1,1,中核経路
異なる射影,5,20265849,無関係文,犬は公園を走っている,edge,"[109, 292]",0,50,6,6,1.0,6,1,1,中核経路
異なる射影,5,20265849,無関係文,犬は公園を走っている,edge,"[302, 579]",0,50,6,6,1.0,6,1,1,中核経路
異なる射影,5,20265849,無関係文,犬は公園を走っている,edge,"[318, 511]",0,50,6,6,1.0,6,1,1,中核経路
異なる射影,5,20265849,無関係文,犬は公園を走っている,edge,"[83, 269]",0,50,6,6,1.0,6,1,1,中核経路
